KEY,NOTES,JAPANESE
ACTION.DRINK_FROM_RIVER,,川の水
ACTION.JOB.BUTCHER_CREATURE,,屠殺している
ACTION.JOB.CLEAR_GROUND,,{{targetPlant}}を伐採している
ACTION.JOB.CONSTRUCT_FLOORING,,床を敷いている
ACTION.JOB.CONSTRUCT_FURNITURE,,{{profession.verb}} {{targetDescription}}
ACTION.JOB.CONSTRUCT_MECHANISM,,器械を設置している
ACTION.JOB.CONSTRUCT_PIPING,,配管を設置している
ACTION.JOB.CONSTRUCT_ROOFING,,屋根を設置している
ACTION.JOB.CREATE_GENERIC,,{{targetDescription}}を作成している
ACTION.JOB.DECONSTRUCT,,{{targetDescription}} を削除している
ACTION.JOB.DECONSTRUCT_MECHANISM,,器械を削除している
ACTION.JOB.DECONSTRUCT_PIPING,,配管を削除している
ACTION.JOB.DECONSTRUCT_ROOFING,,屋根を削除している
ACTION.JOB.DIGGING,,{{targetDescription}}を掘削している
ACTION.JOB.DUMP_LIQUID_FROM_CONTAINER,,{{targetDescription}}を空にしている
ACTION.JOB.EXTINGUISH_FLAMES,,消火している
ACTION.JOB.FILL_GRAVE,,を埋めている
ACTION.JOB.FISHING,,釣りをしている
ACTION.JOB.GENERIC,,{{profession.verb}} {{targetDescription}}
ACTION.JOB.HARVESTING,,{{targetPlant}}を収穫している
ACTION.JOB.INNOCULATE_MUSHROOM_LOG,,キノコの胞子を注入している
ACTION.JOB.LOGGING,,{{profession.verb}} {{targetPlant}}
ACTION.JOB.PLANTING,,{{requiredItem}}を植えている
ACTION.JOB.REMOVE_PESTS_FROM_CROP,,{{targetPlant}}の害虫を駆除している
ACTION.JOB.SHOVELLING,,{{targetDescription}}を掘っている
ACTION.JOB.TILLING,,大地を耕している
ACTION.JOB.TRANSFER_LIQUID,,{{targetDescription}}を満たしている
ACTION.KNOCKED_UNCONSCIOUS,,意識を失っている
ACTION.MALTING.VERB,,溶融している
ACTION.PREPARATION.VERB,,準備している
ACTION.SELECT_JOB.DESCRIPTION,,仕事を探している
ACTION.SLEEP_ON_FLOOR.DESCRIPTION,,{{tileDescription}}で眠っている
ACTION.STUNNED,,スタンしている
ARMOUR.LEATHER,,
ARMOUR.LEATHER.TOOLTIP,,
ARMOUR.ORC.HEAVY,,
ARMOUR.ORC.LIGHT,,
ARMOUR.PLATE,,
ARMOUR.PLATE.TOOLTIP,,
ASHES.NOUN,,灰
BODY_STRUCTURE.ABDOMEN,,腹部
BODY_STRUCTURE.ARM,,腕
BODY_STRUCTURE.CEPHALOTHORAX,,
BODY_STRUCTURE.DAMAGE.BLEEDING,,出血:
BODY_STRUCTURE.DAMAGE.BROKENBONES,,骨折:
BODY_STRUCTURE.DAMAGE.BRUISED,,痣になっている:
BODY_STRUCTURE.DAMAGE.DESTROYED,,破壊された:
BODY_STRUCTURE.DAMAGE.NOT_INJURED,,
BODY_STRUCTURE.DISCRIMINATOR.BACKLEFT,,後方左
BODY_STRUCTURE.DISCRIMINATOR.BACKRIGHT,,後方右
BODY_STRUCTURE.DISCRIMINATOR.FIRSTLEFT,,
BODY_STRUCTURE.DISCRIMINATOR.FIRSTRIGHT,,
BODY_STRUCTURE.DISCRIMINATOR.FOURTHLEFT,,
BODY_STRUCTURE.DISCRIMINATOR.FOURTHRIGHT,,
BODY_STRUCTURE.DISCRIMINATOR.FRONTLEFT,,前方左
BODY_STRUCTURE.DISCRIMINATOR.FRONTRIGHT,,前方右
BODY_STRUCTURE.DISCRIMINATOR.LEFT,,左
BODY_STRUCTURE.DISCRIMINATOR.RIGHT,,右
BODY_STRUCTURE.DISCRIMINATOR.SECONDLEFT,,
BODY_STRUCTURE.DISCRIMINATOR.SECONDRIGHT,,
BODY_STRUCTURE.DISCRIMINATOR.THIRDLEFT,,
BODY_STRUCTURE.DISCRIMINATOR.THIRDRIGHT,,
BODY_STRUCTURE.FOOT,,足
BODY_STRUCTURE.HAND,,手
BODY_STRUCTURE.HEAD,,頭
BODY_STRUCTURE.HOOF,,蹄
BODY_STRUCTURE.LEFT-ARM,,
BODY_STRUCTURE.LEFT-HAND,,
BODY_STRUCTURE.LEG,,脚
BODY_STRUCTURE.ORGAN.BRAIN,,脳
BODY_STRUCTURE.ORGAN.EYE,,目
BODY_STRUCTURE.ORGAN.HEART,,心臓
BODY_STRUCTURE.ORGAN.INTESTINES,,腸
BODY_STRUCTURE.ORGAN.KIDNEY,,腎臓
BODY_STRUCTURE.ORGAN.LUNG,,肺
BODY_STRUCTURE.ORGAN_DAMAGE.DESTROYED,,破壊された:
BODY_STRUCTURE.ORGAN_DAMAGE.HEAVY,,重傷:
BODY_STRUCTURE.ORGAN_DAMAGE.LIGHT,,軽傷:
BODY_STRUCTURE.PAW,,肉球
BODY_STRUCTURE.RIGHT-ARM,,
BODY_STRUCTURE.RIGHT-HAND,,
BODY_STRUCTURE.TORSO,,胸
BODY_STRUCTURE.TRUNK,,
BONE.BONE,,骨
CARCASS.CARP.PREPARED.NOUN,,コイの切り身
CARCASS.CARP.PREPARED.PLURAL,,コイの切り身
CARCASS.GROUP,,死体
CARCASS.HIDE.NOUN,,
CARCASS.HIDE.PLURAL,,
CARCASS.MEAT.LARGE,,食肉(大)
CARCASS.MEAT.MEDIUM,,食肉(中)
CARCASS.MEAT.SMALL,,食肉(小)
CARCASS.PERCH.PREPARED.NOUN,,パーチの切り身
CARCASS.PERCH.PREPARED.PLURAL,,パーチの切り身
CARCASS.PIKE.PREPARED.NOUN,,マスの切り身
CARCASS.PIKE.PREPARED.PLURAL,,マスの切り身
CLOTH.BRONZED_HEMP,,麻
CLOTH.HEMP-LINEN,,麻
CLOTH.LIGHT_HEMP,,麻
CLOTH.TOBACCO_CLOTH,,タバコの葉
COMBAT.DAMAGE_TYPE.CRUSHING,,
COMBAT.DAMAGE_TYPE.SLASHING,,
COMBAT.DAMAGE_TYPE.STABBING,,
COMBAT.DESCRIPTION.FLEEING,,
COMBAT.DESCRIPTION.GENERIC,,
COMBAT.DESCRIPTION.VERSUS_OPPONENT,,
CONSTRUCTION.DESCRIPTION,,{{materialType.adjective}} {{furnitureType.noun}}(建築中)
CONSTRUCTION.REQUIREMENT_ALLOCATION,,
CONSTRUCTION.REQUIREMENT_RECIPE_MULTIPLE,,
CONSTRUCTION.REQUIREMENT_RECIPE_SINGULAR,,
CONSTRUCTION.STATUS.CLEARING_WORK_SITE,,邪魔なものを撤去している
CONSTRUCTION.STATUS.CLEARING_WORK_SITE.TOOLTIP,,何か構築の邪魔になるものがあるため、先にそれらを撤去する必要があります。
CONSTRUCTION.STATUS.SELECTING_MATERIALS,, {{materialType}} {{itemDescription.plural}} がより多く必要
CONSTRUCTION.STATUS.WAITING_FOR_COMPLETION,,建築している
CONSTRUCTION.STATUS.WAITING_FOR_RESOURCES,,資材の到着を待っている
COOKING.BREAD.DESCRIPTION,,{{materialDescription}}のパン
COOKING.DUAL_INGREDIENT.DESCRIPTION,,{{materialOne}} と {{materialTwo}}
COOKING.RATION.DESCRIPTION,,
COOKING.SOUP.DESCRIPTION,,{{materialDescription}}のスープ
COOKING.TRIPLE_INGREDIENT.DESCRIPTION,,{{materialOne}}、 {{materialTwo}}と {{materialThree}}
CRAFTING_TYPE.BAKING,,粉からパンを焼く
CRAFTING_TYPE.BLACKSMITHING,,金属製品を製造する
CRAFTING_TYPE.BONE_CRAFTING,,
CRAFTING_TYPE.CARPENTRY,,木製品を製造する
CRAFTING_TYPE.CARVING_VERB,,
CRAFTING_TYPE.COKE_OVEN_BAKING,,石炭をコークスにする
CRAFTING_TYPE.FERMENTING,,ビールを発酵させる
CRAFTING_TYPE.FINE_DETAIL_CRAFTING,,
CRAFTING_TYPE.FLETCHING,,弓矢を製造する
CRAFTING_TYPE.LEATHERWORKING,,
CRAFTING_TYPE.MALTING,,モルツを加工する
CRAFTING_TYPE.MALT_MASHING,,モルツを糖化する
CRAFTING_TYPE.MILLING,,粉を挽く
CRAFTING_TYPE.MINTING,,
CRAFTING_TYPE.ORE_CRUSHING,,鉱石を砕く
CRAFTING_TYPE.SMELTING,,金属を製錬する
CRAFTING_TYPE.STONEMASONRY,,石を加工する
CRAFTING_TYPE.TANNING_HIDE,,
CRAFTING_TYPE.WEAPONSMITHING,,
CRAFTING_TYPE.WEAVING,,布製品を製造する
CRAFTING_TYPE.WOODCUTTING,,丸太を加工する
CRAFTING_TYPE.WORT_BREWING,,ビールを醸造する
CREATURE.DAMAGE.DESCRIPTION_A,,{{damageType}} {{bodyPart}}
CREATURE.DAMAGE.DESCRIPTION_B,,{{damageType}} {{discriminator}} {{bodyPart}}
CREATURE.DESCRIPTION,,{{gender.adjective}} {{race.noun}}
CREATURE.STATUS.BLINDED,,盲目になっている
CREATURE.STATUS.DEAD,,死んでいる
CROP.AFFLICTED_BY_PESTS,,害虫が発生しています
CROP.AFFLICTED_BY_PESTS.TOOLTIP,,この作物には害虫が発生しており、{{PROFESSION.FARMER}}によって駆除されなければやがて枯死する可能性があります。
CROP.DESCRIPTION,,{{materialType.noun}}
CROP.HARVEST_PROGRESS,,
CROP.MOISTURE_STATE.DROUGHTED,,この植物は長い間水が与えられていないため、成長が止まっています
CROP.MOISTURE_STATE.NEEDS_WATERING,,この植物は水が不足しており、成長が遅くなっています
CROP.MOISTURE_STATE.NEEDS_WATERING.TOOLTIP,,水路を掘ることによって周囲2タイル分の土地を灌漑し、継続的に水を与え続けることができます。
CROP.MOISTURE_STATE.WATERED,,この植物には十分な水が与えられており、成長速度が高まっています
DEATH_REASON.BURNING,,熱傷
DEATH_REASON.CRITICAL_ORGAN_DAMAGE,,内蔵損傷
DEATH_REASON.CRUSHED_BY_FALLING_DEBRIS,,落下物
DEATH_REASON.DEHYDRATION,,脱水症状
DEATH_REASON.EXHAUSTION,,極度の疲労
DEATH_REASON.EXTENSIVE_INJURIES,,
DEATH_REASON.FOOD_POISONING,,食中毒
DEATH_REASON.FROZEN,,低体温症
DEATH_REASON.GIVEN_UP_ON_LIFE,,生きることを諦めたこと
DEATH_REASON.INTERNAL_BLEEDING,,出血多量
DEATH_REASON.KILLED_BY_ENTITY,,
DEATH_REASON.MURDERED.UNKNOWN_KILLER,,
DEATH_REASON.STARVATION,,飢餓
DEATH_REASON.SUFFOCATION,,窒息
DEATH_REASON.UNKNOWN,,不可思議な事態
EARTH.DIRT,,土
EARTH.GRASS,,草地
EFFECT.FIRE,,
ENTITY.DESTRUCTION_DESCRIPTION.BURNED,,火によって損壊
ENTITY.DESTRUCTION_DESCRIPTION.COMBAT_DAMAGE,,
ENTITY.DESTRUCTION_DESCRIPTION.OXIDISED,,長期に渡って雨に晒されたことによる損壊
FACTION.HOSTILE_INVASION,,
FACTION.MERCHANTS,,
FACTION.MONSTERS,,
FACTION.PIRATES,,
FACTION.SETTLEMENT,,
FACTION.SETTLEMENT.ANIMAL,,
FACTION.WILD_ANIMALS,,
FLOOR.CHANNEL.DESCRIPTION,,灌漑水路 ({{state}})
FLOOR.CHANNEL.DESCRIPTION.TOOLTIP,,灌漑水路は周囲2タイルの作物に水を供給することができます。汲み上げポンプを作り、パイプで水路と接続してください。
FLOOR.CHANNEL.STATE.EMPTY,,空
FLOOR.CHANNEL.STATE.FULL,,満水
FLOOR.CHANNEL.STATE.PARTIALLY_FILLED,,注水中
FLOOR.COBBLESTONE,,石畳
FLOOR.DESCRIPTION,,{{floorType.noun}}
FLOOR.DIRT,,土
FLOOR.GRASS,,草地
FLOOR.GRAVEL,,砂利
FLOOR.PIPE.DESCRIPTION,,{{material}}配管({{state}})
FLOOR.POWER.DESCRIPTION,,{{entity}} - 動力を{{powerAmount}}伝達中
FLOOR.RIVER,,川
FLOOR.ROUGH_STONE,,粗い岩の床
FLOOR.SNOW,,積雪
FLOOR.STONE_PAVING,,敷石
FLOOR.STONE_SLAB,,石板
FLOOR.TILLED_EARTH,,耕作地
FLOOR.UNEXPLORED,,未知
FLOOR.WOODEN,,木の床
FOODSTUFF.ROCKBREAD,,岩石パン
FOODSTUFF.ROCKBREAD.TOOLTIP,,カビが生えることなく長期に渡って保存が可能であり、そしてまたほとんど噛み砕けないほどに堅い、悪名高いパンです。人間の探検家であるJ.A.モファットは、このパンを食べることを「沼の底から砂利を掘り出して噛むようなもの」と表現しました。幸いなことに、ほとんどのドワーフは気にすることなく食べます。
FOODSTUFF.WHEAT-BREAD,,小麦
FUEL.SACK,,燃料
FUEL.SACK.TOOLTIP,,燃料は{{FURNITURE.BLOOMERY_FURNACE}}と{{FURNITURE.FORGE}}を用いた金属加工に必要になります。
FURNITURE.ARCHERY_TARGET,,
FURNITURE.ARCHERY_TARGET.TOOLTIP,,
FURNITURE.ARMOUR_STAND,,
FURNITURE.ARMOUR_STAND.TOOLTIP,,
FURNITURE.ARTISAN_WORKSTATION,,
FURNITURE.ARTISAN_WORKSTATION.TOOLTIP,,
FURNITURE.BAKERS_WORKTOP,,パン焼き作業台
FURNITURE.BAKERS_WORKTOP.TOOLTIP,,{{PROFESSION.CHEF}}が{{RESOURCE.FLOUR.SACK.PLURAL}}を{{INGREDIENT.DOUGH}}に加工するために必要です。
FURNITURE.BAKING_OVEN,,パン焼き窯
FURNITURE.BAKING_OVEN.TOOLTIP,,{{PROFESSION.CHEF}}が{{INGREDIENT.DOUGH}}を焼いてパンを作るために必要です。
FURNITURE.BEER_TAPPER,,ビール注ぎ口
FURNITURE.BEER_TAPPER.STATE.BEER_AVAILABLE,,ビールが利用可能
FURNITURE.BEER_TAPPER.STATE.BEER_BARREL_INCOMING,,ビール樽を輸送中
FURNITURE.BEER_TAPPER.STATE.BEER_EXHAUSTED,,ビールがなくなりました
FURNITURE.BEER_TAPPER.STATE.IDLE,,待機中(ビールがありません)
FURNITURE.BEER_TAPPER.TOOLTIP,,発酵した{{LIQUID.BEER}}をグラスに注ぐ注ぎ口です。
FURNITURE.BLOOMERY_FURNACE,,製錬所
FURNITURE.BLOOMERY_FURNACE.TOOLTIP,,{{PROFESSION.BLACKSMITH}}は{{RESOURCE.ORE.CRUSHED.PLURAL}}と{{FUEL.SACK}}を投入し、{{MATERIAL_TYPE.METAL.ADJECTIVE}} {{RESOURCE.METAL.INGOT.PLURAL}}を製錬します。
FURNITURE.BONE_CRAFTING_BENCH,,
FURNITURE.BONE_CRAFTING_BENCH.TOOLTIP,,
FURNITURE.BREW_KETTLE,,煮沸器
FURNITURE.BREW_KETTLE.TOOLTIP,,{{FURNITURE.MASH_TUN}}の麦汁に{{VEGETABLE.HOPS}}を加えて加熱し、煮沸済みの麦汁(すなわち、未発酵のビール)を作ります。
FURNITURE.BUTCHERY_WORKTOP,,食肉加工台
FURNITURE.BUTCHERY_WORKTOP.TOOLTIP,,魚や動物の死体を食料に加工します。
FURNITURE.BUYING_PALLET,,
FURNITURE.BUYING_PALLET.TOOLTIP,,
FURNITURE.CARPENTRY_WORKBENCH,,家具製造台
FURNITURE.CARPENTRY_WORKBENCH.TOOLTIP,,{{PRODUCT.BUCKET.PLURAL}}や{{PRODUCT.BARREL.PLURAL}}のような木製品を加工します。
FURNITURE.CAULDRON,,大釜
FURNITURE.CAULDRON.TOOLTIP,,入植者たちに大量のスープを提供する大釜です。{{ROOMS.KITCHEN}}で調理され、{{ROOMS.FEASTING_HALL}}に移されたものが食卓に供されます。
FURNITURE.CHAIR,,椅子
FURNITURE.CHAIR.TOOLTIP,,
FURNITURE.CHARCOAL_CLAMP,,炭焼き所
FURNITURE.CHARCOAL_CLAMP.TOOLTIP,,{{MATERIAL_TYPE.EARTH}}で覆われた{{RESOURCE.LOGS.PLURAL}}の山です。火を付けて{{ORE.CHARCOAL.NOUN}}を生産でき、{{FUEL.SACK}}として利用できます。
FURNITURE.COKE_OVEN,,コークス窯
FURNITURE.COKE_OVEN.TOOLTIP,,コークス窯は{{ORE.BITUMINOUS_COAL.NOUN}}を{{ORE.COKE.NOUN}}にすることができ、{{FUEL.SACK}}として使用できます。
FURNITURE.DESCRIPTION,,{{materialType.adjective}} {{furnitureType.noun}}
FURNITURE.DESCRIPTION.GENERIC_PROGRESS,,進捗中:{{progress}}%
FURNITURE.DESCRIPTION.MUSHROOM_INNOCULATION_IN_PROGRESS,,キノコを播種中:{{progress}}%
FURNITURE.DESCRIPTION.SHOCKING_IN_PROGRESS,,進捗中:{{progress}}%
FURNITURE.DESCRIPTION.WAITING_FOR_ITEM,,{{itemType.noun}}の到着を待っている
FURNITURE.DESCRIPTION.WAITING_FOR_LIQUID,,充填されるまで待っている
FURNITURE.DESCRIPTION.WAITING_FOR_MUSHROOM_SPAWN,,キノコの播種を待っている
FURNITURE.DOUGH_PROOFING_TABLE,,
FURNITURE.DOUGH_PROOFING_TABLE.TOOLTIP,,
FURNITURE.EXPORT_PALLET,,
FURNITURE.EXPORT_PALLET.TOOLTIP,,
FURNITURE.FEASTING_TABLE,,饗宴の食卓
FURNITURE.FEASTING_TABLE.TOOLTIP,,{{FURNITURE.CHAIR}}を配置すると、入植者はこのテーブルで食事を楽しみます。
FURNITURE.FERMENTATION_TANK,,発酵桶
FURNITURE.FERMENTATION_TANK.TOOLTIP,,{{LIQUID.HOPPED_WORT}}を{{LIQUID.BEER}}に変えるのに必要な桶です。
FURNITURE.FISH_BARREL,,
FURNITURE.FISH_BARREL.TOOLTIP,,
FURNITURE.FLETCHERS_WORKBENCH,,弓矢製造台
FURNITURE.FLETCHERS_WORKBENCH.TOOLTIP,,
FURNITURE.FLOUR_MILL,,粉挽き台
FURNITURE.FLOUR_MILL.TOOLTIP,,{{VEGETABLE.WHEAT}}を{{RESOURCE.FLOUR.SACK.NOUN}}にし、{{PROFESSION.CHEF}}の使用する食材にすることができる場所です。
FURNITURE.FORGE,,鍛冶台
FURNITURE.FORGE.TOOLTIP,,{{PROFESSION.BLACKSMITH}}が{{MATERIAL_TYPE.METAL.ADJECTIVE}} {{RESOURCE.METAL.INGOT.PLURAL}}と{{FUEL.SACK}}を使って武器や道具を作るための場所です。
FURNITURE.GRAVE,,墓
FURNITURE.GRAVE.TOOLTIP,,死んだ入植者のための急ごしらえの墓です。{{MATERIAL_TYPE.EARTH}}にのみ掘ることができます。
FURNITURE.HITCHING_POST,,
FURNITURE.HITCHING_POST.TOOLTIP,,
FURNITURE.IMPORT_PALLET,,
FURNITURE.IMPORT_PALLET.TOOLTIP,,
FURNITURE.INVADER_CAMPFIRE,,
FURNITURE.KITCHEN_WORKTOP,,調理台
FURNITURE.KITCHEN_WORKTOP.TOOLTIP,,スープを作るために{{PROFESSION.CHEF}}が作業を行う場所です。
FURNITURE.LANTERN,,ランタン
FURNITURE.LANTERN.TOOLTIP,,ランタンは光を提供します。今の所、ゲーム内での効果はありません。
FURNITURE.LEATHERWORKING_STATION,,
FURNITURE.LEATHERWORKING_STATION.TOOLTIP,,
FURNITURE.LEDGER_TABLE,,
FURNITURE.LEDGER_TABLE.TOOLTIP,,
FURNITURE.LOOM,,織機
FURNITURE.LOOM.TOOLTIP,,
FURNITURE.MALTING_STATION,,麦汁製造台
FURNITURE.MALTING_STATION.TOOLTIP,,醸造者が大麦を煮た後で乾燥させ、麦芽を作るための場所です
FURNITURE.MASH_TUN,,糖化桶
FURNITURE.MASH_TUN.TOOLTIP,,粉砕した麦芽と水から麦汁(未発酵のビール)を作る場所です。
FURNITURE.MUSHROOM_LOG,,キノコ培地
FURNITURE.MUSHROOM_LOG.TOOLTIP,,おいしくてジューシーなキノコを栽培するために{{INGREDIENT.MUSHROOM.SPAWN.PLURAL}}を注入した丸太です。
FURNITURE.MUSHROOM_SHOCK_TANK,,発生促進タンク
FURNITURE.MUSHROOM_SHOCK_TANK.TOOLTIP,,キノコを播種後、水を満たしたこのタンクに{{FURNITURE.MUSHROOM_LOG}}を置くことによってキノコのコロニーに「刺激」を与え、発生を促進します。
FURNITURE.ORE_CRUSHING_STATION,,鉱石破砕所
FURNITURE.ORE_CRUSHING_STATION.TOOLTIP,,{{RESOURCE.ORE.UNREFINED.PLURAL}}をより小さな欠片になるまで砕き、{{FURNITURE.BLOOMERY_FURNACE}}で加工可能にするための場所です。
FURNITURE.PILLAR,,柱
FURNITURE.PILLAR.TOOLTIP,,柱は採掘した洞窟の天井が崩れるのを防ぐために必要です。7x7タイルより広い部屋は柱やその他の支えになるものがなければ、いずれ崩壊します。
FURNITURE.RETTING_TANK,,紡績タンク
FURNITURE.RETTING_TANK.TOOLTIP,,{{VEGETABLE.HEMP}}から有用な繊維を取り出すために必要なタンクです。
FURNITURE.SARCOPHAGUS,,石棺
FURNITURE.SARCOPHAGUS.TOOLTIP,,精緻な作りの石棺です。かつて入植者であった故人はここで最後の安息を得ます。
FURNITURE.SELLING_PALLET,,
FURNITURE.SELLING_PALLET.TOOLTIP,,
FURNITURE.SERVING_TABLE,,サービングテーブル
FURNITURE.SERVING_TABLE.TOOLTIP,,{{FURNITURE.BAKING_OVEN}}で焼いた後、{{PRODUCT.BREAD.LOAF.PLURAL}}を切り分けるために使われる台です。
FURNITURE.SINGLE_BED,,ベッド
FURNITURE.SINGLE_BED.TOOLTIP,,夜を快適に過ごすなら、ベッドが一番です。
FURNITURE.SINGLE_DOOR,,ドア
FURNITURE.SINGLE_DOOR_FRAME,,ドアフレーム
FURNITURE.SLEEPING_SPOT,,寝床
FURNITURE.SLEEPING_SPOT.TOOLTIP,,入植者を眠らせる床です。寝るのに快適とは言えません！
FURNITURE.STONEMASON_WORKBENCH,,石細工台
FURNITURE.STONEMASON_WORKBENCH.TOOLTIP,,{{PROFESSION.STONEMASON}}が{{MATERIAL_TYPE.STONE.ADJECTIVE}}を加工するために必要です。
FURNITURE.TANNING_FRAME,,
FURNITURE.TANNING_FRAME.TOOLTIP,,
FURNITURE.TRADE_BANNER,,
FURNITURE.TRADE_BANNER.TOOLTIP,,
FURNITURE.TRAINING_DUMMY,,
FURNITURE.TRAINING_DUMMY.TOOLTIP,,
FURNITURE.WAGON_PARKED,,
FURNITURE.WATERWHEEL,,水車
FURNITURE.WATERWHEEL.PLURAL,,
FURNITURE.WATERWHEEL.TOOLTIP,,{{PRODUCT.STONE.GEAR.PLURAL}}とシャフトを使って動力を引き出します。川の横に設置する必要があります。
FURNITURE.WATER_BARREL,,水タル
FURNITURE.WATER_BARREL.TOOLTIP,,川のような天然の水源に行かなくても、水タルから入植者たちに水を飲ませることができます。
FURNITURE.WATER_PUMP,,汲み上げポンプ
FURNITURE.WATER_PUMP.PLURAL,,
FURNITURE.WATER_PUMP.TOOLTIP,,配管を使い、川の水を他の場所に移します。
FURNITURE.WEAPON_RACK,,
FURNITURE.WEAPON_RACK.TOOLTIP,,
FURNITURE.WELL,,井戸
FURNITURE.WELL.TOOLTIP,,井戸は水源になります。使用するには配管を敷設する必要があります。
FURNITURE.WINDMILL,,風車
FURNITURE.WINDMILL.PLURAL,,
FURNITURE.WINDMILL.TOOLTIP,,{{PRODUCT.STONE.GEAR.PLURAL}}とシャフトを使って動力を引き出します。
FURNITURE.WOODCUTTERS_BENCH,,製材台
FURNITURE.WOODCUTTERS_BENCH.TOOLTIP,, {{PROFESSION.WOODCUTTER}}が{{RESOURCE.LOGS.PLURAL}}を{{RESOURCE.PLANKS.PLURAL}}にするために必要な場所です。
GEM.AMETHYST.ADJECTIVE,,アメジストの
GEM.AMETHYST.NOUN,,アメジスト
GEM.AMETHYST.TOOLTIP,,紫色のクオーツの一種です。古代の人類にとって、アメジストは泥酔を防ぐ魔術的なお守りでした。この宝石がドワーフ文化においてあまり好まれないのはそれが理由です。
GEM.AMMOLITE.ADJECTIVE,,アンモライトの
GEM.AMMOLITE.NOUN,,アンモライト
GEM.AMMOLITE.TOOLTIP,,赤と緑が目立つ虹色をした、オパールのような宝石です。「狩猟石」という名でも知られ、狩りに幸運をもたらすお守りとされています。
GEM.AQUAMARINE.ADJECTIVE,,アクアマリンの
GEM.AQUAMARINE.NOUN,,アクアマリン
GEM.AQUAMARINE.TOOLTIP,,澄んだ青色のベリルです。人間の中には、この宝石が海の危険に対して魔術的保護を提供してくれると考えるものもいます。闇の時代において、とある古代の魔術師が空と氷の魔法を使って交易船を守っていたからです。
GEM.BIXBITE.ADJECTIVE,,ビックスバイトの
GEM.BIXBITE.NOUN,,ビックスバイト
GEM.BIXBITE.TOOLTIP,,レッドベリルとも呼ばれる非常に希少な宝石です。よく赤いエメラルドと間違われます。
GEM.CINNABAR.ADJECTIVE,,辰砂の
GEM.CINNABAR.NOUN,,辰砂
GEM.CINNABAR.TOOLTIP,,水銀の鉱石で、真紅の宝飾品として用いられます。また、赤い染料を得るためにも使われます。
GEM.CITRINE.ADJECTIVE,,シトリンの
GEM.CITRINE.NOUN,,シトリン
GEM.CITRINE.TOOLTIP,,黄色みを帯びたクオーツの一種です。金と似た色の宝石であるために、ほとんどのドワーフにとってシトリンは幸運の象徴です。
GEM.DIAMOND.ADJECTIVE,,ダイアモンドの
GEM.DIAMOND.NOUN,,ダイアモンド
GEM.DIAMOND.TOOLTIP,,"知られている中でもっとも硬い物質であり、宝石の中でもっとも重要な七天石のひとつです。ダイヤモンドは""スピリット""もしくは""エーテル""と呼ばれるとらえどころのない物質の、その最も凝縮された形であると考えられています。"
GEM.EMERALD.ADJECTIVE,,エメラルドの
GEM.EMERALD.NOUN,,エメラルド
GEM.EMERALD.TOOLTIP,,鮮やかな緑のベリルです。エメラルドの彫刻は大不幸をもたらすと考えられています。エメラルドは元素としての生命、そして魔法と深い関わりがあります。
GEM.GARNET.ADJECTIVE,,ガーネットの
GEM.GARNET.NOUN,,ガーネット
GEM.GARNET.TOOLTIP,,ガーネットは深い赤色をしたさまざまな宝石の総称です。ガーネットのうちのいくつかは、実際には火の元素が凝縮されたものです。
GEM.JADE.ADJECTIVE,,翡翠の
GEM.JADE.NOUN,,翡翠
GEM.JADE.TOOLTIP,,装飾品として広く用いられている明るい緑色の鉱石です。エルフは翡翠を使って腸の病気に効く薬を作ることが知られています。
GEM.JASPER.ADJECTIVE,,ジャスパーの
GEM.JASPER.NOUN,,ジャスパー
GEM.JASPER.TOOLTIP,,不純物の混じった石英で、いくつか色の異なる種類を持ちますが一般的には赤色です。ジャスパーはさまざまな色味のために、オークの装飾品として好まれます。
GEM.LABRADORITE.ADJECTIVE,,ラブラドライトの
GEM.LABRADORITE.NOUN,,ラブラドライト
GEM.LABRADORITE.TOOLTIP,,ぱっと見には淡い青色をした、真珠のように輝く石です。ごくまれに、光の反射によって様々な色に変わるものがあります。
GEM.LAPIS.ADJECTIVE,,ラピスラズリの
GEM.LAPIS.NOUN,,ラピスラズリ
GEM.LAPIS.TOOLTIP,,貴石として使われる、美しい濃青色を持つ石です。
GEM.MAGNESITE.ADJECTIVE,,マグネサイトの
GEM.MAGNESITE.NOUN,,マグネサイト
GEM.MAGNESITE.TOOLTIP,,宝飾品としてビーズに加工される石です。これらのビーズは染料を用いて、さまざまな色で染められます。
GEM.MOONSTONE.ADJECTIVE,,ムーンストーンの
GEM.MOONSTONE.NOUN,,ムーンストーン
GEM.MOONSTONE.TOOLTIP,,月光を浴びた石が変質するものであると考えられています。エルフが好む宝石です。
GEM.MORGANITE.ADJECTIVE,,モルガナイトの
GEM.MORGANITE.NOUN,,モルガナイト
GEM.MORGANITE.TOOLTIP,,バラ色のベリルです。神話の時代、特に富裕な商人にちなんで名付けられました。
GEM.OPAL.ADJECTIVE,,オパールの
GEM.OPAL.NOUN,,オパール
GEM.OPAL.TOOLTIP,,石英の一種であり、海の魔法が込められているとされています。船員や漁師が好みます。
GEM.PAINITE.ADJECTIVE,,ペイナイトの
GEM.PAINITE.NOUN,,ペイナイト
GEM.PAINITE.TOOLTIP,,非常に希少価値の高い宝石で、しばしばくすんだ色のサファイアと誤認されます。その結晶は自然に六角形を形成し、戦術家に好まれます。
GEM.RHODOCHROSITE.ADJECTIVE,,ロードクロサイトの
GEM.RHODOCHROSITE.NOUN,,ロードクロサイト
GEM.RHODOCHROSITE.TOOLTIP,,赤だったりピンクだったり、様々な色合いを持つ宝石です。他の宝石に比べて硬度が低く、指輪などの傷つきかねない宝飾品に使うのは良い考えではありません。
GEM.ROCK_CRYSTAL.ADJECTIVE,,ロッククリスタルの
GEM.ROCK_CRYSTAL.NOUN,,ロッククリスタル
GEM.ROCK_CRYSTAL.TOOLTIP,,最も純粋な石英です。ロッククリスタルは凝縮された氷の元素であると考えられており、魔法のアーティファクトによく用いられます。
GEM.RUBY.ADJECTIVE,,ルビーの
GEM.RUBY.NOUN,,ルビー
GEM.RUBY.TOOLTIP,,七天石の一つ、ルビーは固体となった火の元素です。
GEM.SAPPHIRE.ADJECTIVE,,サファイアの
GEM.SAPPHIRE.NOUN,,サファイア
GEM.SAPPHIRE.TOOLTIP,,サファイアを身に着けている者は悪魔から身を守れると広く信じられています。また空や空気に関連する魔法と関わりがあるため、魔法使いに大きな需要があります。
GEM.SPINEL.ADJECTIVE,,スピネルの
GEM.SPINEL.NOUN,,スピネル
GEM.SPINEL.TOOLTIP,,よくルビーやサファイアのような天石と混同されていますが、スピネルは色に応じてさまざまな元素を表す弱い魔法が込められた石です。
GEM.TANZANITE.ADJECTIVE,,タンザナイトの
GEM.TANZANITE.NOUN,,タンザナイト
GEM.TANZANITE.TOOLTIP,,青色と紫色の間を行き来する、希少価値の高い宝石です。死神から身を守ることができると考えられています。
GEM.TOPAZ.ADJECTIVE,,トパーズの
GEM.TOPAZ.NOUN,,トパーズ
GEM.TOPAZ.TOOLTIP,,ときどきより一般的な{{GEM.CITRINE.NOUN}}と混同されますが、トパーズはいくつかの色を持つものの普通は黄色がかった茶色です。この宝石が最初に発見された島は、もはや存在しません。
GEM.TOURMALINE.ADJECTIVE,,トルマリンの
GEM.TOURMALINE.NOUN,,トルマリン
GEM.TOURMALINE.TOOLTIP,,{{ORE.CASSITERITE.ADJECTIVE}}鉱石に混じって発見されることの多い宝石です。大地の魔法に関連付けられることがあります。
GEM.TURQUOISE.ADJECTIVE,,ターコイズの
GEM.TURQUOISE.NOUN,,ターコイズ
GEM.TURQUOISE.TOOLTIP,,装飾品として良く使われる青緑色の鉱石です。持つものに幸運をもたらすとされています。時々、大地の元素を込められることがあります。
GOAL.ABANDON_JOB.DESCRIPTION,,タスクを放棄している
GOAL.ADD_TO_INVENTORY.DESCRIPTION,,{{targetDescription}}を取得している
GOAL.COMBAT.DESCRIPTION,,{{targetDescription}}を攻撃している
GOAL.DRINK.DESCRIPTION,,{{targetDescription}}を飲んでいる
GOAL.DUMP_LIQUID.DESCRIPTION,,{{targetDescription}}から液体を排出している
GOAL.EAT.DESCRIPTION,,{{targetDescription}} を食べている
GOAL.EXTINGUISH_FIRE.DESCRIPTION,,着火している
GOAL.FLEE_FROM_AGGRESSOR.DESCRIPTION,,{{targetDescription}}から逃げている
GOAL.HAULING.DESCRIPTION,,{{targetDescription}}を運んでいる
GOAL.IDLE.DESCRIPTION,,何もしていない
GOAL.INVADER.CREATE_CAMP.DESCRIPTION,,
GOAL.INVADER.RETREAT.DESCRIPTION,,
GOAL.INVADER.STEAL_RESOURCES.DESCRIPTION,,
GOAL.MILITARY.ATTACK_TARGET.DESCRIPTION,,
GOAL.MILITARY.STAND_IN_FORMATION.DESCRIPTION,,
GOAL.MILITARY.TRAINING.DESCRIPTION,,
GOAL.ON_FIRE.DESCRIPTION,,炎上している！
GOAL.REFILL_WATERSKIN.DESCRIPTION,,
GOAL.SLEEP.DESCRIPTION,,眠ろうとしている
GOAL.TRANSFER_LIQUID.DESCRIPTION,,{{targetZoneMaterial}}を運んでいる
GUI.ADD_REMOVE_TILES,,タイルの追加/削除
GUI.ADD_TILES,,タイル追加
GUI.AMBIENT_EFFECT_VOLUME,,
GUI.AVAILABLE_PROGRESS_BAR,,
GUI.BACK_LABEL,,戻る
GUI.BUILD.BRIDGE,,架橋
GUI.BUILD.DOORS,,ドア
GUI.BUILD.FLOOR,,床
GUI.BUILD.PILLARS,,
GUI.BUILD.PIPING,,配管
GUI.BUILD.POWER,,動力
GUI.BUILD.ROOFING,,屋根
GUI.BUILD.WALLS,,壁
GUI.BUILD_FURNITURE,,建造物
GUI.BUILD_LABEL,,建築
GUI.CANCEL_LABEL,,取消
GUI.CHANGE_PROFESSION_LABEL,,職業を割り当てる
GUI.CHANGE_WEAPON_LABEL,,武器を選択
GUI.COMBAT_LABEL,,
GUI.CONSTRUCTION_LABEL,,
GUI.CRAFTING_MANAGEMENT.MAINTAINING_TEXT,,生産目標
GUI.CRAFTING_MANAGEMENT.SUBTITLE,,
GUI.CRAFTING_MANAGEMENT.TABLE.CRAFTED_WITH,,
GUI.CRAFTING_MANAGEMENT.TABLE.ITEM,,
GUI.CRAFTING_MANAGEMENT.TABLE.MANAGEMENT,,
GUI.CRAFTING_MANAGEMENT.TABLE.MANAGEMENT.LIMIT,,
GUI.CRAFTING_MANAGEMENT.TABLE.MANAGEMENT.QUANTITY,,
GUI.CRAFTING_MANAGEMENT.TABLE.MANAGEMENT.QUANTITY.DECREMENT,,
GUI.CRAFTING_MANAGEMENT.TABLE.MANAGEMENT.QUANTITY.INCREMENT,,
GUI.CRAFTING_MANAGEMENT.TITLE,,クラフト
GUI.CRAFTING_MANAGEMENT.TOTAL_QUANTITY_ACTUAL,,現在の所持数:{{quantity}}個
GUI.CRAFTING_MANAGEMENT.TOTAL_QUANTITY_HINT,,(全体で{{quantity}}個)
GUI.CREDITS.AND_YOU_TITLE,,
GUI.CREDITS.DEVELOPERS.CHARACTER_ART,,
GUI.CREDITS.DEVELOPERS.CONCEPT_ART,,
GUI.CREDITS.DEVELOPERS.ENVIRONMENT_ART,,
GUI.CREDITS.DEVELOPERS.LEAD_DESIGN,,
GUI.CREDITS.DEVELOPERS.LEAD_UI,,
GUI.CREDITS.DEVELOPERS.MUSIC,,
GUI.CREDITS.DEVELOPERS.MUSIC_ADDITIONAL,,
GUI.CREDITS.DEVELOPERS.PROGRAMMING,,
GUI.CREDITS.DEVELOPERS.SPECIAL_THANKS,,
GUI.CREDITS.FOUNDING_BACKERS_TITLE,,
GUI.CREDITS.PATREON_KICKSTARTER_TITLE,,
GUI.CREDITS.TRANSLATORS_TITLE,,
GUI.CROP_SELECTION,,Crop:
GUI.CROP_SELECTION.DESCRIPTION,,
GUI.CROP_SELECTION.PLANTING_HINT.SEASONS_0,,
GUI.CROP_SELECTION.PLANTING_HINT.SEASONS_1,,
GUI.CROP_SELECTION.PLANTING_HINT.SEASONS_2,,
GUI.CROP_SELECTION.PLANTING_HINT.SEASONS_3,,
GUI.CROP_SELECTION.PLANTING_HINT.SEASONS_4,,
GUI.DATE_TIME_YEAR_LABEL,,{{year}}年目/{{dayNumber}}日目/{{timeOfDay}}
GUI.DAY_LABEL,,
GUI.DECONSTRUCT_LABEL,,破壊
GUI.DIALOG.CANCEL_BUTTON,,キャンセル
GUI.DIALOG.CONFIRM,,
GUI.DIALOG.CONFIRM_DELETE_SAVE,,{{name}}を削除してもよろしいですか？
GUI.DIALOG.DISMISS,,非表示
GUI.DIALOG.ERROR_ROOM_NAME_ALREADY_EXISTS,,その名前のルームは既に存在します。
GUI.DIALOG.ERROR_SAVE_INCOMPATIBLE,,このバージョンのゲームと互換性がないため、保存ファイルをロードできませんでした。
GUI.DIALOG.ERROR_TITLE,,エラーが発生しました
GUI.DIALOG.ERROR_WHILE_LOADING,,ゲームの読み込み中に予期しないエラーが発生しました。
GUI.DIALOG.ERROR_WHILE_SAVING,,ゲームの保存中に予期しないエラーが発生しました。
GUI.DIALOG.HIDE_FURTHER_NOTIFICATIONS,,
GUI.DIALOG.INFO_TITLE,,情報
GUI.DIALOG.JUMP_TO,,その場所へ移動
GUI.DIALOG.LANGUAGE_TRANSLATION_INCOMPLETE,,選択された言語の翻訳は現在不完全なため、一部のテキストが欠落しています。 代替言語が使用されます。
GUI.DIALOG.MOD_CHANGES_OUTSTANDING,,Mod構成が変更されました。変更はゲームの再起動後に有効化されます。
GUI.DIALOG.MOD_INCOMPATIBLE,,このバージョンと互換性が無いため、無効になっているModがあります。 更新はModメニューで確認することができます。
GUI.DIALOG.OK_BUTTON,,OK
GUI.DIALOG.RENAME_ROOM_TITLE,,部屋の名前を変更する
GUI.DIALOG.RENAME_SETTLER_TITLE,,入植者の名前を変更する
GUI.DIALOG.RESTART_REQUIRED,,変更を有効にするには、ゲームを再起動する必要があります。
GUI.DIALOG.SETTLEMENT_NAME_ALREADY_IN_USE,,{{name}}の名前でセーブしたゲームが存在します。新しいゲームを開始すると、既存のセーブファイルが上書きされます。続けますか？
GUI.DIALOG.SETTLEMENT_NAME_NOT_SPECIFIED,,入植地の名前を決める必要があります。
GUI.DIALOG.STOCKPILE_MANAGEMENT.TITLE,,貯蔵所の設定:
GUI.EMBARK.DISCORD_LINK,,クリックでDiscord communityに加入します
GUI.EMBARK.MAP_SEED,,
GUI.EMBARK.MAP_SIZE,,
GUI.EMBARK.MAP_SIZE.LARGE,,
GUI.EMBARK.MAP_SIZE.MEDIUM,,
GUI.EMBARK.MAP_SIZE.SMALL,,
GUI.EMBARK.PEACEFUL_MODE,,
GUI.EMBARK.SETTLEMENT_NAME,,
GUI.EMBARK.START,,開始！
GUI.EMBARK.TITLE,,
GUI.EMPTY_CONTAINER_LABEL,,空にする
GUI.EMPTY_CONTAINER_LABEL.BEING_ACTIONED,,空にしている
GUI.EMPTY_CONTAINER_LABEL.HINT,,この容器の中身を地面に捨てます。
GUI.FURNITURE_ASSIGNED_TO,,{{name}}に割り当て済
GUI.FURNITURE_BEING_REMOVED,,撤去しようとしている
GUI.FURNITURE_REQUIREMENT.ALL_MATERIALS,,
GUI.FURNITURE_REQUIREMENT.SPECIFIED_MATERIALS,,
GUI.GRAPHICS.FULLSCREEN,,画面設定
GUI.GRAPHICS.RESOLUTION,,解像度
GUI.INVASION_LABEL,,
GUI.ITEM.WEAPON_ARMOR_NEGATION_DESCRIPTION,,
GUI.ITEM.WEAPON_ATTACK_DESCRIPTION,,
GUI.KEY_BINDING.DEBUG_FRAME_BUFFER_0,,
GUI.KEY_BINDING.DEBUG_FRAME_BUFFER_1,,
GUI.KEY_BINDING.DEBUG_FRAME_BUFFER_2,,
GUI.KEY_BINDING.DEBUG_FRAME_BUFFER_3,,
GUI.KEY_BINDING.DEBUG_FRAME_BUFFER_4,,
GUI.KEY_BINDING.DEBUG_FRAME_BUFFER_5,,
GUI.KEY_BINDING.DEBUG_FRAME_BUFFER_6,,
GUI.KEY_BINDING.DEBUG_FRAME_BUFFER_7,,
GUI.KEY_BINDING.DEBUG_FRAME_BUFFER_8,,
GUI.KEY_BINDING.DEBUG_FRAME_BUFFER_9,,
GUI.KEY_BINDING.DEBUG_GAME_SPEED_SLOW,,
GUI.KEY_BINDING.DEBUG_GAME_SPEED_ULTRA_FAST,,
GUI.KEY_BINDING.DEBUG_HIDE_GUI,,
GUI.KEY_BINDING.DEBUG_SHOW_INDIVIDUAL_LIGHTING_BUFFERS,,
GUI.KEY_BINDING.DEBUG_SHOW_JOB_STATUS,,
GUI.KEY_BINDING.DEBUG_SHOW_LIQUID_FLOW,,
GUI.KEY_BINDING.DEBUG_SHOW_MENU,,
GUI.KEY_BINDING.DEBUG_SHOW_PATHFINDING_NODES,,
GUI.KEY_BINDING.DEBUG_SHOW_ZONES,,
GUI.KEY_BINDING.DEBUG_TOGGLE_FLOOR_OVERLAP_RENDERING,,
GUI.KEY_BINDING.FAST_PAN,,
GUI.KEY_BINDING.GAME_SPEED_FAST,,
GUI.KEY_BINDING.GAME_SPEED_FASTER,,
GUI.KEY_BINDING.GAME_SPEED_FASTEST,,
GUI.KEY_BINDING.GAME_SPEED_NORMAL,,
GUI.KEY_BINDING.PAN_CAMERA_DOWN,,
GUI.KEY_BINDING.PAN_CAMERA_LEFT,,
GUI.KEY_BINDING.PAN_CAMERA_RIGHT,,
GUI.KEY_BINDING.PAN_CAMERA_UP,,
GUI.KEY_BINDING.PAUSE,,
GUI.KEY_BINDING.QUICKLOAD,,
GUI.KEY_BINDING.QUICKSAVE,,
GUI.KEY_BINDING.ROTATE,,
GUI.KEY_BINDING.ZOOM_IN,,
GUI.KEY_BINDING.ZOOM_OUT,,
GUI.LEAVE_CROP_FALLOW,,なし(休耕地)
GUI.LOAD_GAME.TABLE.COPY_SEED,,
GUI.LOAD_GAME.TABLE.DATE_TIME,,最終更新
GUI.LOAD_GAME.TABLE.DELETE,,削除
GUI.LOAD_GAME.TABLE.GAME_TIME,,時間
GUI.LOAD_GAME.TABLE.PLAY,,
GUI.LOAD_GAME.TABLE.SETTLEMENT_NAME,,名前
GUI.LOAD_GAME.TABLE.VERSION,,バージョン
GUI.LOAD_GAME.TITLE,,ロード
GUI.MAP_SEED.COPY_TO_CLIPBOARD,,クリップボードにコピー
GUI.MAP_SEED_DISPLAY,,現在のマップシード:
GUI.MECHANISM.SHAFT.HORIZONTAL,,水平
GUI.MECHANISM.SHAFT.VERTICAL,,垂直
GUI.MILITARY.DIALOG.ADD_SQUAD,,
GUI.MILITARY.DIALOG.CHOOSE_EMBLEM,,
GUI.MILITARY.DIALOG.RENAME_SQUAD,,
GUI.MILITARY.DIALOG.SELECT_SQUAD,,
GUI.MILITARY.NEW_SQUAD,,
GUI.MILITARY.ORDERS,,
GUI.MILITARY.ORDERS.ATTACK,,
GUI.MILITARY.ORDERS.CANCEL_ATTACK,,
GUI.MILITARY.ORDERS.GUARD,,
GUI.MILITARY.ORDERS.RETREAT,,
GUI.MILITARY.ORDERS.TRAIN,,
GUI.MILITARY.REMOVE_SQUAD,,
GUI.MILITARY.REMOVE_SQUAD.DIALOG,,
GUI.MILITARY.SET_FORMATION,,
GUI.MILITARY.SET_ORDERS,,
GUI.MILITARY.TAB.DWARVES,,
GUI.MILITARY.TAB.SQUADS,,
GUI.MILITARY.TAB.TRAINED_CIVILIANS,,
GUI.MINIMAP.LABEL,,ミニマップ
GUI.MUSIC_VOLUME,,
GUI.NEXT_LABEL,,次
GUI.NON_ROTATABLE_FURNITURE.HINT,,この建築物は、現在のバージョンでは回転できません
GUI.OK_LABEL,,OK
GUI.OPTIONS.AUDIO.TITLE,,サウンドオプション
GUI.OPTIONS.GAMEPLAY.HIDE_TREES_OBSCURING_SETTLERS,,木によって入植者が隠れてしまうとき、木を透明にする
GUI.OPTIONS.GAMEPLAY.TITLE,,ゲームプレイオプション
GUI.OPTIONS.GAMEPLAY.USE_EDGE_SCROLLING,,カーソルが画面の端にあるときにスクロールする
GUI.OPTIONS.GAMEPLAY.ZOOM_TO_CURSOR,,ズーム中にカーソルに合わせてスクロールする
GUI.OPTIONS.GRAPHICS.FULLSCREENMODE.BORDERLESS_FULLSCREEN,,ボーダーレス
GUI.OPTIONS.GRAPHICS.FULLSCREENMODE.EXCLUSIVE_FULLSCREEN,,排他的フルスクリーン
GUI.OPTIONS.GRAPHICS.FULLSCREENMODE.WINDOWED,,ウインドウモード
GUI.OPTIONS.GRAPHICS.TITLE,,グラフィックオプション
GUI.OPTIONS.GRAPHICS.WEATHER_EFFECTS,,
GUI.OPTIONS.GRAPHICS.WEATHER_EFFECTS_TOOLTIP,,
GUI.OPTIONS.KEY_BINDINGS,,
GUI.OPTIONS.MISC.CRASH_REPORTING_ENABLED,,
GUI.OPTIONS.MISC.TITLE,,その他のオプション
GUI.OPTIONS.MISC.TUTORIAL_ENABLED,,
GUI.OPTIONS.RESET,,
GUI.OPTIONS.TAB.AUDIO,,音声
GUI.OPTIONS.TAB.GAMEPLAY,,ゲームプレイ
GUI.OPTIONS.TAB.GRAPHICS,,グラフィック
GUI.OPTIONS.TAB.MISC,,その他
GUI.OPTIONS.TAB.TWITCH,,Twitch
GUI.OPTIONS.TWITCH.ACCOUNT_LABEL,,Twitchアカウント:
GUI.OPTIONS.TWITCH.CODE_LABEL,,コード
GUI.OPTIONS.TWITCH.CONNECTED_LABEL,,Twitchアカウントと連携済
GUI.OPTIONS.TWITCH.DISCONNECT,,連携を解除
GUI.OPTIONS.TWITCH.DISCONNECTED_LABEL,,Twitchアカウントと連携していません
GUI.OPTIONS.TWITCH.ENABLED,,Twitchとの連携を有効にする
GUI.OPTIONS.TWITCH.GENERAL_ERROR,,Twitchとの接続にエラーが発生しました
GUI.OPTIONS.TWITCH.LINK_ACCOUNT_BUTTON,,
GUI.OPTIONS.TWITCH.PRIORITISE_SUBSCRIBERS,,サブスクライブ者に優先権を与える
GUI.OPTIONS.TWITCH.SUBMIT_BUTTON,,送信
GUI.OPTIONS.TWITCH.TITLE,,Twitchとの連携機能
GUI.OPTIONS.TWITCH.VIEWERS_AS_SETTLERS,,入植者の名前として視聴者名を使用
GUI.OPTIONS.TWITCH.VIEWERS_LABEL,,
GUI.ORDERS.CHOP_WOOD,,伐採
GUI.ORDERS.CLEAR_GROUND,,整地
GUI.ORDERS.DIG_CHANNELS,,水路掘削
GUI.ORDERS.DIG_CHANNELS.TOOLTIP,,地面を掘削し、水路を作ります。
GUI.ORDERS.EXTINGUISH_FLAMES,,消火
GUI.ORDERS.EXTINGUISH_FLAMES.TOOLTIP,,燃えている火を消します。
GUI.ORDERS.HARVEST_PLANTS,,収穫
GUI.ORDERS.HUNT,,狩猟
GUI.ORDERS.HUNT.TOOLTIP,,動物を選ぶと、入植者はそれを狩ろうとします。
GUI.ORDERS.MINE,,採掘
GUI.ORDERS_LABEL,,命令
GUI.PLACE_BRIDGE.HINT,,橋は川の両側を覆い、少なくとも3x3タイルのサイズでなければなりません
GUI.POWER_LABEL,,
GUI.POWER_WATER_INFO,,
GUI.PRIORITY_LABEL,,優先度
GUI.PRODUCTION_EXPORT.CHOOSE_ITEM_TYPE,,
GUI.PRODUCTION_EXPORT.LIMIT.REACHED,,
GUI.PRODUCTION_IMPORT.CHOOSE_ITEM_TYPE,,
GUI.REMOVE_LABEL,,除去
GUI.REMOVE_TILES,,タイル縮小
GUI.RESOURCE_MANAGEMENT.ALL_OF,,
GUI.RESOURCE_MANAGEMENT.AVAILABLE,,
GUI.RESOURCE_MANAGEMENT.AVAILABLE_OF_TOTAL,,
GUI.RESOURCE_MANAGEMENT.ITEM_ALLOCATION_PURPOSE.CONTENTS_TO_BE_DUMPED,,
GUI.RESOURCE_MANAGEMENT.ITEM_ALLOCATION_PURPOSE.CONTENTS_TO_BE_DUMPED.PLURAL,,
GUI.RESOURCE_MANAGEMENT.ITEM_ALLOCATION_PURPOSE.DUE_TO_BE_HAULED,,
GUI.RESOURCE_MANAGEMENT.ITEM_ALLOCATION_PURPOSE.DUE_TO_BE_HAULED.PLURAL,,
GUI.RESOURCE_MANAGEMENT.ITEM_ALLOCATION_PURPOSE.EQUIPPED,,
GUI.RESOURCE_MANAGEMENT.ITEM_ALLOCATION_PURPOSE.EQUIPPED.PLURAL,,
GUI.RESOURCE_MANAGEMENT.ITEM_ALLOCATION_PURPOSE.FOOD_ALLOCATION,,
GUI.RESOURCE_MANAGEMENT.ITEM_ALLOCATION_PURPOSE.FOOD_ALLOCATION.PLURAL,,
GUI.RESOURCE_MANAGEMENT.ITEM_ALLOCATION_PURPOSE.HAULING,,
GUI.RESOURCE_MANAGEMENT.ITEM_ALLOCATION_PURPOSE.HAULING.PLURAL,,
GUI.RESOURCE_MANAGEMENT.ITEM_ALLOCATION_PURPOSE.HELD_IN_INVENTORY,,
GUI.RESOURCE_MANAGEMENT.ITEM_ALLOCATION_PURPOSE.HELD_IN_INVENTORY.PLURAL,,
GUI.RESOURCE_MANAGEMENT.ITEM_ALLOCATION_PURPOSE.ON_FIRE,,
GUI.RESOURCE_MANAGEMENT.ITEM_ALLOCATION_PURPOSE.ON_FIRE.PLURAL,,
GUI.RESOURCE_MANAGEMENT.ITEM_ALLOCATION_PURPOSE.PLACED_FOR_CONSTRUCTION,,
GUI.RESOURCE_MANAGEMENT.ITEM_ALLOCATION_PURPOSE.PLACED_FOR_CONSTRUCTION.PLURAL,,
GUI.RESOURCE_MANAGEMENT.ITEM_ALLOCATION_PURPOSE.PRODUCTION_IMPORT,,
GUI.RESOURCE_MANAGEMENT.ITEM_ALLOCATION_PURPOSE.PRODUCTION_IMPORT.PLURAL,,
GUI.RESOURCE_MANAGEMENT.ITEM_ALLOCATION_PURPOSE.PRODUCTION_OUTPUT,,
GUI.RESOURCE_MANAGEMENT.ITEM_ALLOCATION_PURPOSE.PRODUCTION_OUTPUT.PLURAL,,
GUI.RESOURCE_MANAGEMENT.QUANTIFIED_ITEM,,
GUI.RESOURCE_MANAGEMENT.SEARCH,,
GUI.RESOURCE_MANAGEMENT.SORT_BY,,
GUI.RESOURCE_MANAGEMENT.TITLE,,資源
GUI.RESOURCE_MANAGEMENT.TOTAL,,
GUI.RESOURCE_MANAGEMENT.UNALLOCATED_LABEL,,利用可能:{{count}}
GUI.ROOFING.ADD,,追加
GUI.ROOMS_LABEL,,
GUI.ROTATE_FURNITURE.HINT,,(R) を押すと建築物を回転させます
GUI.SAVING_PROMPT,,セーブ中…
GUI.SELECT_WEAPON.LABEL,,
GUI.SETTINGS.LABEL,,設定
GUI.SETTLER_MANAGEMENT.CHOOSE_ARMOUR,,
GUI.SETTLER_MANAGEMENT.CHOOSE_SHIELD,,
GUI.SETTLER_MANAGEMENT.CHOOSE_WEAPON,,
GUI.SETTLER_MANAGEMENT.HAPPINESS,,
GUI.SETTLER_MANAGEMENT.IMMIGRATION,,
GUI.SETTLER_MANAGEMENT.MAIN_HAND.STATUS,,
GUI.SETTLER_MANAGEMENT.OFF_HAND.STATUS,,
GUI.SETTLER_MANAGEMENT.OFF_HAND.TWO_HANDED_WEAPON,,
GUI.SETTLER_MANAGEMENT.POPULATION_STATISTICS,,
GUI.SETTLER_MANAGEMENT.PROFESSION.CIVILIAN,,
GUI.SETTLER_MANAGEMENT.PROFESSION.MILITARY,,
GUI.SETTLER_MANAGEMENT.PROFESSION.VILLAGER,,
GUI.SETTLER_MANAGEMENT.SEARCH,,
GUI.SETTLER_MANAGEMENT.SORT.HAPPINESS,,
GUI.SETTLER_MANAGEMENT.SORT.MILITARY_CIVILIAN,,
GUI.SETTLER_MANAGEMENT.SORT.NAME,,
GUI.SETTLER_MANAGEMENT.SORT.SKILL_LEVEL,,
GUI.SETTLER_MANAGEMENT.SORT_BY,,
GUI.SETTLER_MANAGEMENT.TITLE,,入植者
GUI.SOUND_EFFECT_VOLUME,,
GUI.UI_SCALE,,UIスケール:
GUI.VIEW_MODE.DEFAULT,,
GUI.VIEW_MODE.JOB_PRIORITY,,
GUI.VIEW_MODE.MECHANISMS,,
GUI.VIEW_MODE.PIPING,,
GUI.VIEW_MODE.ROOFING_INFO,,
GUI.VIEW_ROADMAP,,開発ロードマップを見る
GUI.YEAR_LABEL,,
HAPPINESS_MODIFIER.ALCOHOL_WITHDRAWAL,,酔いが醒めている
HAPPINESS_MODIFIER.ATE_NICELY_PREPARED_FOOD,,おいしい食事を食べた
HAPPINESS_MODIFIER.BLEEDING,,大量に出血した
HAPPINESS_MODIFIER.CARRIED_DEAD_BODY,,死体を運んだ
HAPPINESS_MODIFIER.CAUGHT_IN_RAIN,,雨に濡れた
HAPPINESS_MODIFIER.DRANK_ALCOHOL,,気持ちよく酔った
HAPPINESS_MODIFIER.DRANK_FROM_RIVER,,川の水を飲んだ
HAPPINESS_MODIFIER.DYING_OF_HUNGER,,飢えている
HAPPINESS_MODIFIER.DYING_OF_THIRST,,脱水症状に陥った
HAPPINESS_MODIFIER.HAD_A_TANTRUM,,かんしゃくを起こした
HAPPINESS_MODIFIER.NEW_SETTLEMENT_OPTIMISM,,新しい入植地に希望を抱いている
HAPPINESS_MODIFIER.ON_FIRE,,熱傷を負った
HAPPINESS_MODIFIER.POISONED,,毒を受けた
HAPPINESS_MODIFIER.SAW_DEAD_BODY,,死体を見た
HAPPINESS_MODIFIER.SLEEPING_IN_RAIN,,雨の中で眠った
HAPPINESS_MODIFIER.SLEEPING_IN_SNOW,,雪の中で眠った
HAPPINESS_MODIFIER.SLEPT_IN_BED,,
HAPPINESS_MODIFIER.SLEPT_ON_GROUND,,荒れた地面の上で眠った
HAPPINESS_MODIFIER.SLEPT_OUTSIDE,,星の下で眠った
HAPPINESS_MODIFIER.TITLE,,幸福度:
HAPPINESS_MODIFIER.VERY_HUNGRY,,とても空腹
HAPPINESS_MODIFIER.VERY_THIRSTY,,とても渇いている
HAPPINESS_MODIFIER.VERY_TIRED,,非常に疲れている
HAPPINESS_MODIFIER.WORKED_IN_ENCLOSED_ROOM,,屋内で作業している
HAPPINESS_MODIFIER.WORKED_IN_RAIN,,雨にうたれながら作業している
HAULING.ASSIGNMENT.DESCRIPTION,,{{quantity}}を{{targetDescription}}に割り当て済み
HINT.BUILD_PIPES.1,,このビューを使って水を通すための配管や灌漑水路を設置することができます。
HINT.BUILD_PIPES.2,,これらは地面の下に設置されるため、入植者が各タイルに隣接できるようにしなければなりません。
HINT.BUILD_PIPES.3,,これに関係する建築物は、水を汲み上げ、あるいは排出する役割に合わせて青または緑のアイコンが表示されます。
HINT.BUILD_POWER.1,,このビューは風車などの動力源を{{PRODUCT.STONE.GEAR.PLURAL}}やシャフトなどで動力を必要とする建設物と接続するために使用します。
HINT.BUILD_POWER.2,,これらは地面の下に設置されるため、入植者が各タイルに隣接できるようにしなければなりません。
HINT.BUILD_POWER.3,,動力源となる建築物あるいは動力を必要とする建築物は、それぞれの役割に合わせて赤または緑のアイコンで表示されます。
HINT.BUILD_ROOFING.1,,このビューでは、屋外にあり屋根を持たないタイル（水色）あるいは屋根のあるタイル（濃い茶色）を確認することができます。
HINT.BUILD_ROOFING.2,,{{GUI.ROOFING.ADD}}と{{GUI.CANCEL_LABEL}}を使って屋根の建築を指示したり{{GUI.DECONSTRUCT_LABEL}}を使って屋根を削除することができます。
HINT.BUILD_ROOFING.3,,屋根は壁または{{FURNITURE.PILLAR}}から3タイル以内にしか建設できません。
HINT.BUTTON.BEGIN_TUTORIAL,,
HINT.BUTTON.DISABLE_ALL,,ヒントをすべて非表示
HINT.BUTTON.DISMISS,,非表示
HINT.BUTTON.HINTS_ONLY,,ヒントのみ
HINT.BUTTON.NEXT,,次へ
HINT.OPEN_PRIORITY_MENU.1,,このメニューでは仕事の優先順位を変更することができます。優先順位の高い仕事は低い仕事よりも先に入植者に割り当てられます。
HINT.OPEN_PRIORITY_MENU.2,,「優先度」メニューを開いている間は仕事を指示済みのタイル、もしくは仕事の対象となる倉庫や建築物に優先度アイコンが表示されます。
HINT.TOOL_DEPLETED.AXE1,,入植地に利用可能な{{TOOL.AXE}}がありません。そのため、木の伐採ができなくなっています。
HINT.TOOL_DEPLETED.AXE2,,斧は{{FURNITURE.FORGE}}で作ることができます。しかしもし稼働していなければ、{{FURNITURE.WOODCUTTERS_BENCH}}を解体したほうがよいかもしれません。
HINT.TOOL_DEPLETED.CHISEL1,,入植地に利用可能な{{TOOL.CHISEL}}がありません。そのため、石材を使った建築物の構築ができなくなっています。
HINT.TOOL_DEPLETED.CHISEL2,,より多くのノミを作るには{{FURNITURE.FORGE}}が必要です。もし稼働していない場合は、{{FURNITURE.STONEMASON_WORKBENCH}}を解体する必要があるかもしれません。
HINT.TOOL_DEPLETED.PLANE1,,入植地に利用可能な{{TOOL.PLANE}}がありません。そのため、木製の建築物が作れなくなっています。
HINT.TOOL_DEPLETED.PLANE2,,かんなは{{FURNITURE.CARPENTRY_WORKBENCH}}で{{RESOURCE.PLANKS.NOUN}}から製作できます。
HINT.TOOL_DEPLETED.SAW1,,入植地に利用可能な{{TOOL.SAW}}がありません。そのため、{{FURNITURE.WOODCUTTERS_BENCH}}や{{FURNITURE.CARPENTRY_WORKBENCH}}が作れなくなっています。
HINT.TOOL_DEPLETED.SAW2,,より多くのノコギリを得るには{{FURNITURE.FORGE}}で製作する必要があります。もし稼働していない場合、{{FURNITURE.WOODCUTTERS_BENCH}}や{{FURNITURE.CARPENTRY_WORKBENCH}}を解体する必要があるかもしれません。
HINT.WEAPON_SELECTION.1,,このビューでは、入植者がインベントリに入れる武器の種類を選択します。
HINT.WEAPON_SELECTION.2,,{{PROFESSION.HUNTER}}の入植者には、{{WEAPON.BOW}}や{{WEAPON.CROSSBOW}}などの遠隔武器を割り当てることを強くお勧めします。
HINT.WEAPON_SELECTION.3,,所持していない武器は赤で表示されます。
HINT.WELCOME.NEXT_STEPS,,「チュートリアル」をクリックすることで、基本的な操作方法を説明します。「ヒントのみ」をクリックすると、チュートリアルをスキップしてプレイに必要な情報を提供します。「ヒントをすべて非表示」をクリックすると、これらのメッセージを表示しなくなります。
HINT.WELCOME.PRE_SPAWN,,マップ上の十分なスペースのある場所を選び、{{GUI.EMBARK.START}}ボタンをクリックするとゲームが開始されます。
HUMANOID.BROKEN.DESCRIPTION,,{{name}}、 {{madness.adjective}} {{race.noun}}
HUMANOID.DESCRIPTION,,{{name}}、{{race.adjective}} {{profession.noun}}
INGREDIENT.DOUGH,,生地
INGREDIENT.FLOUR,,穀粉
INGREDIENT.LOAF,,一人分
INGREDIENT.LOAF.PLURAL,,ひとかたまり
INGREDIENT.MALT.SACK.NOUN,,麦芽
INGREDIENT.MALT.SACK.TOOLTIP,,ビールを醸造するためには、まずこれを粉砕する必要があります。
INGREDIENT.MILLED.MALT.SACK.NOUN,,砕いた麦芽
INGREDIENT.MILLED.MALT.SACK.TOOLTIP,,{{FURNITURE.MASH_TUN}}で水と混合することで{{LIQUID.WORT}}になります。
INGREDIENT.MUSHROOM.SPAWN.NOUN,,キノコの胞子
INGREDIENT.MUSHROOM.SPAWN.PLURAL,,キノコの胞子
INGREDIENT.MUSHROOM.SPAWN.TOOLTIP,,菌糸とも呼ばれる、{{ROOMS.MUSHROOM_FARM}}でキノコを育てるための種のようなものです。
INGREDIENT.SEEDS.NOUN,,種
INGREDIENT.SEEDS.PLURAL,,種
INGREDIENT.SEEDS.TOOLTIP,,{{ROOMS.FARM}}に作物を植えるためには、その植物の種が必要です。また{{STOCKPILE.GRANARY}}の備蓄としても必要になります。
INGREDIENT.VEGETABLE.CRATE.NOUN,,野菜(箱入り)
INGREDIENT.VEGETABLE.CRATE.PLURAL,,野菜(箱入り)
INGREDIENT.VEGETABLE.SACK.NOUN,,野菜(袋入り)
INGREDIENT.VEGETABLE.SACK.PLURAL,,野菜(袋入り)
INVENTORY.CONTAINS.LABEL,,インベントリ:
ITEM.AVAILABILITY.DESCRIPTION,,
ITEM.DESCRIPTION,,{{quantity_if_multiple}} {{materialType.adjective}} {{itemType.noun_or_plural}}
ITEM.INGREDIENT.DESCRIPTION,,{{quantity_if_multiple}} {{materialType.noun_or_plural}}
ITEM.NONE_SELECTED,,
ITEM.QUALITY.PREFIX.AWFUL.ADJECTIVE,,
ITEM.QUALITY.PREFIX.AWFUL.TOOLTIP,,
ITEM.QUALITY.PREFIX.MASTERWORK.ADJECTIVE,,
ITEM.QUALITY.PREFIX.MASTERWORK.TOOLTIP,,
ITEM.QUALITY.PREFIX.POOR.ADJECTIVE,,
ITEM.QUALITY.PREFIX.POOR.TOOLTIP,,
ITEM.QUALITY.PREFIX.SUPERIOR.ADJECTIVE,,
ITEM.QUALITY.PREFIX.SUPERIOR.TOOLTIP,,
ITEM_GROUP.FUEL.PLURAL,,燃料
ITEM_GROUP.PRODUCT.PLURAL,,工作物
ITEM_GROUP.RESOURCE.PLURAL,,資源
ITEM_GROUP.TOOL.PLURAL,,道具
LANGUAGE.LABEL,,言語
LIQUID.BEER.NOUN,,ビール
LIQUID.BEER.TOOLTIP,,ドワーフがこよなく愛する飲み物です。しばらくの間、かなりの幸福度ボーナスを得ることができます。ひとつ問題があるとすれば、彼らは好むというよりは、労働の日々を乗り切るためにそれらを必要としていると言った方が正しいことです。
LIQUID.HOPPED_WORT.NOUN,,ホップ入り麦汁
LIQUID.HOPPED_WORT.TOOLTIP,,発酵前の全ての工程を終えた麦汁です。{{FERMENTATION_TANK}}に入れることで、晴れてビールとして飲むことができます。
LIQUID.WATER.NOUN,,水
LIQUID.WORT.NOUN,,麦汁
LIQUID.WORT.TOOLTIP,,これは未発酵のビールとも呼ぶべきもので、発酵させる前に{{VEGETABLE.HOPS}}を{{FURNITURE.BREW_KETTLE}}で加えて香り付けする必要があります。
MADNESS.BROKEN.ADJECTIVE,,崩壊
MADNESS.BROKEN.TOOLTIP,,この入植者は幸福度が下がりすぎて限界を迎えてしまい、労働も食事もできなくなっています！
MATERIAL,,素材
MATERIAL_TYPE,,種別
MATERIAL_TYPE.ANY,,全て
MATERIAL_TYPE.CLOTH.ADJECTIVE,,
MATERIAL_TYPE.CLOTH.NOUN,,
MATERIAL_TYPE.EARTH.ADJECTIVE,,土の
MATERIAL_TYPE.EARTH.NOUN,,土
MATERIAL_TYPE.FOODSTUFF.NOUN,,食料
MATERIAL_TYPE.GEM.NOUN,,宝石
MATERIAL_TYPE.METAL.ADJECTIVE,,金属の
MATERIAL_TYPE.METAL.NOUN,,金属
MATERIAL_TYPE.ORE.NOUN,,鉱石
MATERIAL_TYPE.OTHER.NOUN,,その他
MATERIAL_TYPE.ROPE.ADJECTIVE,,
MATERIAL_TYPE.ROPE.NOUN,,
MATERIAL_TYPE.SEED.NOUN,,種
MATERIAL_TYPE.SKIN.ADJECTIVE,,
MATERIAL_TYPE.SKIN.NOUN,,
MATERIAL_TYPE.STONE.ADJECTIVE,,石の
MATERIAL_TYPE.STONE.NOUN,,石
MATERIAL_TYPE.VEGETABLE.NOUN,,野菜
MATERIAL_TYPE.VITRIOL.ADJECTIVE,,硫酸塩の
MATERIAL_TYPE.VITRIOL.NOUN,,硫酸塩
MATERIAL_TYPE.WOOD.ADJECTIVE,,木の
MATERIAL_TYPE.WOOD.NOUN,,木材
MEAT.BOAR_MEAT,,イノシシ
MEAT.CARP_MEAT.NOUN,,コイ
MEAT.CARP_MEAT.PLURAL,,コイ
MEAT.DEER_MEAT,,シカ
MEAT.DWARF_FLESH,,ドワーフの死体
MEAT.ELEPHANT_MEAT,,ゾウ
MEAT.FOX_MEAT,,キツネ
MEAT.HORSE_MEAT,,
MEAT.PERCH_MEAT.NOUN,,パーチ
MEAT.PERCH_MEAT.PLURAL,,パーチ
MEAT.PIKE_MEAT.NOUN,,マス
MEAT.PIKE_MEAT.PLURAL,,マス
MECHANISM.FURNITURE.CONSUMING_POWER,,動作中 - 動力を{{power}}消費
MECHANISM.FURNITURE.CRAFTING_STATION_REQUIRES_POWER,,低速で動作中 - 動力が十分ではありません
MECHANISM.FURNITURE.CRAFTING_STATION_REQUIRES_POWER.TOOLTIP,,この建築物は{{FURNITURE.WINDMILL}}や{{FURNITURE.WATERWHEEL}}などの動力源と地下で接続する必要があります。
MECHANISM.FURNITURE.PRODUCING_POWER,,動作中 - 動力を{{power}}生産
MECHANISM.FURNITURE.REQUIRES_OUTSIDE_PLACEMENT,,屋外に置かれなければ機能しません
MECHANISM.FURNITURE.REQUIRES_POWER,,動作停止中 - 動力が不足しています
MECHANISM.FURNITURE.REQUIRES_POWER.TOOLTIP,,この建築物は{{FURNITURE.WINDMILL}}や{{FURNITURE.WATERWHEEL}}などの動力源と地下で接続する必要があります。
MECHANISM.FURNITURE.REQUIRES_POWER_GRID,,動作停止中 - 接続されていません
MECHANISM.FURNITURE.REQUIRES_POWER_GRID.TOOLTIP,,この建築物は動力源と地下で接続される必要があります。{{GUI.BUILD_LABEL}}メニューの{{GUI.BUILD.POWER}}オプションを参照してください。
MECHANISM.STONE.GEAR.NOUN,,ギア
MECHANISM.STONE.GEAR.TOOLTIP,,この仕掛けは動力を四方向に伝えることができます。
MECHANISM.WOODEN.SHAFT.NOUN,,シャフト
MECHANISM.WOODEN.SHAFT.TOOLTIP,,木のシャフトは動力を一方向から他方向に伝えます。
MENU.CONTINUE_GAME,,コンティニュー
MENU.CREDITS,,
MENU.JOIN_DISCORD,,
MENU.LINK_TWITCH_ACCOUNT,,
MENU.LOAD_GAME,,ロード
MENU.MODS,,Mods
MENU.NEW_GAME,,ニューゲーム
MENU.OPTIONS,,オプション
MENU.QUIT,,終了
MENU.SAVE_AND_QUIT,,
MENU.SOURCE_CODE,,
MENU.TOGGLE_FULLSCREEN,,フルスクリーンを切り替える
METAL.BRONZE.ADJECTIVE,,青銅の
METAL.BRONZE.NOUN,,青銅
METAL.BRONZE.TOOLTIP,,青銅は銅と錫の合金です。銅よりも硬く、耐久性に優れています(今のところ、合金は未実装です）
METAL.COPPER.ADJECTIVE,,銅の
METAL.COPPER.NOUN,,銅
METAL.COPPER.TOOLTIP,,銅は{{ORE.NATIVE_COPPER.NOUN}}として自然に存在し、あるいは{{ORE.MALACHITE.NOUN}}鉱石から製錬することもできます。銅には多くの用途があり、特に貨幣の材料として使われていますが、武器の材料としては強度が足りません。
METAL.COPPER_PATINA.ADJECTIVE,,銅の
METAL.COPPER_PATINA.NOUN,,銅
METAL.COPPER_PATINA.TOOLTIP,,{{METAL.COPPER.TOOLTIP}}
METAL.DURALUMINIUM.ADJECTIVE,,
METAL.DURALUMINIUM.NOUN,,
METAL.DURALUMINIUM.TOOLTIP,,
METAL.GOLD.ADJECTIVE,,金の
METAL.GOLD.NOUN,,金
METAL.GOLD.TOOLTIP,,あらゆる金属の王です。最も希少で価値があるわけではありませんが、金はほとんどの種族が最も欲する金属です。ドワーフは特に。
METAL.IRON.ADJECTIVE,,鉄の
METAL.IRON.NOUN,,鉄
METAL.IRON.TOOLTIP,,鉄の武器さえ用意できないならまともな戦士とは呼べません。ドワーフの金属職人は鉄を{{METAL.STEEL.NOUN}}に加工する秘密を知っています。
METAL.PLATINUM.ADJECTIVE,,プラチナの
METAL.PLATINUM.NOUN,,プラチナ
METAL.PLATINUM.TOOLTIP,,白銀色の腐食にとても強い金属です。プラチナは{{METAL.GOLD.NOUN}}よりも希少性が高く、高い価値を持ちます。
METAL.RUSTED_IRON.ADJECTIVE,,錆びた鉄の
METAL.RUSTED_IRON.NOUN,,錆びた鉄
METAL.RUSTED_IRON.TOOLTIP,,鉄は長い間雨にさらされると錆び、最終的には完全に使用不能になります。
METAL.SILVER.ADJECTIVE,,銀の
METAL.SILVER.NOUN,,銀
METAL.SILVER.TOOLTIP,,銀は{{METAL.GOLD.NOUN}}と同じく、貨幣や取引用のインゴットとしてよく使われます。
METAL.STEEL.ADJECTIVE,,鋼の
METAL.STEEL.NOUN,,鋼
METAL.STEEL.TOOLTIP,,{{METAL.IRON.NOUN}}よりもはるかに強く、優れた武器や道具を作ることができます。鋼を作る秘密を知っているのはドワーフだけです。
METAL.TIN.ADJECTIVE,,錫の
METAL.TIN.NOUN,,錫
METAL.TIN.TOOLTIP,,錫は{{ORE.CASSITERITE.NOUN}}から抽出でき、{{METAL.COPPER.NOUN}}との合金である{{METAL.BRONZE.NOUN}}を作ることができます(今のところ、合金は未実装です）
MILITARY.FORMATION.COLUMN,,
MILITARY.FORMATION.COLUMN_DOUBLE,,
MILITARY.FORMATION.COLUMN_SINGLE,,
MILITARY.FORMATION.GRID,,
MILITARY.FORMATION.GRID_DOUBLE,,
MILITARY.FORMATION.GRID_SINGLE,,
MILITARY.FORMATION.LINE,,
MILITARY.FORMATION.LINE_DOUBLE,,
MILITARY.FORMATION.LINE_SINGLE,,
MILITARY.SQUAD.DEFAULT_NAME,,
MILITARY.SQUAD.ORDER_DESCRIPTION.COMBAT,,
MILITARY.SQUAD.ORDER_DESCRIPTION.GUARDING,,
MILITARY.SQUAD.ORDER_DESCRIPTION.OFF_DUTY,,
MILITARY.SQUAD.ORDER_DESCRIPTION.RETREATING,,
MILITARY.SQUAD.ORDER_DESCRIPTION.TRAINING,,
MILITARY.SQUAD.SHIFT.DAYTIME,,
MILITARY.SQUAD.SHIFT.NIGHTTIME,,
MODS.APPLY,,適用
MODS.BUTTON.BROWSE,,
MODS.BUTTON.REFRESH,,
MODS.COMPATIBILITY.COMPATIBLE,,あり
MODS.COMPATIBILITY.INCOMPATIBLE,,なし
MODS.COMPATIBILITY.UNKNOWN,,不明
MODS.EMAIL_LOGIN.CHECK_EMAIL,,
MODS.EMAIL_LOGIN.CODE_LABEL,,
MODS.EMAIL_LOGIN.EMAIL,,
MODS.EMAIL_LOGIN.EMAIL_LABEL,,
MODS.EMAIL_LOGIN.ERROR,,
MODS.EMAIL_LOGIN.INFO,,
MODS.EMAIL_LOGIN.REQUEST_CODE,,
MODS.EMAIL_LOGIN.SUBMIT_CODE,,
MODS.INCOMPATIBLE_VERSION_DESCRIPTION,,
MODS.MISSING_HOMEPAGE_URL,,
MODS.MISSING_MODS_DIALOG_TEXT,,このセーブファイルが使用していたModが破損しているか無効になっているため、 正しくロードできない可能性があります。
MODS.MISSING_MODS_SAVE_EXCEPTION_DIALOG_TEXT,,このバージョンと互換性が無いか、 Modが破損又は削除されたため、 セーブファイルがロードできませんでした。 以下のModが有効ではありません:
MODS.SYNC_IN_PROGRESS,,
MODS.TABLE.COMPATIBILITY,,
MODS.TABLE.ENABLED,,
MODS.TABLE.NAME,,
MODS.TABLE.ORDERING,,ロード順
MODS.TABLE.VERSION,,
MUSHROOM.DESCRIPTION,,{{materialType.noun}}
NEEDS.DRINK,,水分
NEEDS.FOOD,,食事
NEEDS.SLEEP,,睡眠
NOTIFICATION.AREA_REVEALED.DESCRIPTION,,鉱夫が新しいエリアを発見しました！
NOTIFICATION.AREA_REVEALED.TITLE,,新発見
NOTIFICATION.DEATH.DESCRIPTION,,{{character}}は{{reason}}により死亡しました。
NOTIFICATION.DEATH.KILLED_BY_DESCRIPTION,,
NOTIFICATION.DEATH.SHORT_DESCRIPTION,,{{reason}}のため死亡
NOTIFICATION.DEATH.TITLE,,入植者の死
NOTIFICATION.FIRE_STARTED.DESCRIPTION,,入植地で火災が発生しました！
NOTIFICATION.FIRE_STARTED.TITLE,,火事だ！
NOTIFICATION.FISH_EXHAUSTED.DESCRIPTION,,捕りすぎた結果、川に魚がいなくなってしまいました。魚が戻ってくるまでには、産卵期である来年の春まで待つ必要があります。
NOTIFICATION.FISH_EXHAUSTED.TITLE,,漁業資源の枯渇
NOTIFICATION.GAME_OVER.DESCRIPTION,,すべてが終わりました。あなたの入植地はもはや放棄されています。
NOTIFICATION.GAME_OVER.TITLE,,ゲームオーバー
NOTIFICATION.IMMIGRANTS_ARRIVED.DESCRIPTION,,あなたの入植地が繁栄していると聞いて、移民が到着しました。入植地の人口が増加します。
NOTIFICATION.IMMIGRANTS_ARRIVED.TITLE,,新しい移民
NOTIFICATION.INVASION.DESCRIPTION,,
NOTIFICATION.INVASION.TITLE,,
NOTIFICATION.MINING_COLLAPSE.DESCRIPTION,,柱や支柱がないために、洞窟の一部で落盤が発生しました。
NOTIFICATION.MINING_COLLAPSE.TITLE,,落盤
NOTIFICATION.OXIDISATION_DESTRUCTION.DESCRIPTION,,長期に渡って雨に晒された結果、建築物が壊れてしまいました。\n鉄や鋼のようないくつかの素材は、長期間屋外に放置すべきではありません。
NOTIFICATION.OXIDISATION_DESTRUCTION.TITLE,,錆の発生
NOTIFICATION.PIRATE_INVASION.DESCRIPTION,,
NOTIFICATION.PIRATE_INVASION.TITLE,,
NOTIFICATION.ROOFING_COLLAPSE.DESCRIPTION,,柱や支柱がないために、屋根が崩れてしまいました。
NOTIFICATION.ROOFING_COLLAPSE.TITLE,,屋根の崩壊
NOTIFICATION.SETTLER_MENTAL_BREAK.DESCRIPTION,,次々と襲いかかる苦難が{{character}}の心を押しつぶしてしまいました。
NOTIFICATION.SETTLER_MENTAL_BREAK.TITLE,,精神崩壊
NOTIFICATION.SETTLER_STUCK.DESCRIPTION,,
NOTIFICATION.SETTLER_STUCK.TITLE,,
NOTIFICATION.SETTLER_TANTRUM.DESCRIPTION,,{{character}}はあまりにも不幸を感じたため、やけになってかんしゃくを起こしています！
NOTIFICATION.SETTLER_TANTRUM.TITLE,,かんしゃく！
NOTIFICATION.TRADER_ARRIVED.DESCRIPTION,,
NOTIFICATION.TRADER_ARRIVED.TITLE,,
NOTIFICATION.TRADER_ARRIVED_NO_DEPOT.DESCRIPTION,,
NOTIFICATION.TRADER_ARRIVED_NO_DEPOT.TITLE,,
ORE.BAUXITE.ADJECTIVE,,ボーキサイトの
ORE.BAUXITE.NOUN,,ボーキサイト
ORE.BAUXITE.TOOLTIP,,ボーキサイトはアルミニウムの原料です。 残念ながら、アルミニウム生産の手段はまだ発見されていません。
ORE.BITUMINOUS_COAL.ADJECTIVE,,石炭の
ORE.BITUMINOUS_COAL.NOUN,,石炭
ORE.BITUMINOUS_COAL.TOOLTIP,,{{FURNITURE.COKE_OVEN}}を使って {{ORE.COKE.NOUN}}に変換することができます。
ORE.CASSITERITE.ADJECTIVE,,キャシテライトの
ORE.CASSITERITE.NOUN,,キャシテライト
ORE.CASSITERITE.TOOLTIP,,製錬することで{{METAL.TIN.NOUN}}を得られる鉱石です。
ORE.CHARCOAL.ADJECTIVE,,木炭の
ORE.CHARCOAL.NOUN,,木炭
ORE.CHARCOAL.TOOLTIP,,{{FUEL.SACK}}は{{RESOURCE.LOGS.PLURAL}}から生産できます。
ORE.CHRYSOCOLLA.ADJECTIVE,,クリソコラの
ORE.CHRYSOCOLLA.NOUN,,クリソコラ
ORE.CHRYSOCOLLA.TOOLTIP,,ターコイズとよく間違われますが、実際には一種の{{METAL.COPPER}}鉱石です。
ORE.COKE.ADJECTIVE,,コークスの
ORE.COKE.NOUN,,コークス
ORE.COKE.TOOLTIP,,{{ORE.BITUMINOUS_COAL}}の不純物を取り除き、{{FUEL.SACK}}としてより効果的にしたものです。
ORE.GALENA.ADJECTIVE,,ガレナの
ORE.GALENA.NOUN,,ガレナ
ORE.GALENA.TOOLTIP,,製錬することで{{METAL.SILVER}}を得られる鉱石です。
ORE.HEMATITE.ADJECTIVE,,ヘマタイトの
ORE.HEMATITE.NOUN,,ヘマタイト
ORE.HEMATITE.TOOLTIP,,製錬することで{{METAL.IRON}}を得られる鉱石です。
ORE.ILMENITE.ADJECTIVE,,イルメナイトの
ORE.ILMENITE.NOUN,,イルメナイト
ORE.ILMENITE.TOOLTIP,,イルメナイトはチタンの原料です。 残念ながら、チタン生産の手段はまだ発見されていません。
ORE.MALACHITE.ADJECTIVE,,マラカイトの
ORE.MALACHITE.NOUN,,マラカイト
ORE.MALACHITE.TOOLTIP,,製錬することで{{METAL.COPPER}}を得られる鉱石です。
ORE.NATIVE_COPPER.ADJECTIVE,,天然銅の
ORE.NATIVE_COPPER.NOUN,,天然銅
ORE.NATIVE_COPPER.TOOLTIP,,自然界に存在する{{METAL.COPPER}}です。金属加工に用いるには、まず製錬する必要があります。
ORE.NATIVE_GOLD.ADJECTIVE,,天然金の
ORE.NATIVE_GOLD.NOUN,,天然金
ORE.NATIVE_GOLD.TOOLTIP,,自然界に存在する{{METAL.GOLD}}です。金属加工に用いるには、まず製錬する必要があります。
ORE.NATIVE_PLATINUM.ADJECTIVE,,天然白金の
ORE.NATIVE_PLATINUM.NOUN,,天然白金
ORE.NATIVE_PLATINUM.TOOLTIP,,自然界に存在する{{METAL.PLATINUM}}です。金属加工に用いるには、まず製錬する必要があります。
ORE.NATIVE_SILVER.ADJECTIVE,,天然銀の
ORE.NATIVE_SILVER.NOUN,,天然銀
ORE.NATIVE_SILVER.TOOLTIP,,自然界に存在する{{METAL.SILVER}}です。金属加工に用いるには、まず製錬する必要があります。
ORE.POLLUCITE.ADJECTIVE,,ポルサイトの
ORE.POLLUCITE.NOUN,,ポルサイト
ORE.POLLUCITE.TOOLTIP,,ポルサイトはセシウムを含有する鉱石であり、現在の技術で扱うにはあまりにも危険です。特に命知らずなドワーフ技術者の幾人かは、この鉱石の信頼できる加工方法を研究しています。
ORE.PYRITE.ADJECTIVE,,フールズゴールドの
ORE.PYRITE.NOUN,,フールズゴールド
ORE.PYRITE.TOOLTIP,,"その澄んだ黄色のために""愚か者の金""と言われているものの、またの名は黄鉄鉱です。粉砕することでいくつかの用途に使えますが、飛び散る火花に注意する必要があります。"
ORE.THORIUM.ADJECTIVE,,トリウムの
ORE.THORIUM.NOUN,,トリウム
ORE.THORIUM.TOOLTIP,,空気にさらされると黒くなる銀色の鉱石です。奇妙なことに、触ると暖かみを感じます。
ORE.WOLFRAMITE.ADJECTIVE,,ウルフラマイトの
ORE.WOLFRAMITE.NOUN,,ウルフラマイト
ORE.WOLFRAMITE.TOOLTIP,,スズ鉱石の不純物として、精錬を妨げることから嫌われている物質です。融点がきわめて高く通常の方法では加工できません。
OTHER.ASH,,炭化した
OTHER.BRICK.NOUN,,レンガ
OTHER.CLAY_SOIL.NOUN,,土
OTHER.GRASS.NOUN,,
PRIORITY.DISABLED,,無効
PRIORITY.HIGHER,,優先
PRIORITY.HIGHEST,,最優先
PRIORITY.LOWER,,低度
PRIORITY.LOWEST,,最低
PRIORITY.NORMAL,,通常
PRIVACY.OPT_IN.ACCEPT_BUTTON,,同意する
PRIVACY.OPT_IN.DATA_POINT.1,,
PRIVACY.OPT_IN.DATA_POINT.2,,
PRIVACY.OPT_IN.DATA_POINT.3,,
PRIVACY.OPT_IN.DESCRIPTION,,
PRIVACY.OPT_IN.DO_NOT_ACCEPT_BUTTON,,レポートを無効にする
PRODUCT.ANVIL,,金床
PRODUCT.ANVIL.PLURAL,,
PRODUCT.ANVIL.TOOLTIP,,熱した金属をハンマーで叩いて形を作る、大きな金属のかたまりです。{{FURNITURE.FORGE}}に必要です。
PRODUCT.BARREL.HOOPS,,タルの輪
PRODUCT.BARREL.HOOPS.TOOLTIP,,{{PRODUCT.BARREL.NOUN}}を作るのに使われる金属製の輪です。他にもいくつかの機械が必要とします。
PRODUCT.BARREL.NOUN,,タル
PRODUCT.BARREL.PLURAL,,タル
PRODUCT.BARREL.STAVES,,タル板
PRODUCT.BARREL.STAVES.TOOLTIP,,{{PRODUCT.BARREL.NOUN}}を作るために使われる、湾曲した木板です。
PRODUCT.BARREL.TOOLTIP,,液体を入れることができる円筒形の容器です。側面が膨らんでいるのは、そのほうが横にした時に転がしやすいからです。
PRODUCT.BOWL,,深皿
PRODUCT.BOWL.DESCRIPTION,,{{cooking.soup.description}}用の深皿です。
PRODUCT.BOWL.PLURAL,,
PRODUCT.BREAD.DOUGH.NOUN,,パン生地
PRODUCT.BREAD.DOUGH.PLURAL,,パン生地
PRODUCT.BREAD.DOUGH.TOOLTIP,,{{FURNITURE.BAKING_OVEN}}で焼いて{{PRODUCT.BREAD.LOAF.PLURAL}}にできます。
PRODUCT.BREAD.LOAF.NOUN,,パン一切れ
PRODUCT.BREAD.LOAF.PLURAL,,パン
PRODUCT.BREAD.LOAF.TOOLTIP,,美味しく焼けたパンです。いつでも食べられます！
PRODUCT.BUCKET.NOUN,,バケツ
PRODUCT.BUCKET.PLURAL,,バケツ
PRODUCT.BUCKET.TOOLTIP,,手に持って液体を運ぶことができる小型の容器です。
PRODUCT.CAULDRON,,大釜
PRODUCT.CAULDRON.PLURAL,,
PRODUCT.CAULDRON.TOOLTIP,,{{PROFESSION.CHEF}}が{{ROOMS.KITCHEN}}でスープを作るために使います。また、そのまま{{ROOMS.FEASTING_HALL}}に持ち運ぶこともできます。
PRODUCT.CHEST.NOUN,,
PRODUCT.CHEST.PLURAL,,
PRODUCT.CHEST.TOOLTIP,,
PRODUCT.LEATHER.NOUN,,
PRODUCT.LEATHER.PLURAL,,
PRODUCT.LINEN.NOUN,,リネン
PRODUCT.LINEN.PLURAL,,リネン
PRODUCT.LINEN.TOOLTIP,,
PRODUCT.LIQUID.TANK,,タンク
PRODUCT.LIQUID.TANK.PLURAL,,
PRODUCT.LIQUID.TANK.TOOLTIP,,液体を保存するための金属製の容器です。{{FURNITURE.FORGE}}で製作します。
PRODUCT.MILLSTONE,,挽き臼
PRODUCT.MILLSTONE.PLURAL,,
PRODUCT.MILLSTONE.TOOLTIP,,収穫した作物を粉にするために必要な、大きな石の円盤をふたつ重ね合わせたものです。{{FURNITURE.FLOUR_MILL}}の建設に使用します。
PRODUCT.RATION.DOUGH.NOUN,,
PRODUCT.RATION.DOUGH.PLURAL,,
PRODUCT.RATION.DOUGH.TOOLTIP,,
PRODUCT.RATION.NOUN,,携帯食
PRODUCT.RATION.PLURAL,,携帯食
PRODUCT.RATION.TOOLTIP,,これらは長期にわたって入植者のとりあえずの食料として使えますが、しかし他の食料源を確保することを優先した方がよいでしょう。
PRODUCT.ROPE.NOUN,,ロープ
PRODUCT.ROPE.PLURAL,,ロープ
PRODUCT.STONE.GEAR.NOUN,,ギア
PRODUCT.STONE.GEAR.PLURAL,,ギア
PRODUCT.STONE.GEAR.TOOLTIP,,器械設備の構築に用いられます。
PRODUCT.STONE.PIPE.NOUN,,配管
PRODUCT.STONE.PIPE.PLURAL,,配管
PRODUCT.STONE.PIPE.TOOLTIP,,タイルの地下に水などの液体を流すために使います。
PRODUCT.WATERSKIN.NOUN,,
PRODUCT.WATERSKIN.PLURAL,,
PRODUCT.WOODEN.SHAFT.HORIZONTAL.NOUN,,シャフト(水平)
PRODUCT.WOODEN.SHAFT.HORIZONTAL.PLURAL,,シャフト(水平)
PRODUCT.WOODEN.SHAFT.HORIZONTAL.TOOLTIP,,動力源と動力を必要とする設備を結ぶために使います。
PRODUCT.WOODEN.SHAFT.VERTICAL.NOUN,,シャフト(垂直)
PRODUCT.WOODEN.SHAFT.VERTICAL.PLURAL,,シャフト(垂直)
PRODUCT.WOODEN.SHAFT.VERTICAL.TOOLTIP,,動力源と動力を必要とする設備を結ぶために使います。
PROFESSION.ARTISAN.FEMALE_NOUN,,
PROFESSION.ARTISAN.MALE_NOUN,,
PROFESSION.ARTISAN.PLURAL,,
PROFESSION.ARTISAN.VERB,,
PROFESSION.BAKER.VERB,,パンを焼いている
PROFESSION.BLACKSMITH.FEMALE_NOUN,,鍛冶師
PROFESSION.BLACKSMITH.MALE_NOUN,,鍛冶師
PROFESSION.BLACKSMITH.PLURAL,,
PROFESSION.BLACKSMITH.TOOLTIP,,鉱石を製錬して金属にし、金属を材料にしてアイテムを作ります。
PROFESSION.BLACKSMITH.VERB,,鍛造している
PROFESSION.BREWER.FEMALE_NOUN,,醸造家
PROFESSION.BREWER.MALE_NOUN,,醸造家
PROFESSION.BREWER.PLURAL,,
PROFESSION.BREWER.TOOLTIP,,{{ROOMS.BREWERY}}でビールを造ります。
PROFESSION.BREWER.VERB,,醸造している
PROFESSION.CARPENTER.FEMALE_NOUN,,大工
PROFESSION.CARPENTER.MALE_NOUN,,大工
PROFESSION.CARPENTER.PLURAL,,
PROFESSION.CARPENTER.TOOLTIP,,木製の家具やアイテムを作成します。
PROFESSION.CARPENTER.VERB,,製作している
PROFESSION.CHEF.FEMALE_NOUN,,料理人
PROFESSION.CHEF.MALE_NOUN,,料理人
PROFESSION.CHEF.PLURAL,,
PROFESSION.CHEF.TOOLTIP,,入植者たちの食を一手に担います。
PROFESSION.CHEF.VERB,,調理している
PROFESSION.DESCRIPTION,,
PROFESSION.FARMER.FEMALE_NOUN,,農夫
PROFESSION.FARMER.MALE_NOUN,,農夫
PROFESSION.FARMER.PLURAL,,農夫
PROFESSION.FARMER.TOOLTIP,,作物を植え、害虫から守り、収穫します。
PROFESSION.FARMER.VERB,,耕作している
PROFESSION.FISHER.FEMALE_NOUN,,漁師
PROFESSION.FISHER.MALE_NOUN,,漁師
PROFESSION.FISHER.TOOLTIP,,水中から魚を捕まえ、食料や資源として活用します。
PROFESSION.FISHER.VERB,,釣りをしている
PROFESSION.HUNTER.FEMALE_NOUN,,狩人
PROFESSION.HUNTER.MALE_NOUN,,狩人
PROFESSION.HUNTER.TOOLTIP,,肉や皮を得るために野生動物を追い、殺します。
PROFESSION.HUNTER.VERB,,狩りをしている
PROFESSION.LEATHERWORKER.FEMALE_NOUN,,
PROFESSION.LEATHERWORKER.MALE_NOUN,,
PROFESSION.LEATHERWORKER.PLURAL,,
PROFESSION.LEATHERWORKER.TOOLTIP,,
PROFESSION.LEATHERWORKER.VERB,,
PROFESSION.MAYOR.FEMALE_NOUN,,長
PROFESSION.MAYOR.MALE_NOUN,,長
PROFESSION.MAYOR.VERB,,統治している
PROFESSION.MERCHANT.FEMALE_NOUN,,商人
PROFESSION.MERCHANT.MALE_NOUN,,商人
PROFESSION.MERCHANT.VERB,,取引している
PROFESSION.MILLER.VERB,,粉を挽いている
PROFESSION.MINER.FEMALE_NOUN,,鉱夫
PROFESSION.MINER.MALE_NOUN,,鉱夫
PROFESSION.MINER.PLURAL,,
PROFESSION.MINER.TOOLTIP,,{{TOOL.PICKAXE}}を使い岩盤を掘ります。
PROFESSION.MINER.VERB,,採掘している
PROFESSION.NOBLE.FEMALE_NOUN,,貴族
PROFESSION.NOBLE.MALE_NOUN,,貴族
PROFESSION.NOBLE.TOOLTIP,,貴族は平民の入植者と同様の労働を行いませんが、あなたの入植地に名声と威信をもたらします。
PROFESSION.NOBLE.VERB,,君臨している
PROFESSION.PIRATE.FEMALE_NOUN,,
PROFESSION.PIRATE.MALE_NOUN,,
PROFESSION.PIRATE.VERB,,
PROFESSION.RUNESMITH.FEMALE_NOUN,,ルーンスミス
PROFESSION.RUNESMITH.MALE_NOUN,,ルーンスミス
PROFESSION.RUNESMITH.TOOLTIP,,武器、防具、その他のアイテムに魔法のルーンでエンチャントを施し、それらを強化します。
PROFESSION.RUNESMITH.VERB,,エンチャントしている
PROFESSION.SKILL_LEVEL.1,,
PROFESSION.SKILL_LEVEL.1.TOOLTIP,,
PROFESSION.SKILL_LEVEL.2,,
PROFESSION.SKILL_LEVEL.2.TOOLTIP,,
PROFESSION.SKILL_LEVEL.3,,
PROFESSION.SKILL_LEVEL.3.TOOLTIP,,
PROFESSION.SKILL_LEVEL.4,,
PROFESSION.SKILL_LEVEL.4.TOOLTIP,,
PROFESSION.SKILL_LEVEL.5,,
PROFESSION.SKILL_LEVEL.5.TOOLTIP,,
PROFESSION.SKILL_LEVEL.6,,
PROFESSION.SKILL_LEVEL.6.TOOLTIP,,
PROFESSION.SKILL_LEVEL.7,,
PROFESSION.SKILL_LEVEL.7.TOOLTIP,,
PROFESSION.SKILL_LEVEL.8,,
PROFESSION.SKILL_LEVEL.8.TOOLTIP,,
PROFESSION.SKILL_LEVEL.9,,
PROFESSION.SKILL_LEVEL.9.TOOLTIP,,
PROFESSION.STONEMASON.FEMALE_NOUN,,石工
PROFESSION.STONEMASON.MALE_NOUN,,石工
PROFESSION.STONEMASON.PLURAL,,
PROFESSION.STONEMASON.TOOLTIP,,石から建築物やアイテムを作ります。
PROFESSION.STONEMASON.VERB,,石を加工している
PROFESSION.VILLAGER.FEMALE_NOUN,,村人
PROFESSION.VILLAGER.MALE_NOUN,,村人
PROFESSION.VILLAGER.TOOLTIP,,この入植者は特定の役割を持ちませんが、アイテムを運搬するなどの誰でもできるような仕事を果たします。
PROFESSION.VILLAGER.VERB,,働いている
PROFESSION.WEAVER.FEMALE_NOUN,,
PROFESSION.WEAVER.MALE_NOUN,,
PROFESSION.WEAVER.PLURAL,,
PROFESSION.WEAVER.TOOLTIP,,
PROFESSION.WEAVER.VERB,,
PROFESSION.WOODCUTTER.FEMALE_NOUN,,木こり
PROFESSION.WOODCUTTER.MALE_NOUN,,木こり
PROFESSION.WOODCUTTER.PLURAL,,
PROFESSION.WOODCUTTER.TOOLTIP,,木を伐採し、{{ROOMS.SAWMILL}}で使用できる木材にします。
PROFESSION.WOODCUTTER.VERB,,伐採する
QUOTA.FIXED_AMOUNT,,総所持数
QUOTA.PER_SETTLER,,入植者1名あたり
RACE.BOAR.NOUN,,イノシシ
RACE.CARP.NOUN,,コイ
RACE.DEER.FEMALE_NOUN,,シカ
RACE.DEER.MALE_NOUN,,シカ
RACE.DEER.TOOLTIP,,シカは無害な草食動物です。危険を察知すると逃亡します。
RACE.DWARF.FEMALE_ADJECTIVE,,ドワーフの
RACE.DWARF.FEMALE_NOUN,,ドワーフ
RACE.DWARF.FEMALE_PLURAL,,ドワーフたち
RACE.DWARF.MALE_ADJECTIVE,,ドワーフの
RACE.DWARF.MALE_NOUN,,ドワーフ
RACE.DWARF.MALE_PLURAL,,ドワーフたち
RACE.DWARF.TOOLTIP,,ドワーフは背が低く、がっしりとした体型の亜人種です。石や金属の加工に長けています。ほとんどのドワーフは空の下にいることを喜ばず、また好んで地下に潜ります。
RACE.ELEPHANT.NOUN,,ゾウ
RACE.FOX.FEMALE_NOUN,,キツネ
RACE.FOX.MALE_NOUN,,キツネ
RACE.FUNGOLEM,,
RACE.HORSE.NOUN,,
RACE.ORC.MALE_ADJECTIVE,,
RACE.ORC.MALE_NOUN,,
RACE.PERCH.NOUN,,パーチ
RACE.PIKE.NOUN,,マス
RACE.SPIDER,,
RACE.UNDEAD_DWARF,,
RACE.WURM,,
RESOURCE.BONE.LARGE.NOUN,,
RESOURCE.BONE.LARGE.PLURAL,,
RESOURCE.BONE.MEDIUM.NOUN,,
RESOURCE.BONE.MEDIUM.PLURAL,,
RESOURCE.BONE.SMALL.NOUN,,
RESOURCE.BONE.SMALL.PLURAL,,
RESOURCE.FLOUR.SACK.NOUN,,穀粉
RESOURCE.FLOUR.SACK.PLURAL,,穀粉
RESOURCE.FLOUR.SACK.TOOLTIP,,穀粉は食品として利用するために粉末にされた穀物です。
RESOURCE.GEMS.UNREFINED.NOUN,,原石
RESOURCE.GEMS.UNREFINED.PLURAL,,原石
RESOURCE.GEMS.UNREFINED.TOOLTIP,,宝石の混ざった岩石の塊です。カットしたり磨いたりする必要があります。
RESOURCE.GRAIN.SACK.NOUN,,穀物(袋入り)
RESOURCE.GRAIN.SACK.PLURAL,,穀物(袋入り)
RESOURCE.HEMP.BUNDLE.NOUN,,麻の束
RESOURCE.HEMP.BUNDLE.PLURAL,,麻の束
RESOURCE.HEMP.FIBRE.BUNDLE.NOUN,,麻繊維の束
RESOURCE.HEMP.FIBRE.BUNDLE.PLURAL,,麻繊維の束
RESOURCE.LOGS.NOUN,,丸太
RESOURCE.LOGS.PLURAL,,丸太
RESOURCE.LOGS.TOOLTIP,,{{RESOURCE.PLANKS.PLURAL}}の材料となる丸太です。あるいは加工せず使われることもあります。
RESOURCE.METAL.BLOOM.NOUN,,地金
RESOURCE.METAL.BLOOM.PLURAL,,地金
RESOURCE.METAL.BLOOM.TOOLTIP,,不純物の混じった金属のかたまりです。何かに利用するには、鍛冶台で叩いて不純物を取り除く必要があります。
RESOURCE.METAL.INGOT.NOUN,,インゴット
RESOURCE.METAL.INGOT.PLURAL,,インゴット
RESOURCE.METAL.INGOT.TOOLTIP,,精錬された金属のかたまりです。アイテムの材料として使用できます。
RESOURCE.METAL.PLATE.NOUN,,板金
RESOURCE.METAL.PLATE.PLURAL,,板金
RESOURCE.METAL.PLATE.TOOLTIP,,大型器械の建材として使われる、大きな板金です。
RESOURCE.MUSHROOM.LOG.NOUN,,キノコ原木
RESOURCE.MUSHROOM.LOG.PLURAL,,キノコ原木
RESOURCE.MUSHROOM.LOG.TOOLTIP,,原木に{{INGREDIENT.MUSHROOM.SPAWN.NOUN}}を注入したものです。原木はキノコの栄養分になります。注入後、キノコの発生を促すには一度{{FURNITURE.MUSHROOM_SHOCK_TANK}}に浸す必要があります。
RESOURCE.MUSHROOM.LUMBER.NOUN,,巨大キノコの茎
RESOURCE.MUSHROOM.LUMBER.PLURAL,,巨大キノコの茎
RESOURCE.MUSHROOM.LUMBER.TOOLTIP,,{{RESOURCE.LOGS.PLURAL}}と同じように使用できる巨大キノコの茎です。
RESOURCE.ORE.CRUSHED.NOUN,,砕いた鉱石
RESOURCE.ORE.CRUSHED.PLURAL,,砕いた鉱石
RESOURCE.ORE.CRUSHED.TOOLTIP,,金属成分の混ざった岩を砕いて砂利ほどの大きにしたもので、{{FURNITURE.BLOOMERY_FURNACE}}に投入することができます。
RESOURCE.ORE.UNREFINED.NOUN,,鉱石
RESOURCE.ORE.UNREFINED.PLURAL,,鉱石
RESOURCE.ORE.UNREFINED.TOOLTIP,,金属成分を含んだ岩です。加工することで金属として利用できるようになります。
RESOURCE.PLANKS.NOUN,,厚板
RESOURCE.PLANKS.PLURAL,,厚板
RESOURCE.PLANKS.TOOLTIP,,建築や工作に使うために、均一な寸法に切りそろえられた木材です。
RESOURCE.SHOCKED.MUSHROOM.LOG.NOUN,,キノコ原木
RESOURCE.SHOCKED.MUSHROOM.LOG.PLURAL,,キノコ原木
RESOURCE.SHOCKED.MUSHROOM.LOG.TOOLTIP,,この原木は外部からの刺激でキノコの発生を促すために水に漬けられており、収穫期が早まります。
RESOURCE.STONE.BLOCK.NOUN,,ブロック
RESOURCE.STONE.BLOCK.PLURAL,,ブロック
RESOURCE.STONE.BLOCK.TOOLTIP,,建築や工作に使いやすいよう、キューブ状に切り分けられた石です。
RESOURCE.STONE.UNREFINED.NOUN,,岩
RESOURCE.STONE.UNREFINED.PLURAL,,岩
RESOURCE.STONE.UNREFINED.TOOLTIP,,巨大な石です。何かに利用するには{{PROFESSION.STONEMASON}}で石材に整えなければなりません。
RESOURCE.WHEAT.SACK.NOUN,,小麦(袋入り)
RESOURCE.WHEAT.SACK.PLURAL,,小麦(袋入り)
RESOURCE.WHEAT.SACK.TOOLTIP,,
ROOMS.ARMOURY,,武器製造所
ROOMS.ARMOURY.TOOLTIP,,武器や防具を作成します。
ROOMS.ARTISAN_WORKSHOP,,
ROOMS.ARTISAN_WORKSHOP.TOOLTIP,,
ROOMS.BAKERY,,
ROOMS.BAKERY.TOOLTIP,,
ROOMS.BARRACKS,,
ROOMS.BARRACKS.TOOLTIP,,
ROOMS.BEDROOM,,寝室
ROOMS.BEDROOM.TOOLTIP,,入植者たちが寝る場所です。最低でも9タイル、できれば13タイル以上の大きさの寝室を持つことを彼らは期待しています。
ROOMS.BREWERY,,醸造所
ROOMS.BREWERY.TOOLTIP,,ビールを醸造し、入植者に楽しみを提供します。将来的には他のアルコール飲料にも対応する予定です。
ROOMS.BRIDGE,,橋
ROOMS.BRIDGE.TOOLTIP,,川の反対側に渡れるようにします。
ROOMS.CARPENTRY_WORKSHOP,,木工作業所
ROOMS.CARPENTRY_WORKSHOP.TOOLTIP,,木材から道具やその他のアイテムを生産する場所です。
ROOMS.COMPONENT.STOCKPILE.DESCRIPTION,,全{{total}}タイル中{{allocated}}タイルを使用中
ROOMS.FARM,,農地
ROOMS.FARM.PLURAL,,農地
ROOMS.FARM.TOOLTIP,,{{INGREDIENT.SEEDS.PLURAL}}を使って作物を育てます。{{MATERIAL_TYPE.EARTH.NOUN}}の上でなければなりません。
ROOMS.FEASTING_HALL,,宴会場
ROOMS.FEASTING_HALL.TOOLTIP,,入植者たちが食べ、飲み、騒ぐための場所です！
ROOMS.FUEL_REFINERY,,
ROOMS.FUEL_REFINERY.TOOLTIP,,
ROOMS.GRAVEYARD,,墓地
ROOMS.GRAVEYARD.TOOLTIP,,死せる入植者たちに安息の眠りを提供する場所です。
ROOMS.ITERATIVE_NAMED_ROOM,,
ROOMS.KITCHEN,,調理場
ROOMS.KITCHEN.TOOLTIP,,{{ROOMS.FEASTING_HALL}}で提供する食事を作る場所です。
ROOMS.LEATHER_WORKSHOP,,
ROOMS.LEATHER_WORKSHOP.TOOLTIP,,
ROOMS.MASONRY_WORKSHOP,,石工作業所
ROOMS.MASONRY_WORKSHOP.TOOLTIP,,石を加工してアイテムを生産する場所です。
ROOMS.MUSHROOM_FARM,,キノコ農場
ROOMS.MUSHROOM_FARM.TOOLTIP,,キノコを育て、収穫する場所です。栽培には{{INGREDIENT.MUSHROOM.SPAWN.NOUN}}や{{RESOURCE.LOGS.PLURAL}}が必要です。
ROOMS.SAWMILL,,製材所
ROOMS.SAWMILL.TOOLTIP,,{{RESOURCE.LOGS.PLURAL}}を{{RESOURCE.PLANKS.PLURAL}}などの材料に加工する場所です。
ROOMS.SMELTERY,,
ROOMS.SMELTERY.TOOLTIP,,
ROOMS.SMITHY,,
ROOMS.SMITHY.TOOLTIP,,
ROOMS.STOCKPILE,,保管場
ROOMS.STOCKPILE.TOOLTIP,,このエリアには、設定に応じてさまざまな種類のアイテムを置くことができます。
ROOMS.STOCKPILES,,保管場
ROOMS.STOCKPILES.TOOLTIP,,使わないものを後で取り出しやすい場所に保管します。
ROOMS.STOCKPILE_WITH_GROUP_NAME,,
ROOMS.TEXTILE_WORKSHOP,,紡績場
ROOMS.TEXTILE_WORKSHOP.TOOLTIP,,{{SEED.HEMP_SEED}}を色々な用途に使える繊維に加工します。
ROOMS.TRADING_DEPOT,,
ROOMS.TRADING_DEPOT.TOOLTIP,,
ROPE.AGED_ROPE,,
ROPE.BRONZED_ROPE,,
ROPE.GRAY_ROPE,,
ROPE.HEMP-ROPE,,麻
ROPE.TOBACCO_ROPE,,
RUSTED_SCRAP.NOUN,,スクラップ
RUSTED_SCRAP.TOOLTIP,,錆びて使用できなくなったアイテムの残骸です。
SEASON.AUTUMN,,秋
SEASON.SPRING,,春
SEASON.SUMMER,,夏
SEASON.WINTER,,冬
SEED.BARLEY_SEED,,大麦
SEED.BARLEY_SEED.TOOLTIP,,ビールの製造にのみ利用できる穀物です。植えられる時期は{{SEASON.SPRING}}、{{SEASON.SUMMER}}および{{SEASON.AUTUMN}}です。
SEED.BERSERKER_MUSHROOM_SPAWN,,ベルセルク
SEED.BERSERKER_MUSHROOM_SPAWN.TOOLTIP,,ピンク色の傘に白い斑点のあるキノコです。幻覚作用があり、戦士が戦いの前に使う薬物として用いられます。
SEED.CARROT_SEED,,ニンジン
SEED.CARROT_SEED.TOOLTIP,,ニンジンは{{SEASON.WINTER}}の霜にも耐える丈夫な根菜です。成長が早いものの少量しか収穫できません。植え付け時期は{{SEASON.SPRING}}、{{SEASON.SUMMER}}および{{SEASON.AUTUMN}}です。
SEED.CORN_SEED,,トウモロコシ
SEED.CORN_SEED.TOOLTIP,,トウモロコシからは豊かな収穫が得られます。しかし栽培には2季節かかり、{{SEASON.WINTER}}の寒さには耐えられないので、{{SEASON.SPRING}}の早い時期に植え付ける必要があります。
SEED.DEATH_CAP_SPAWN,,デスキャップ
SEED.DEATH_CAP_SPAWN.TOOLTIP,,幅広で平らな傘を持つ猛毒のキノコです。少し食べればほぼ確実に中毒を起こし、死に至ります。
SEED.ELFSBANE_SPAWN,,エルフスベイン
SEED.ELFSBANE_SPAWN.TOOLTIP,,このキノコは、ほとんどの人間と亜人間にとっては味のないただのキノコです。不思議なことにエルフには生理的に受け付けない味で、食べると凄い勢いで嘔吐しますし、ひどい場合には心臓発作を起こすこともあります。
SEED.FIST_SPAWN,,フィスト
SEED.FIST_SPAWN.TOOLTIP,,ヘビーでメタリックな味がする、黒と青のキノコです。暗黒の時代には、この名前を冠した吟遊詩人の一団がいたと言われています。
SEED.GLOW_SPAWN,,グロー
SEED.GLOW_SPAWN.TOOLTIP,,ひとりでに光を放ち、しかも季節ごとに色が変わる不思議なキノコです。
SEED.HEMP_SEED,,アサ
SEED.HEMP_SEED.TOOLTIP,,ロープや布地の製造に利用できる植物です。
SEED.HOPS_SEED,,ホップ
SEED.HOPS_SEED.TOOLTIP,,ビールの香り付けに使われる花です。植えるのは{{SEASON.SPRING}}でなければなりません。
SEED.MILTONIA_SPAWN,,ミルトニア
SEED.MILTONIA_SPAWN.TOOLTIP,,かつてはハッズ地方にしか存在しないと考えられていましたが、今では世界中で見られるようになりました。
SEED.POTATO_SEED,,ジャガイモ
SEED.POTATO_SEED.TOOLTIP,,{{SEASON.WINTER}}を越すことができるデンプン質が豊富な根菜で、ほとんどの入植地で栽培に適しています。{{SEASON.SPRING}}、{{SEASON.SUMMER}}もしくは{{SEASON.AUTUMN}}に植えられます。
SEED.PURPLE_HELMET_SPAWN,,パープルヘルメット
SEED.PURPLE_HELMET_SPAWN.TOOLTIP,,ふとっちょ帽子、ぽっこりターバン、ふわふわ兜…このキノコは色々な愛称で呼ばれます。伝説によれば遠い昔、多くのドワーフの集落が栽培されたこのキノコだけで食を賄っていたということです。
SEED.ROCIOMYCOTA_MUSHROOM_SPAWN,,ロキオミコッタ
SEED.ROCIOMYCOTA_MUSHROOM_SPAWN.TOOLTIP,,白と黒の斑点があるキノコです。食べた人の容姿に影響を与える作用があることが知られています。
SEED.SUNGLOW_SPAWN,,サングロー
SEED.SUNGLOW_SPAWN.TOOLTIP,,太陽の光を浴びて輝く明るい黄色のキノコです。 収穫された瞬間に輝きは失われます。
SEED.SYRUP_POWDER_SPAWN,,シロップパウダー
SEED.SYRUP_POWDER_SPAWN.TOOLTIP,,表はオレンジや黄色、裏側は白い丸いキノコです。遠い昔には魔術師が使っていたと言われています。何のために使っていたのかまでは伝わっていませんが。
SEED.TOMATO_SEED,,トマト
SEED.TOMATO_SEED.TOOLTIP,,野菜として食べられる大きな赤い実をつける植物です。{{SEASON.SPRING}}に植えられます。
SEED.WHEAT_SEED,,小麦
SEED.WHEAT_SEED.TOOLTIP,,この穀物はふつうパン作りに使われます。{{SEASON.WINTER}}でも枯れずに残りますが、生育が遅くなります。そのため{{SEASON.SPRING}}か{{SEASON.AUTUMN}}に植えられます。
SHRUB.DESCRIPTION,,藪
SKILL.ARCHERY.FEMALE_NOUN,,
SKILL.ARCHERY.MALE_NOUN,,
SKILL.ARCHERY.TOOLTIP,,
SKILL.AXES.FEMALE_NOUN,,
SKILL.AXES.MALE_NOUN,,
SKILL.AXES.TOOLTIP,,
SKILL.CROSSBOWS.FEMALE_NOUN,,
SKILL.CROSSBOWS.MALE_NOUN,,
SKILL.CROSSBOWS.TOOLTIP,,
SKILL.MACES.FEMALE_NOUN,,
SKILL.MACES.MALE_NOUN,,
SKILL.MACES.TOOLTIP,,
SKILL.SWORDSMANSHIP.FEMALE_NOUN,,
SKILL.SWORDSMANSHIP.MALE_NOUN,,
SKILL.SWORDSMANSHIP.TOOLTIP,,
SKILL.UNARMED_COMBAT.FEMALE_NOUN,,
SKILL.UNARMED_COMBAT.MALE_NOUN,,
SKILL.UNARMED_COMBAT.TOOLTIP,,
SKIN.BOAR_HIDE,,
SKIN.DEER_HIDE,,
SKIN.DWARF_HIDE,,
SKIN.ELEPHANT_HIDE,,
SKIN.HORSE_HIDE,,
STATUS.ALCOHOL_WITHDRAWL,,酔いが醒めた
STATUS.BLEEDING,,出血
STATUS.BLINDED,,盲目
STATUS.DEATH,,死亡
STATUS.DRUNK,,飲酒
STATUS.DYING_OF_HUNGER,,飢餓
STATUS.DYING_OF_THIRST,,脱水症状
STATUS.EXHAUSTED,,疲労
STATUS.INTERNAL_BLEEDING,,大量出血
STATUS.KNOCKED_UNCONSCIOUS,,意識不明
STATUS.LOSS_MAIN_HAND,,
STATUS.LOSS_OFF_HAND,,
STATUS.MOVEMENT_IMPAIRED,,移動阻害
STATUS.ON_FIRE,,炎上
STATUS.POISONED,,中毒
STATUS.TEMPORARILY_BLINDED,,一時的な盲目
STATUS.VERY_HUNGRY,,空腹
STATUS.VERY_THIRSTY,,渇き
STOCKPILE.GROUP.FOOD,,生鮮食品
STOCKPILE.GROUP.FOOD.TOOLTIP,,消費期限のある果物や野菜を保存します。
STOCKPILE.GROUP.FUEL,,燃料
STOCKPILE.GROUP.GRANARY,,穀物
STOCKPILE.GROUP.GRANARY.TOOLTIP,,消費期限のない穀物や種子を保存します。
STOCKPILE.GROUP.PRODUCTS,,製造品
STOCKPILE.GROUP.RAW_MATERIALS,,素材
STOCKPILE.GROUP.SEEDS,,種
STOCKPILE.GROUP.TOOLS,,道具
STOCKPILE.GROUP.TOOLS.TOOLTIP,,作業に必要な道具を保管します。
STOCKPILE.GROUP.TREASURE,,
STOCKPILE.GROUP.WEAPONS,,武器
STOCKPILE.GROUP.WEAPONS.TOOLTIP,,武器を保管します。
STONE.BASALT.ADJECTIVE,,玄武岩の
STONE.BASALT.NOUN,,玄武岩
STONE.BASALT.TOOLTIP,,溶岩が急速に冷却されてできた火成岩です。世界中の火山の岩は、そのほとんどが玄武岩です。
STONE.DOLOSTONE.ADJECTIVE,,苦灰岩の
STONE.DOLOSTONE.NOUN,,苦灰岩
STONE.DOLOSTONE.TOOLTIP,,主にドロマイトという鉱物でできている堆積岩で、そのためドロマイト岩とも呼ばれます。
STONE.FRONITE.ADJECTIVE,,閃青岩の
STONE.FRONITE.NOUN,,閃青岩
STONE.FRONITE.TOOLTIP,,閃青岩は主に北方の氷に閉ざされた島で産出される青みがかった岩石です。鉄分を多く含んでいます。
STONE.GRANITE.ADJECTIVE,,花崗岩の
STONE.GRANITE.NOUN,,花崗岩
STONE.GRANITE.TOOLTIP,,よくある火成岩です。石英の割合が多く、特定の宝石を探すのに適しています。
STONE.LIMESTONE.ADJECTIVE,,石灰岩の
STONE.LIMESTONE.NOUN,,石灰岩
STONE.LIMESTONE.TOOLTIP,,淡い色をした堆積岩で、建築材料に適しています。また、{{METAL.STEEL.NOUN}}を製造する際の融剤としても使われます。
STONE.MARBLE.ADJECTIVE,,大理石の
STONE.MARBLE.NOUN,,大理石
STONE.MARBLE.TOOLTIP,,この変成岩は美しい外観のため、彫刻や石細工に最適な素材として珍重されます。
STONE.SANDSTONE.ADJECTIVE,,砂岩の
STONE.SANDSTONE.NOUN,,砂岩
STONE.SANDSTONE.TOOLTIP,,砂のような断片からなる堆積岩です。
STONE.SHALE.ADJECTIVE,,頁岩の
STONE.SHALE.NOUN,,頁岩
STONE.SHALE.TOOLTIP,,加圧された泥からなる細粒の堆積岩です。ページをめくるように、簡単に薄い層に分けることができます。
STONE.SLATE.ADJECTIVE,,粘板岩の
STONE.SLATE.NOUN,,粘板岩
STONE.SLATE.TOOLTIP,,通常{{STONE.SHALE.NOUN}}から形成される変成岩です。屋根や文字を書くための黒板としてよく使われます。
TOOL.AXE.NOUN,,斧
TOOL.AXE.PLURAL,,
TOOL.AXE.TOOLTIP,,木を切り倒すのに使います。{{PROFESSION.WOODCUTTER}}に必要な道具です。
TOOL.CHISEL.NOUN,,ノミ
TOOL.CHISEL.PLURAL,,
TOOL.CHISEL.TOOLTIP,,岩石を彫り、形を整えるのに用います。{{PROFESSION.STONEMASON}}が使う道具のひとつです。
TOOL.FISHING.ROD.NOUN,,釣り竿
TOOL.FISHING.ROD.PLURAL,,
TOOL.FISHING.ROD.TOOLTIP,,魚を釣るために使います。{{PROFESSION.FISHER}}が持つべきものです。
TOOL.KITCHEN.KNIFE.NOUN,,包丁
TOOL.KITCHEN.KNIFE.PLURAL,,
TOOL.KITCHEN.KNIFE.TOOLTIP,,食材、特に肉を調理する際に使います。
TOOL.LARGE.HAMMER.NOUN,,大槌
TOOL.LARGE.HAMMER.PLURAL,,
TOOL.LARGE.HAMMER.TOOLTIP,,石や金属などの大きなものを叩いて形を整えるのに使います。{{PROFESSION.BLACKSMITH}}の仕事道具です。
TOOL.PICKAXE.NOUN,,つるはし
TOOL.PICKAXE.PLURAL,,
TOOL.PICKAXE.TOOLTIP,,岩を砕くのに使います。 {{PROFESSION.MiNER}}の持ち物です。
TOOL.PLANE.NOUN,,かんな
TOOL.PLANE.PLURAL,,
TOOL.PLANE.TOOLTIP,,木造建築や木製品の形を整えるのに使います。{{PROFESSION.CARPENTER}}の道具です。
TOOL.ROLLING.PIN.NOUN,,麺棒
TOOL.ROLLING.PIN.PLURAL,,
TOOL.ROLLING.PIN.TOOLTIP,,生地を作るのに使います。{{PROFESSION.CHEF}}の道具のひとつです。
TOOL.SAW.NOUN,,ノコギリ
TOOL.SAW.PLURAL,,
TOOL.SAW.TOOLTIP,,材木を切ったり形を整えるために使います。{{ROOMS.SAWMILL}}が必要とします。
TOOL.SMALL.HAMMER.NOUN,,ハンマー
TOOL.SMALL.HAMMER.PLURAL,,
TOOL.SMALL.HAMMER.TOOLTIP,,小さな石や金属を叩いて形を整えるのに使います。{{PROFESSION.BLACKSMITH}}道具のひとつです。
TOOL.TONGS.NOUN,,トング
TOOL.TONGS.PLURAL,,
TOOL.TONGS.TOOLTIP,,赤熱した金属をつかむために使用されます。金属や鉱石を溶融する時に必要になります。
TREASURE.COIN.NOUN,,
TREASURE.COIN.PLURAL,,
TREASURE.COIN.TOOLTIP,,
TREASURE.GEM.NOUN,,
TREASURE.GEM.PLURAL,,
TREASURE.GEM.TOOLTIP,,
TREE.DESCRIPTION,,{{materialType.noun}}の木
TUTORIAL.COMPLETED.A,,
TUTORIAL.COMPLETED.B,,
TUTORIAL.COMPLETED.C,,
TUTORIAL.COMPLETED.D,,
TUTORIAL.CRAFTING.A,,
TUTORIAL.CRAFTING.B,,
TUTORIAL.CRAFTING.C,,
TUTORIAL.CRAFTING_SELECTION.A,,
TUTORIAL.CRAFTING_SELECTION.B,,
TUTORIAL.CRAFTING_SELECTION.C,,
TUTORIAL.DISMISS_DIALOG.CONFIRM_TEXT,,
TUTORIAL.DISMISS_DIALOG.DESCRIPTION,,
TUTORIAL.DISMISS_DIALOG.TITLE,,
TUTORIAL.FARMING.A,,
TUTORIAL.FARMING.B,,
TUTORIAL.FARMING_2.A,,
TUTORIAL.FARMING_2.A.STEAMDECK,,
TUTORIAL.FARMING_2.B,,
TUTORIAL.FEASTING_HALL.A,,
TUTORIAL.FEASTING_HALL.B,,
TUTORIAL.FEASTING_HALL.C,,
TUTORIAL.FOOD_COMPLETE.A,,
TUTORIAL.FOOD_COMPLETE.B,,
TUTORIAL.KITCHEN.A,,
TUTORIAL.KITCHEN.B,,
TUTORIAL.KITCHEN.C,,
TUTORIAL.MAIN_VIEW.A,,
TUTORIAL.MAIN_VIEW.B,,
TUTORIAL.MAIN_VIEW.C,,
TUTORIAL.MAIN_VIEW.C.STEAMDECK,,
TUTORIAL.MANAGEMENT_BUTTONS.DESCRIPTION,,
TUTORIAL.MANAGEMENT_BUTTONS.RESOURCE_MANAGEMENT,,
TUTORIAL.MANAGEMENT_BUTTONS.SETTLER_MANAGEMENT,,
TUTORIAL.MINIMAP.DESCRIPTION,,
TUTORIAL.MINIMAP.PROGRESS,,
TUTORIAL.MINIMAP.PROGRESS.STEAMDECK,,
TUTORIAL.NEEDS.A,,
TUTORIAL.NEEDS.B,,
TUTORIAL.NEEDS.C,,
TUTORIAL.PROFESSIONS.A,,
TUTORIAL.PROFESSIONS.B,,
TUTORIAL.PROFESSIONS.C,,
TUTORIAL.PROGRESS_DESCRIPTION.FARM_PLOT_SELECTIONS,,箇所の作物の割り当てられた{{ROOMS.FARM.PLURAL}}　
TUTORIAL.PROGRESS_DESCRIPTION.PROFESSIONS_ASSIGNED,,割り当てられた{{professionPlural}} 
TUTORIAL.PROGRESS_DESCRIPTION.TEXT,,目標: {{requiredQuantity}} {{targetDescription}}　現在:{{currentQuantity}} 
TUTORIAL.PROGRESS_DESCRIPTION.TILES,,タイルの{{roomName}}
TUTORIAL.RESOURCES.A,,
TUTORIAL.RESOURCES.B,,
TUTORIAL.RESOURCES.C,,
TUTORIAL.RESOURCE_COLLECTION.A,,
TUTORIAL.RESOURCE_COLLECTION.B,,
TUTORIAL.SAVING.A,,進行状況は深夜に自動的に保存され、ゲームを終了したときにも保存されます。F5キーを押してクイックセーブすることもできます。
TUTORIAL.SAVING.A.STEAMDECK,,
TUTORIAL.SAVING.B,,
TUTORIAL.SAVING.B.STEAMDECK,,
TUTORIAL.SAVING.C,,
TUTORIAL.SHOW_LABEL,,
TUTORIAL.START.CAMERA_CONTROLS_1,,
TUTORIAL.START.CAMERA_CONTROLS_1.STEAMDECK,,
TUTORIAL.START.CAMERA_CONTROLS_2,,
TUTORIAL.START.CAMERA_CONTROLS_2.STEAMDECK,,
TUTORIAL.START.INTRO_1,,
TUTORIAL.START.INTRO_2,,
TUTORIAL.STOCKPILES.A,,
TUTORIAL.STOCKPILES.B,,
TUTORIAL.TIME_AND_DATE.DESCRIPTION,,
TUTORIAL.TIME_AND_DATE.FAST_SPEED_STEP,,
TUTORIAL.TIME_AND_DATE.FAST_SPEED_STEP.STEAMDECK,,
TUTORIAL.TIME_AND_DATE.NORMAL_SPEED_STEP,,
TUTORIAL.TIME_AND_DATE.NORMAL_SPEED_STEP.STEAMDECK,,
TUTORIAL.TIME_AND_DATE.PAUSE_STEP,,
TUTORIAL.TIME_AND_DATE.PAUSE_STEP.STEAMDECK,,
TUTORIAL.VIEW_MODES.DEFAULT_STEP,,
TUTORIAL.VIEW_MODES.DEFAULT_STEP.STEAMDECK,,
TUTORIAL.VIEW_MODES.DESCRIPTION,,
TUTORIAL.VIEW_MODES.OTHER_STEP,,
TUTORIAL.VIEW_MODES.OTHER_STEP.STEAMDECK,,
TUTORIAL.WORKSHOPS.A,,
TUTORIAL.WORKSHOPS.B,,
TUTORIAL.WORKSHOPS.C,,
TUTORIAL.WORKSHOPS.C.STEAMDECK,,
TUTORIAL.WORKSHOPS.D,,
VEGETABLE.BARLEY,,大麦
VEGETABLE.BARLEY.PLURAL,,大麦
VEGETABLE.BARLEY.TOOLTIP,,ビールの製造にのみ利用できる穀物です。植えられる時期は{{SEASON.SPRING}}、{{SEASON.SUMMER}}および{{SEASON.AUTUMN}}です。
VEGETABLE.BERSERKER_MUSHROOM,,ベルセルクマッシュルーム
VEGETABLE.BERSERKER_MUSHROOM.PLURAL,,ベルセルクマッシュルーム
VEGETABLE.BERSERKER_MUSHROOM.TOOLTIP,,ピンク色の傘に白い斑点のあるキノコです。幻覚作用があり、戦士が戦いの前に使う薬物として用いられます。
VEGETABLE.CARROT,,ニンジン
VEGETABLE.CARROT.PLURAL,,ニンジン
VEGETABLE.CARROT.TOOLTIP,,ニンジンは{{SEASON.WINTER}}の霜にも耐える丈夫な根菜です。成長が早いものの少量しか収穫できません。植え付け時期は{{SEASON.SPRING}}、{{SEASON.SUMMER}}および{{SEASON.AUTUMN}}です。
VEGETABLE.CORN,,トウモロコシ
VEGETABLE.CORN.PLURAL,,トウモロコシ
VEGETABLE.CORN.TOOLTIP,,トウモロコシからは豊かな収穫が得られます。しかし栽培には2季節かかり、{{SEASON.WINTER}}の寒さには耐えられないので、{{SEASON.SPRING}}の早い時期に植え付ける必要があります。
VEGETABLE.DEATH_CAP_MUSHROOM,,デスキャップマッシュルーム
VEGETABLE.DEATH_CAP_MUSHROOM.PLURAL,,デスキャップマッシュルーム
VEGETABLE.DEATH_CAP_MUSHROOM.TOOLTIP,,幅広で平らな傘を持つ猛毒のキノコです。少し食べればほぼ確実に中毒を起こし、死に至ります。
VEGETABLE.DRAGONFRUIT,,ドラゴンフルーツ
VEGETABLE.DRAGONFRUIT.PLURAL,,ドラゴンフルーツ
VEGETABLE.ELFSBANE_MUSHROOM,,エルフスベインマッシュルーム
VEGETABLE.ELFSBANE_MUSHROOM.PLURAL,,エルフスベインマッシュルーム
VEGETABLE.ELFSBANE_MUSHROOM.TOOLTIP,,このキノコは、ほとんどの人間と亜人間にとっては味のないただのキノコです。不思議なことにエルフには生理的に受け付けない味で、食べると凄い勢いで嘔吐しますし、ひどい場合には心臓発作を起こすこともあります。
VEGETABLE.FIST_MUSHROOM,,フィストマッシュルーム
VEGETABLE.FIST_MUSHROOM.PLURAL,,フィストマッシュルーム
VEGETABLE.FIST_MUSHROOM.TOOLTIP,,ヘビーでメタリックな味がする、黒と青のキノコです。暗黒の時代には、この名前を冠した吟遊詩人の一団がいたと言われています。
VEGETABLE.FOR_BEER.USAGE,,
VEGETABLE.FUNGOLEM_MUSHROOM,,
VEGETABLE.FUNGOLEM_MUSHROOM.PLURAL,,
VEGETABLE.FUNGOLEM_MUSHROOM.TOOLTIP,,
VEGETABLE.GLOW_MUSHROOM,,グローマッシュルーム
VEGETABLE.GLOW_MUSHROOM.PLURAL,,グローマッシュルーム
VEGETABLE.GLOW_MUSHROOM.TOOLTIP,,ひとりでに光を放ち、しかも季節ごとに色が変わる不思議なキノコです。
VEGETABLE.HEMP,,麻
VEGETABLE.HEMP.PLURAL,,麻
VEGETABLE.HEMP.TOOLTIP,,{{ROOMS.TEXTILE_WORKSHOP}}で役に立つ材料に加工できます。
VEGETABLE.HEMP.USAGE,,
VEGETABLE.HEMP_FIBRE,,麻糸
VEGETABLE.HEMP_FIBRE.PLURAL,,麻糸
VEGETABLE.HOPS,,ホップ
VEGETABLE.HOPS.PLURAL,,ホップ
VEGETABLE.HOPS.TOOLTIP,,ビールの香り付けに使われる花です。植えるのは{{SEASON.SPRING}}でなければなりません。
VEGETABLE.INGREDIENT.USAGE,,
VEGETABLE.LOQUAT,,ロクアット
VEGETABLE.LOQUAT.PLURAL,,ロクアット
VEGETABLE.MILTONIA_MUSHROOM,,ミルトニアマッシュルーム
VEGETABLE.MILTONIA_MUSHROOM.PLURAL,,ミルトニアマッシュルーム
VEGETABLE.MILTONIA_MUSHROOM.TOOLTIP,,かつてはハッズ地方にしか存在しないと考えられていましたが、今では世界中で見られるようになりました。
VEGETABLE.POTATO,,ジャガイモ
VEGETABLE.POTATO.PLURAL,,ジャガイモ
VEGETABLE.POTATO.TOOLTIP,,{{SEASON.WINTER}}を越すことができるデンプン質が豊富な根菜で、ほとんどの入植地で栽培に適しています。{{SEASON.SPRING}}、{{SEASON.SUMMER}}もしくは{{SEASON.AUTUMN}}に植えられます。
VEGETABLE.PURPLE_HELMET_MUSHROOM,,パープルヘルメットマッシュルーム
VEGETABLE.PURPLE_HELMET_MUSHROOM.PLURAL,,パープルヘルメットマッシュルーム
VEGETABLE.PURPLE_HELMET_MUSHROOM.TOOLTIP,,ふとっちょ帽子、ぽっこりターバン、ふわふわ兜…このキノコは色々な愛称で呼ばれます。伝説によれば遠い昔、多くのドワーフたちはこのキノコを栽培するだけで食を賄っていたということです。
VEGETABLE.ROCIOMYCOTA_MUSHROOM,,ロキオミコッタマッシュルーム
VEGETABLE.ROCIOMYCOTA_MUSHROOM.PLURAL,,ロキオミコッタマッシュルーム
VEGETABLE.ROCIOMYCOTA_MUSHROOM.TOOLTIP,,白と黒の斑点があるキノコです。食べた人の容姿に影響を与える作用があることが知られています。
VEGETABLE.SUNGLOW_MUSHROOM,,サングローマッシュルーム
VEGETABLE.SUNGLOW_MUSHROOM.PLURAL,,サングローマッシュルーム
VEGETABLE.SUNGLOW_MUSHROOM.TOOLTIP,,太陽の光を浴びて輝く明るい黄色のキノコです。 収穫された瞬間に輝きは失われます。
VEGETABLE.SYRUP_POWDER_MUSHROOM,,シロップパウダーマッシュルーム
VEGETABLE.SYRUP_POWDER_MUSHROOM.PLURAL,,シロップパウダーマッシュルーム
VEGETABLE.SYRUP_POWDER_MUSHROOM.TOOLTIP,,表はオレンジや黄色、裏側は白い丸いキノコです。遠い昔には魔術師が使っていたと言われています。何のために使っていたのかまでは伝わっていませんが。
VEGETABLE.TAMARILLO,,ツリートマト
VEGETABLE.TAMARILLO.PLURAL,,ツリートマト
VEGETABLE.THIMBLEBERRY,,ノイチゴ
VEGETABLE.THIMBLEBERRY.PLURAL,,ノイチゴ
VEGETABLE.TOMATO,,トマト
VEGETABLE.TOMATO.PLURAL,,トマト
VEGETABLE.TOMATO.TOOLTIP,,野菜として食べられる大きな赤い実をつける植物です。{{SEASON.SPRING}}に植えられます。
VEGETABLE.WHEAT,,小麦
VEGETABLE.WHEAT.PLURAL,,小麦
VEGETABLE.WHEAT.TOOLTIP,,この穀物はふつうパン作りに使われます。{{SEASON.WINTER}}でも枯れずに残りますが、生育が遅くなります。そのため{{SEASON.SPRING}}か{{SEASON.AUTUMN}}に植えられます。
VEGETABLE.WHEAT.USAGE,,
VEHICLE.DESCRIPTION,,
WALL.DESCRIPTION,,{{materialType.adjective}}{{wallType.noun}}
WALL.GEMS.NOUN,,宝石
WALL.ORE.NOUN,,鉱石
WALL.ROUGH_STONE.NOUN,,岩壁
WALL.STONE_BLOCK.NOUN,,磨かれた石壁
WALL.WOODEN.NOUN,,木壁
WEAPON.BATTLE.AXE,,
WEAPON.BATTLE.HAMMER,,
WEAPON.BONE.ARROW.HEADS.NOUN,,
WEAPON.BONE.ARROW.HEADS.PLURAL,,
WEAPON.BONE.ARROWS.NOUN,,矢
WEAPON.BONE.ARROWS.PLURAL,,矢
WEAPON.BOW,,弓
WEAPON.CROSSBOW,,
WEAPON.METAL.ARROW.HEADS.NOUN,,
WEAPON.METAL.ARROW.HEADS.PLURAL,,
WEAPON.METAL.ARROWS.NOUN,,矢
WEAPON.METAL.ARROWS.PLURAL,,矢
WEAPON.METAL.BOLTS.NOUN,,
WEAPON.METAL.BOLTS.PLURAL,,
WEAPON.METAL.SHIELD,,
WEAPON.NONE,,
WEAPON.NO_ARMOUR,,
WEAPON.NO_SHIELD,,
WEAPON.SWORD,,
WEAPON.UNARMED,,非武装
WEAPON.WOODEN.SHIELD,,
WEATHER.TYPE.CLOUDY,,曇
WEATHER.TYPE.COLD_WINDS,,強風
WEATHER.TYPE.PERFECT,,晴天
WEATHER.TYPE.RAIN,,雨
WEATHER.TYPE.SNOW,,雪
WEATHER.TYPE.THUNDERSTORM,,雷雲
WOOD.ASPEN.ADJECTIVE,,ポプラの
WOOD.ASPEN.NOUN,,ポプラ
WOOD.BAOBAB.ADJECTIVE,,バオバブの
WOOD.BAOBAB.NOUN,,バオバブ
WOOD.BARKSHROOM.ADJECTIVE,,バークシュルームの
WOOD.BARKSHROOM.NOUN,,バークシュルーム
WOOD.BEECH.ADJECTIVE,,ブナの
WOOD.BEECH.NOUN,,ブナ
WOOD.BIRCH.ADJECTIVE,,カバの
WOOD.BIRCH.NOUN,,カバ
WOOD.EBONY.ADJECTIVE,,コクタンの
WOOD.EBONY.NOUN,,コクタン
WOOD.FIR.ADJECTIVE,,モミの
WOOD.FIR.NOUN,,モミ
WOOD.FUNGIWOOD.ADJECTIVE,,ファンギウッドの
WOOD.FUNGIWOOD.NOUN,,ファンギウッド
WOOD.IRONWOOD.ADJECTIVE,,アイアンウッドの
WOOD.IRONWOOD.NOUN,,アイアンウッド
WOOD.MAPLE.ADJECTIVE,,カエデの
WOOD.MAPLE.NOUN,,カエデ
WOOD.NUYTSIA.ADJECTIVE,,ヤドリギの
WOOD.NUYTSIA.NOUN,,ヤドリギ
WOOD.OAK.ADJECTIVE,,オークの
WOOD.OAK.NOUN,,オーク
WOOD.PECAN.ADJECTIVE,,クルミの
WOOD.PECAN.NOUN,,クルミ
WOOD.PINE.ADJECTIVE,,マツの
WOOD.PINE.NOUN,,マツ
WOOD.RED_CEDAR.ADJECTIVE,,スギの
WOOD.RED_CEDAR.NOUN,,スギ
WOOD.RED_EMPEROR.ADJECTIVE,,カシワの
WOOD.RED_EMPEROR.NOUN,,カシワ
WOOD.ROSEWOOD.ADJECTIVE,,シタンの
WOOD.ROSEWOOD.NOUN,,シタン
WOOD.SPRUCE.ADJECTIVE,,モミの
WOOD.SPRUCE.NOUN,,モミ
WOOD.STAR_PINE.ADJECTIVE,,スターパインの
WOOD.STAR_PINE.NOUN,,スターパイン
WOOD.SYCAMORE.ADJECTIVE,,プラタナスの
WOOD.SYCAMORE.NOUN,,プラタナス
