KEY,NOTES,PORTUGUESE
ACTION.DRINK_FROM_RIVER,,
ACTION.JOB.BUTCHER_CREATURE,,
ACTION.JOB.CLEAR_GROUND,,Limpar {{plantDescription}}
ACTION.JOB.CONSTRUCT_FLOORING,,
ACTION.JOB.CONSTRUCT_FURNITURE,,{{profession.verb}} {{targetDescription}}
ACTION.JOB.CONSTRUCT_MECHANISM,,
ACTION.JOB.CONSTRUCT_PIPING,,
ACTION.JOB.CONSTRUCT_ROOFING,,
ACTION.JOB.CREATE_GENERIC,,Produzindo {{targetDescription}}
ACTION.JOB.DECONSTRUCT,,A remover {{targetDescription}}
ACTION.JOB.DECONSTRUCT_MECHANISM,,
ACTION.JOB.DECONSTRUCT_PIPING,,
ACTION.JOB.DECONSTRUCT_ROOFING,,
ACTION.JOB.DIGGING,,Cavando {{targetDescription}}
ACTION.JOB.DUMP_LIQUID_FROM_CONTAINER,,
ACTION.JOB.EXTINGUISH_FLAMES,,
ACTION.JOB.FILL_GRAVE,,Preenchimento {{targetDescription}}
ACTION.JOB.FISHING,,
ACTION.JOB.GENERIC,,{{profession.verb}} {{targetDescription}}
ACTION.JOB.HARVESTING,,A colher {{targetPlant}}
ACTION.JOB.INNOCULATE_MUSHROOM_LOG,,Injetar desova de cogumelos
ACTION.JOB.LOGGING,,{{profession.verb}} {{targetPlant}}
ACTION.JOB.PLANTING,,A plantar {{requiredItem}}
ACTION.JOB.REMOVE_PESTS_FROM_CROP,,A remover pragas de {{targetPlant}}
ACTION.JOB.SHOVELLING,,Pás {{targetDescription}}
ACTION.JOB.TILLING,,A lavrar a terra
ACTION.JOB.TRANSFER_LIQUID,,A encher {{targetDescription}}
ACTION.KNOCKED_UNCONSCIOUS,,
ACTION.MALTING.VERB,,
ACTION.PREPARATION.VERB,,Preparando
ACTION.SELECT_JOB.DESCRIPTION,,À procura de trabalho
ACTION.SLEEP_ON_FLOOR.DESCRIPTION,,A dormir em {{tileDescription}}
ACTION.STUNNED,,
ARMOUR.LEATHER,,
ARMOUR.LEATHER.TOOLTIP,,
ARMOUR.ORC.HEAVY,,
ARMOUR.ORC.LIGHT,,
ARMOUR.PLATE,,
ARMOUR.PLATE.TOOLTIP,,
ASHES.NOUN,,
BODY_STRUCTURE.ABDOMEN,,
BODY_STRUCTURE.ARM,,
BODY_STRUCTURE.CEPHALOTHORAX,,
BODY_STRUCTURE.DAMAGE.BLEEDING,,
BODY_STRUCTURE.DAMAGE.BROKENBONES,,
BODY_STRUCTURE.DAMAGE.BRUISED,,
BODY_STRUCTURE.DAMAGE.DESTROYED,,
BODY_STRUCTURE.DAMAGE.NOT_INJURED,,
BODY_STRUCTURE.DISCRIMINATOR.BACKLEFT,,
BODY_STRUCTURE.DISCRIMINATOR.BACKRIGHT,,
BODY_STRUCTURE.DISCRIMINATOR.FIRSTLEFT,,
BODY_STRUCTURE.DISCRIMINATOR.FIRSTRIGHT,,
BODY_STRUCTURE.DISCRIMINATOR.FOURTHLEFT,,
BODY_STRUCTURE.DISCRIMINATOR.FOURTHRIGHT,,
BODY_STRUCTURE.DISCRIMINATOR.FRONTLEFT,,
BODY_STRUCTURE.DISCRIMINATOR.FRONTRIGHT,,
BODY_STRUCTURE.DISCRIMINATOR.LEFT,,
BODY_STRUCTURE.DISCRIMINATOR.RIGHT,,
BODY_STRUCTURE.DISCRIMINATOR.SECONDLEFT,,
BODY_STRUCTURE.DISCRIMINATOR.SECONDRIGHT,,
BODY_STRUCTURE.DISCRIMINATOR.THIRDLEFT,,
BODY_STRUCTURE.DISCRIMINATOR.THIRDRIGHT,,
BODY_STRUCTURE.FOOT,,
BODY_STRUCTURE.HAND,,
BODY_STRUCTURE.HEAD,,
BODY_STRUCTURE.HOOF,,
BODY_STRUCTURE.LEFT-ARM,,
BODY_STRUCTURE.LEFT-HAND,,
BODY_STRUCTURE.LEG,,
BODY_STRUCTURE.ORGAN.BRAIN,,
BODY_STRUCTURE.ORGAN.EYE,,
BODY_STRUCTURE.ORGAN.HEART,,
BODY_STRUCTURE.ORGAN.INTESTINES,,
BODY_STRUCTURE.ORGAN.KIDNEY,,
BODY_STRUCTURE.ORGAN.LUNG,,
BODY_STRUCTURE.ORGAN_DAMAGE.DESTROYED,,
BODY_STRUCTURE.ORGAN_DAMAGE.HEAVY,,
BODY_STRUCTURE.ORGAN_DAMAGE.LIGHT,,
BODY_STRUCTURE.PAW,,
BODY_STRUCTURE.RIGHT-ARM,,
BODY_STRUCTURE.RIGHT-HAND,,
BODY_STRUCTURE.TORSO,,
BODY_STRUCTURE.TRUNK,,
BONE.BONE,,
CARCASS.CARP.PREPARED.NOUN,,
CARCASS.CARP.PREPARED.PLURAL,,
CARCASS.GROUP,,
CARCASS.HIDE.NOUN,,
CARCASS.HIDE.PLURAL,,
CARCASS.MEAT.LARGE,,
CARCASS.MEAT.MEDIUM,,
CARCASS.MEAT.SMALL,,
CARCASS.PERCH.PREPARED.NOUN,,
CARCASS.PERCH.PREPARED.PLURAL,,
CARCASS.PIKE.PREPARED.NOUN,,
CARCASS.PIKE.PREPARED.PLURAL,,
CLOTH.BRONZED_HEMP,,
CLOTH.HEMP-LINEN,,
CLOTH.LIGHT_HEMP,,
CLOTH.TOBACCO_CLOTH,,
COMBAT.DAMAGE_TYPE.CRUSHING,,
COMBAT.DAMAGE_TYPE.SLASHING,,
COMBAT.DAMAGE_TYPE.STABBING,,
COMBAT.DESCRIPTION.FLEEING,,
COMBAT.DESCRIPTION.GENERIC,,
COMBAT.DESCRIPTION.VERSUS_OPPONENT,,
CONSTRUCTION.DESCRIPTION,,Construção de {{materialType.adjective}} {{furnitureType.noun}}
CONSTRUCTION.REQUIREMENT_ALLOCATION,,
CONSTRUCTION.REQUIREMENT_RECIPE_MULTIPLE,,
CONSTRUCTION.REQUIREMENT_RECIPE_SINGULAR,,
CONSTRUCTION.STATUS.CLEARING_WORK_SITE,,A remover outros itens
CONSTRUCTION.STATUS.CLEARING_WORK_SITE.TOOLTIP,,Há itens que precisam ser removidos da área de construção deste mobiliário antes que ele possa progredir.
CONSTRUCTION.STATUS.SELECTING_MATERIALS,,A aguardar por mais {{materialType}} {{itemDescription.plural}} disponível
CONSTRUCTION.STATUS.WAITING_FOR_COMPLETION,,Em construção
CONSTRUCTION.STATUS.WAITING_FOR_RESOURCES,,A aguardar a chegada de recursos
COOKING.BREAD.DESCRIPTION,,{{materialDescription}} pão
COOKING.DUAL_INGREDIENT.DESCRIPTION,,{{materialOne}} e {{materialTwo}}
COOKING.RATION.DESCRIPTION,,
COOKING.SOUP.DESCRIPTION,,Sopa de {{materialDescription}}
COOKING.TRIPLE_INGREDIENT.DESCRIPTION,,
CRAFTING_TYPE.BAKING,,
CRAFTING_TYPE.BLACKSMITHING,,
CRAFTING_TYPE.BONE_CRAFTING,,
CRAFTING_TYPE.CARPENTRY,,
CRAFTING_TYPE.CARVING_VERB,,
CRAFTING_TYPE.COKE_OVEN_BAKING,,
CRAFTING_TYPE.FERMENTING,,
CRAFTING_TYPE.FINE_DETAIL_CRAFTING,,
CRAFTING_TYPE.FLETCHING,,
CRAFTING_TYPE.LEATHERWORKING,,
CRAFTING_TYPE.MALTING,,
CRAFTING_TYPE.MALT_MASHING,,
CRAFTING_TYPE.MILLING,,
CRAFTING_TYPE.MINTING,,
CRAFTING_TYPE.ORE_CRUSHING,,
CRAFTING_TYPE.SMELTING,,
CRAFTING_TYPE.STONEMASONRY,,
CRAFTING_TYPE.TANNING_HIDE,,
CRAFTING_TYPE.WEAPONSMITHING,,
CRAFTING_TYPE.WEAVING,,
CRAFTING_TYPE.WOODCUTTING,,
CRAFTING_TYPE.WORT_BREWING,,
CREATURE.DAMAGE.DESCRIPTION_A,,
CREATURE.DAMAGE.DESCRIPTION_B,,
CREATURE.DESCRIPTION,,
CREATURE.STATUS.BLINDED,,
CREATURE.STATUS.DEAD,,
CROP.AFFLICTED_BY_PESTS,,Atacado por pragas
CROP.AFFLICTED_BY_PESTS.TOOLTIP,,Esta cultura foi aflita por um número excessivo de pulgões e outros insetos que precisam ser removidos por um {{PROFISSION.FARMER}} antes que possa florescer novamente. Não remover as pragas no tempo pode significar que esta colheita morre!
CROP.DESCRIPTION,,Planta {{materialType.noun}}
CROP.HARVEST_PROGRESS,,
CROP.MOISTURE_STATE.DROUGHTED,,
CROP.MOISTURE_STATE.NEEDS_WATERING,,
CROP.MOISTURE_STATE.NEEDS_WATERING.TOOLTIP,,
CROP.MOISTURE_STATE.WATERED,,
DEATH_REASON.BURNING,,
DEATH_REASON.CRITICAL_ORGAN_DAMAGE,,
DEATH_REASON.CRUSHED_BY_FALLING_DEBRIS,,Detritos caindo
DEATH_REASON.DEHYDRATION,,Desidratação
DEATH_REASON.EXHAUSTION,,Exaustão
DEATH_REASON.EXTENSIVE_INJURIES,,
DEATH_REASON.FOOD_POISONING,,Intoxicação alimentar
DEATH_REASON.FROZEN,,
DEATH_REASON.GIVEN_UP_ON_LIFE,,
DEATH_REASON.INTERNAL_BLEEDING,,
DEATH_REASON.KILLED_BY_ENTITY,,
DEATH_REASON.MURDERED.UNKNOWN_KILLER,,
DEATH_REASON.STARVATION,,Inanição
DEATH_REASON.SUFFOCATION,,
DEATH_REASON.UNKNOWN,,Circunstâncias misteriosas
EARTH.DIRT,,Sujeira
EARTH.GRASS,,Erva
EFFECT.FIRE,,
ENTITY.DESTRUCTION_DESCRIPTION.BURNED,,
ENTITY.DESTRUCTION_DESCRIPTION.COMBAT_DAMAGE,,
ENTITY.DESTRUCTION_DESCRIPTION.OXIDISED,,
FACTION.HOSTILE_INVASION,,
FACTION.MERCHANTS,,
FACTION.MONSTERS,,
FACTION.PIRATES,,
FACTION.SETTLEMENT,,
FACTION.SETTLEMENT.ANIMAL,,
FACTION.WILD_ANIMALS,,
FLOOR.CHANNEL.DESCRIPTION,,
FLOOR.CHANNEL.DESCRIPTION.TOOLTIP,,
FLOOR.CHANNEL.STATE.EMPTY,,
FLOOR.CHANNEL.STATE.FULL,,
FLOOR.CHANNEL.STATE.PARTIALLY_FILLED,,
FLOOR.COBBLESTONE,,Pedra
FLOOR.DESCRIPTION,,{{floorType.noun}}
FLOOR.DIRT,,Terra
FLOOR.GRASS,,Erva
FLOOR.GRAVEL,,Gravilha
FLOOR.PIPE.DESCRIPTION,,
FLOOR.POWER.DESCRIPTION,,
FLOOR.RIVER,,Rio
FLOOR.ROUGH_STONE,,Chão de pedra
FLOOR.SNOW,,
FLOOR.STONE_PAVING,,
FLOOR.STONE_SLAB,,Laje de pedra
FLOOR.TILLED_EARTH,,Terra lavrada
FLOOR.UNEXPLORED,,Inexplorado
FLOOR.WOODEN,,
FOODSTUFF.ROCKBREAD,,Pão de Rocha
FOODSTUFF.ROCKBREAD.TOOLTIP,,"Este é um pão infame duro que é tão duro e praticamente não comestível que leva muito tempo para ficar moldado. O explorador humano J. A. Moffatt descreveu uma vez comê-lo como “semelhante a mastigar cascalho que foi dragado de um pântano”. Felizmente, a maioria dos anões não parecem se importar."
FOODSTUFF.WHEAT-BREAD,,Trigo
FUEL.SACK,,Combustível
FUEL.SACK.TOOLTIP,,"O combustível é necessário na produção de metal, tanto pelo {{MOBILITURE.BLOOMERY_FURNE}} e pelo {{MOBILITURE.FORGE}}."
FURNITURE.ARCHERY_TARGET,,
FURNITURE.ARCHERY_TARGET.TOOLTIP,,
FURNITURE.ARMOUR_STAND,,
FURNITURE.ARMOUR_STAND.TOOLTIP,,
FURNITURE.ARTISAN_WORKSTATION,,
FURNITURE.ARTISAN_WORKSTATION.TOOLTIP,,
FURNITURE.BAKERS_WORKTOP,,Bancada de padeiro
FURNITURE.BAKERS_WORKTOP.TOOLTIP,,Um {{PROFISSION.CHEF}} trabalha aqui para transformar {{RESOURCE.FLOUR.SACK.PLURAL} em {{INGREIENT.DASHY}}.
FURNITURE.BAKING_OVEN,,Forno de padaria
FURNITURE.BAKING_OVEN.TOOLTIP,,Um {{PROFISSION.CHEF}} assa pães aqui usando {{INGREIENT.DATHY}} preparados.
FURNITURE.BEER_TAPPER,,
FURNITURE.BEER_TAPPER.STATE.BEER_AVAILABLE,,
FURNITURE.BEER_TAPPER.STATE.BEER_BARREL_INCOMING,,
FURNITURE.BEER_TAPPER.STATE.BEER_EXHAUSTED,,
FURNITURE.BEER_TAPPER.STATE.IDLE,,
FURNITURE.BEER_TAPPER.TOOLTIP,,
FURNITURE.BLOOMERY_FURNACE,,Forno de Bloomery
FURNITURE.BLOOMERY_FURNACE.TOOLTIP,,Um {{PROFISSION.BLACKSMITH}} usa este forno operado à mão para transformar {{RESOURCE.ORE.CROSSHED.PLURAL}} e {{FUEL.SACK}} em {{MATERIAL_TYPE.METAL.ADJECTIVE}} {RESOURCE.METAL.INGOT.PLURAL}}.
FURNITURE.BONE_CRAFTING_BENCH,,
FURNITURE.BONE_CRAFTING_BENCH.TOOLTIP,,
FURNITURE.BREW_KETTLE,,
FURNITURE.BREW_KETTLE.TOOLTIP,,
FURNITURE.BUTCHERY_WORKTOP,,
FURNITURE.BUTCHERY_WORKTOP.TOOLTIP,,
FURNITURE.BUYING_PALLET,,
FURNITURE.BUYING_PALLET.TOOLTIP,,
FURNITURE.CARPENTRY_WORKBENCH,,Bancada de trabalho de carpintaria
FURNITURE.CARPENTRY_WORKBENCH.TOOLTIP,,"A maioria dos itens e ferramentas de madeira são produzidos aqui, como {{PRODUCT.BUCKET.PLURAL}} e {{PRODUCT.BARREL.PLURAL}}."
FURNITURE.CAULDRON,,Caldeirão
FURNITURE.CAULDRON.TOOLTIP,,Um caldeirão é usado para servir uma grande quantidade de sopa para colonos famintos. A sopa é produzida em {{ROOMS.KITCHEN}} antes de ser movida para um {{ROOMS.FEASTING_HALL}} para servir.
FURNITURE.CHAIR,,Cadeira
FURNITURE.CHAIR.TOOLTIP,,
FURNITURE.CHARCOAL_CLAMP,,Grampo de carvão
FURNITURE.CHARCOAL_CLAMP.TOOLTIP,,"Esta é uma pilha de {{RESOURCE.LOGS.PLURAL} coberto com {{MATERIAL_TYPE.EARTH}} e lentamente queimado para produzir {{ORE.CHARCOAL.NOUN}}, que pode então ser usado como {{FUEL.SACK}}."
FURNITURE.COKE_OVEN,,Forno de coque
FURNITURE.COKE_OVEN.TOOLTIP,,Um forno de coque converte {{ORE.BITUMINOUS_COAL.NOUN}} em {{ORE.COKE.NOUN}} para que possa ser usado como {{FUEL.SACK}}.
FURNITURE.DESCRIPTION,,{{materialType.adjective}} {{furnitureType.noun}}
FURNITURE.DESCRIPTION.GENERIC_PROGRESS,,Progresso até a conclusão: {{progress}}%
FURNITURE.DESCRIPTION.MUSHROOM_INNOCULATION_IN_PROGRESS,,Progresso para completar a inoculação: {{progress}}%
FURNITURE.DESCRIPTION.SHOCKING_IN_PROGRESS,,Progresso para chocar o log do cogumelo: {{progress}}%
FURNITURE.DESCRIPTION.WAITING_FOR_ITEM,,Aguardando {{itemType.noun}}
FURNITURE.DESCRIPTION.WAITING_FOR_LIQUID,,Esperando para ser preenchido
FURNITURE.DESCRIPTION.WAITING_FOR_MUSHROOM_SPAWN,,Esperando para ser injetado com desova de cogumelos
FURNITURE.DOUGH_PROOFING_TABLE,,
FURNITURE.DOUGH_PROOFING_TABLE.TOOLTIP,,
FURNITURE.EXPORT_PALLET,,
FURNITURE.EXPORT_PALLET.TOOLTIP,,
FURNITURE.FEASTING_TABLE,,Mesa de banquete
FURNITURE.FEASTING_TABLE.TOOLTIP,,"Com um {{FURNITURE.CHAIR}} no lugar, seus colonos irão desfrutar de suas refeições nesta mesa."
FURNITURE.FERMENTATION_TANK,,
FURNITURE.FERMENTATION_TANK.TOOLTIP,,
FURNITURE.FISH_BARREL,,
FURNITURE.FISH_BARREL.TOOLTIP,,
FURNITURE.FLETCHERS_WORKBENCH,,
FURNITURE.FLETCHERS_WORKBENCH.TOOLTIP,,
FURNITURE.FLOUR_MILL,,Moinho de Gristill
FURNITURE.FLOUR_MILL.TOOLTIP,,A moagem de moagem {{VEGETABLE.WORT}} em {{RESOURCE.FLOUR.SACK.NOUN}} para que possa ser usada por um {{PROFISSION.CHEF}}.
FURNITURE.FORGE,,Forjar
FURNITURE.FORGE.TOOLTIP,,Aqui é onde um {{PROFISSION.BLACKSMITH}} trabalha com {{MATERIAL_TYPE.METAL.ADJECTIVE}} {{RESOURCE.METAL.INGOT.PLURAL}} e {FUEL.SACK}} para criar itens e armas.
FURNITURE.GRAVE,,Sepultura
FURNITURE.GRAVE.TOOLTIP,,Uma sepultura cavada às pressas para colonos falecidos que só pode ser colocada em {{MATERIAL_TYPE.EARTH}}.
FURNITURE.HITCHING_POST,,
FURNITURE.HITCHING_POST.TOOLTIP,,
FURNITURE.IMPORT_PALLET,,
FURNITURE.IMPORT_PALLET.TOOLTIP,,
FURNITURE.INVADER_CAMPFIRE,,
FURNITURE.KITCHEN_WORKTOP,,Bancada de cozinha
FURNITURE.KITCHEN_WORKTOP.TOOLTIP,,Uma área para armazenar ingredientes para um {{PROFISSION.CHEF}} para cozinhar sopa.
FURNITURE.LANTERN,,Lanterna
FURNITURE.LANTERN.TOOLTIP,,Uma lanterna fornece luz — isso não tem um efeito no jogo.
FURNITURE.LEATHERWORKING_STATION,,
FURNITURE.LEATHERWORKING_STATION.TOOLTIP,,
FURNITURE.LEDGER_TABLE,,
FURNITURE.LEDGER_TABLE.TOOLTIP,,
FURNITURE.LOOM,,
FURNITURE.LOOM.TOOLTIP,,
FURNITURE.MALTING_STATION,,
FURNITURE.MALTING_STATION.TOOLTIP,,
FURNITURE.MASH_TUN,,
FURNITURE.MASH_TUN.TOOLTIP,,
FURNITURE.MUSHROOM_LOG,,Diário de cogumelos
FURNITURE.MUSHROOM_LOG.TOOLTIP,,Um tronco que foi injetado com {{INGREIENT.CUSHROOM.SPAWN.PLURAL}} para produzir várias colheitas de cogumelos deliciosos e suculentos.
FURNITURE.MUSHROOM_SHOCK_TANK,,Tanque de choque
FURNITURE.MUSHROOM_SHOCK_TANK.TOOLTIP,,"Após a inoculação, um {{MOBILITURE.MUSHROOM_LOG}} é colocado neste tanque para “chocar” a colônia de cogumelos e incentivá-la a cultivar cogumelos."
FURNITURE.ORE_CRUSHING_STATION,,Estação de trituração de minério
FURNITURE.ORE_CRUSHING_STATION.TOOLTIP,,{{RESOURCE.ORE.UNREFINED.PLURAL}} é esmagado para um tamanho mais viável para que ele possa ser usado em um {{MOBILITURE.BLOOMERY_FURNE}}.
FURNITURE.PILLAR,,Pilar
FURNITURE.PILLAR.TOOLTIP,,É necessário um pilar para impedir que grandes áreas extraídas desmoronem. Uma área de azulejos 7x7 que foram extraídos sem pilares ou outros suportes no lugar acabará por entrar em colapso.
FURNITURE.RETTING_TANK,,
FURNITURE.RETTING_TANK.TOOLTIP,,
FURNITURE.SARCOPHAGUS,,Sarcófago
FURNITURE.SARCOPHAGUS.TOOLTIP,,Este elaborado recipiente de pedra é o local de descanso final de um colono falecido.
FURNITURE.SELLING_PALLET,,
FURNITURE.SELLING_PALLET.TOOLTIP,,
FURNITURE.SERVING_TABLE,,Mesa auxiliar
FURNITURE.SERVING_TABLE.TOOLTIP,,{{PRODUCT.BREAD.LOAF.PLURAL}} são colocados aqui para servir depois de ser cozido em um {{MOBILITURE.BAKING_OVEN}}.
FURNITURE.SINGLE_BED,,Cama
FURNITURE.SINGLE_BED.TOOLTIP,,Uma cama é o melhor lugar para uma noite de descanso confortável.
FURNITURE.SINGLE_DOOR,,Porta
FURNITURE.SINGLE_DOOR_FRAME,,Ombreira de porta
FURNITURE.SLEEPING_SPOT,,
FURNITURE.SLEEPING_SPOT.TOOLTIP,,
FURNITURE.STONEMASON_WORKBENCH,,Bancada de trabalho de cantaria
FURNITURE.STONEMASON_WORKBENCH.TOOLTIP,,Um {{PROFISSION.STONEMASON}} trabalha aqui com recursos {{MATERIAL_TYPE.STONE.ADJECTIVE}}.
FURNITURE.TANNING_FRAME,,
FURNITURE.TANNING_FRAME.TOOLTIP,,
FURNITURE.TRADE_BANNER,,
FURNITURE.TRADE_BANNER.TOOLTIP,,
FURNITURE.TRAINING_DUMMY,,
FURNITURE.TRAINING_DUMMY.TOOLTIP,,
FURNITURE.WAGON_PARKED,,
FURNITURE.WATERWHEEL,,
FURNITURE.WATERWHEEL.PLURAL,,
FURNITURE.WATERWHEEL.TOOLTIP,,
FURNITURE.WATER_BARREL,,Barril de água
FURNITURE.WATER_BARREL.TOOLTIP,,"Um barril de água é um lugar para seus colonos obterem uma bebida que sacia a sede, em vez de terem que encontrar uma fonte de água natural como o rio."
FURNITURE.WATER_PUMP,,
FURNITURE.WATER_PUMP.PLURAL,,
FURNITURE.WATER_PUMP.TOOLTIP,,
FURNITURE.WEAPON_RACK,,
FURNITURE.WEAPON_RACK.TOOLTIP,,
FURNITURE.WELL,,
FURNITURE.WELL.TOOLTIP,,
FURNITURE.WINDMILL,,
FURNITURE.WINDMILL.PLURAL,,
FURNITURE.WINDMILL.TOOLTIP,,
FURNITURE.WOODCUTTERS_BENCH,,Bancada de corte de lenha
FURNITURE.WOODCUTTERS_BENCH.TOOLTIP,,Um {{PROFISSION.WOODCUTTER}} trabalha aqui para transformar {{RESOURCE.LOGS.PLURAL}} em {{RESOURCE.PLANKS.PLURAL}}.
GEM.AMETHYST.ADJECTIVE,,De ametista
GEM.AMETHYST.NOUN,,Ametista
GEM.AMETHYST.TOOLTIP,,"Uma variedade violeta de quartzo. Antigos humanos acreditavam que poderia magicamente protegê-los de ficarem bêbados demais. Por esta razão, não é muito popular na cultura anã."
GEM.AMMOLITE.ADJECTIVE,,Ammolite
GEM.AMMOLITE.NOUN,,Ammolite
GEM.AMMOLITE.TOOLTIP,,Uma pedra preciosa semelhante a opala que tem uma iridescência vermelha a verde. É conhecido como a “pedra de caça” e os amuletos feitos dele destinam-se a trazer boa sorte a uma caça.
GEM.AQUAMARINE.ADJECTIVE,,De água-marinha
GEM.AQUAMARINE.NOUN,,Água-marinha
GEM.AQUAMARINE.TOOLTIP,,Uma variedade ciano-colorida de berilo. Alguns humanos acreditam que oferece proteção mágica contra os perigos dos mares. Isso ocorre porque um mago antigo usou uma combinação de magia do céu e do gelo para proteger navios comerciais durante a era das trevas.
GEM.BIXBITE.ADJECTIVE,,Bixbite
GEM.BIXBITE.NOUN,,Bixbite
GEM.BIXBITE.TOOLTIP,,"Também conhecido como berilo vermelho, é uma pedra preciosa muito rara. É muitas vezes confundido para uma esmeralda de cor vermelha."
GEM.CINNABAR.ADJECTIVE,,Cinabre
GEM.CINNABAR.NOUN,,Cinabre
GEM.CINNABAR.TOOLTIP,,Um minério de mercúrio que é frequentemente usado em joalharia devido à sua tonalidade vermelha profunda. Também é usado para produzir o corante conhecido como vermelhão.
GEM.CITRINE.ADJECTIVE,,De citrino
GEM.CITRINE.NOUN,,Citrino
GEM.CITRINE.TOOLTIP,,"Uma variedade amarelada de quartzo. É a pedra preciosa mais semelhante em cor ao ouro, então a maioria dos anões acha que o citrino é sortudo."
GEM.DIAMOND.ADJECTIVE,,De diamante
GEM.DIAMOND.NOUN,,Diamante
GEM.DIAMOND.TOOLTIP,,O material mais duro conhecido e uma das mais importantes das sete pedras celestiais. Os diamantes são a forma mais condensada do elemento neutro conhecido como “espírito” ou “éter”.
GEM.EMERALD.ADJECTIVE,,De esmeralda
GEM.EMERALD.NOUN,,Esmeralda
GEM.EMERALD.TOOLTIP,,Uma variedade verde vibrante de berilo. Acredita-se que a gravação em uma esmeralda traz grande infortúnio. As esmeraldas estão intimamente relacionadas com a vida elementar e a magia associada.
GEM.GARNET.ADJECTIVE,,De granada
GEM.GARNET.NOUN,,Granada
GEM.GARNET.TOOLTIP,,"Granadas cobrem uma variedade de minerais usados como pedras preciosas, todos com uma cor vermelha profunda. Algumas gemas de granada são, na verdade, uma forma condensada de fogo elementar."
GEM.JADE.ADJECTIVE,,De jade
GEM.JADE.NOUN,,Jade
GEM.JADE.TOOLTIP,,"Um mineral com uma cor verde-clara frequentemente usado para decoração. Além disso, elfos são conhecidos por usar jade para produzir medicamentos que podem curar doenças do intestino."
GEM.JASPER.ADJECTIVE,,De jaspe
GEM.JASPER.NOUN,,Jaspe
GEM.JASPER.TOOLTIP,,"Uma variedade impuro de sílica que pode ocorrer em várias cores, mas mais comumente vermelha. Jasper é favorecido como um material de decoração por orcs devido à sua variedade."
GEM.LABRADORITE.ADJECTIVE,,Labradorita
GEM.LABRADORITE.NOUN,,Labradorita
GEM.LABRADORITE.TOOLTIP,,Uma rocha que brilha com uma iridescência tipicamente azul claro. Espécimes mais raros podem refletir uma ampla gama de cores.
GEM.LAPIS.ADJECTIVE,,Lápis-lazúli
GEM.LAPIS.NOUN,,Lápis-lazúli
GEM.LAPIS.TOOLTIP,,Uma rocha com um tom azul profundo brilhante que é usado como uma pedra preciosa.
GEM.MAGNESITE.ADJECTIVE,,Magnesita
GEM.MAGNESITE.NOUN,,Magnesita
GEM.MAGNESITE.TOOLTIP,,Um mineral que pode ser polido em grânulos para uso em joalharia. Estas contas podem ser tingidas em muitas cores diferentes.
GEM.MOONSTONE.ADJECTIVE,,De pedra da lua
GEM.MOONSTONE.NOUN,,Pedra da lua
GEM.MOONSTONE.TOOLTIP,,"Pensado ser formado pelo luar capturado em rocha, o que torna esta pedra preciosa uma das favoritas dos elfos."
GEM.MORGANITE.ADJECTIVE,,De morganite
GEM.MORGANITE.NOUN,,Morganite
GEM.MORGANITE.TOOLTIP,,Uma variedade de cor rosa de berilo. Foi nomeado após ser popularizado por um comerciante particularmente rico na era do mito.
GEM.OPAL.ADJECTIVE,,De opala
GEM.OPAL.NOUN,,Opala
GEM.OPAL.TOOLTIP,,"Uma forma de sílica infundida com a magia dos oceanos, o que torna este um favorito dos marinheiros e pescadores."
GEM.PAINITE.ADJECTIVE,,- Painite
GEM.PAINITE.NOUN,,- Painite
GEM.PAINITE.TOOLTIP,,Uma pedra preciosa muito rara que é muitas vezes identificada como uma safira fora de cor. Os cristais são naturalmente hexagonais em forma e um favorito dos táticos.
GEM.RHODOCHROSITE.ADJECTIVE,,Rodocrosite
GEM.RHODOCHROSITE.NOUN,,Rodocrosite
GEM.RHODOCHROSITE.TOOLTIP,,Encontrado em vários tons de vermelho a rosa. Não é tão difícil como a maioria das pedras preciosas tornando-o uma escolha ruim para anéis e outras jóias de alto impacto.
GEM.ROCK_CRYSTAL.ADJECTIVE,,De cristal de rocha
GEM.ROCK_CRYSTAL.NOUN,,Cristal de rocha
GEM.ROCK_CRYSTAL.TOOLTIP,,A forma mais pura de quartzo. Cristais de rocha muitas vezes apresentam artefatos mágicos como eles são uma forma condensada do elemento de gelo.
GEM.RUBY.ADJECTIVE,,De rubi
GEM.RUBY.NOUN,,Rubi
GEM.RUBY.TOOLTIP,,"Uma das sete pedras celestiais, rubis são o elemento de fogo condensado em uma forma sólida."
GEM.SAPPHIRE.ADJECTIVE,,De safira
GEM.SAPPHIRE.NOUN,,Safira
GEM.SAPPHIRE.TOOLTIP,,"Muitas vezes acredita-se para proteger o usuário da atenção dos demônios, safiras são muito procuradas por magos para uso no céu e magia baseada no ar."
GEM.SPINEL.ADJECTIVE,,De espinela
GEM.SPINEL.NOUN,,Espinela
GEM.SPINEL.TOOLTIP,,"Muitas vezes confundidos com pedras celestiais como verdadeiros rubis e safiras, os espinéis são uma forma menor de joia mágica infundida que pode ser associada a qualquer um dos elementos, dependendo da cor."
GEM.TANZANITE.ADJECTIVE,,De tanzanite
GEM.TANZANITE.NOUN,,Tanzanite
GEM.TANZANITE.TOOLTIP,,Uma pedra preciosa rara que pode alternar entre azul e violeta. Acredita-se que seja formado a partir do corpo material de um deus morto.
GEM.TOPAZ.ADJECTIVE,,De topázio
GEM.TOPAZ.NOUN,,Topázio
GEM.TOPAZ.TOOLTIP,,"Às vezes confundido com a gema {{GEM.CITRINE.NOUN}} mais comum, topázio pode ser encontrado em várias cores, mas mais comumente um marrom amarelado. Foi descoberto pela primeira vez numa ilha que já não existe."
GEM.TOURMALINE.ADJECTIVE,,De turmalina
GEM.TOURMALINE.NOUN,,Turmalina
GEM.TOURMALINE.TOOLTIP,,Frequentemente encontrado junto com {{ORE.CASSITERITE.ADJECTIVE}} minério. Às vezes é associado com a magia da Terra.
GEM.TURQUOISE.ADJECTIVE,,De turquesa
GEM.TURQUOISE.NOUN,,Turquesa
GEM.TURQUOISE.TOOLTIP,,Um mineral azul-verde freqüentemente usado em decorações. Pensa-se que trará boa sorte ao portador. Muitas vezes é infundido com o elemento da terra.
GOAL.ABANDON_JOB.DESCRIPTION,,
GOAL.ADD_TO_INVENTORY.DESCRIPTION,,A recolher {{targetDescription}}
GOAL.COMBAT.DESCRIPTION,,
GOAL.DRINK.DESCRIPTION,,Beber {{targetZoneMaterial}}
GOAL.DUMP_LIQUID.DESCRIPTION,,
GOAL.EAT.DESCRIPTION,,Comer {{targetDescription}}
GOAL.EXTINGUISH_FIRE.DESCRIPTION,,
GOAL.FLEE_FROM_AGGRESSOR.DESCRIPTION,,
GOAL.HAULING.DESCRIPTION,,Carregar {{itemDescription}}
GOAL.IDLE.DESCRIPTION,,Inativo
GOAL.INVADER.CREATE_CAMP.DESCRIPTION,,
GOAL.INVADER.RETREAT.DESCRIPTION,,
GOAL.INVADER.STEAL_RESOURCES.DESCRIPTION,,
GOAL.MILITARY.ATTACK_TARGET.DESCRIPTION,,
GOAL.MILITARY.STAND_IN_FORMATION.DESCRIPTION,,
GOAL.MILITARY.TRAINING.DESCRIPTION,,
GOAL.ON_FIRE.DESCRIPTION,,
GOAL.REFILL_WATERSKIN.DESCRIPTION,,
GOAL.SLEEP.DESCRIPTION,,A ir para a cama
GOAL.TRANSFER_LIQUID.DESCRIPTION,,A transferir {{targetZoneMaterial}}
GUI.ADD_REMOVE_TILES,,Adicionar/remover mosaicos
GUI.ADD_TILES,,Adicionar mosaicos
GUI.AMBIENT_EFFECT_VOLUME,,
GUI.AVAILABLE_PROGRESS_BAR,,
GUI.BACK_LABEL,,Anterior
GUI.BUILD.BRIDGE,,Ponte
GUI.BUILD.DOORS,,Portas
GUI.BUILD.FLOOR,,
GUI.BUILD.PILLARS,,
GUI.BUILD.PIPING,,
GUI.BUILD.POWER,,
GUI.BUILD.ROOFING,,
GUI.BUILD.WALLS,,Paredes
GUI.BUILD_FURNITURE,,Mobília
GUI.BUILD_LABEL,,Construir 
GUI.CANCEL_LABEL,,Cancelar 
GUI.CHANGE_PROFESSION_LABEL,,Mudar de profissão
GUI.CHANGE_WEAPON_LABEL,,
GUI.COMBAT_LABEL,,
GUI.CONSTRUCTION_LABEL,,
GUI.CRAFTING_MANAGEMENT.MAINTAINING_TEXT,,
GUI.CRAFTING_MANAGEMENT.SUBTITLE,,
GUI.CRAFTING_MANAGEMENT.TABLE.CRAFTED_WITH,,
GUI.CRAFTING_MANAGEMENT.TABLE.ITEM,,
GUI.CRAFTING_MANAGEMENT.TABLE.MANAGEMENT,,
GUI.CRAFTING_MANAGEMENT.TABLE.MANAGEMENT.LIMIT,,
GUI.CRAFTING_MANAGEMENT.TABLE.MANAGEMENT.QUANTITY,,
GUI.CRAFTING_MANAGEMENT.TABLE.MANAGEMENT.QUANTITY.DECREMENT,,
GUI.CRAFTING_MANAGEMENT.TABLE.MANAGEMENT.QUANTITY.INCREMENT,,
GUI.CRAFTING_MANAGEMENT.TITLE,,
GUI.CRAFTING_MANAGEMENT.TOTAL_QUANTITY_ACTUAL,,
GUI.CRAFTING_MANAGEMENT.TOTAL_QUANTITY_HINT,,
GUI.CREDITS.AND_YOU_TITLE,,
GUI.CREDITS.DEVELOPERS.CHARACTER_ART,,
GUI.CREDITS.DEVELOPERS.CONCEPT_ART,,
GUI.CREDITS.DEVELOPERS.ENVIRONMENT_ART,,
GUI.CREDITS.DEVELOPERS.LEAD_DESIGN,,
GUI.CREDITS.DEVELOPERS.LEAD_UI,,
GUI.CREDITS.DEVELOPERS.MUSIC,,
GUI.CREDITS.DEVELOPERS.MUSIC_ADDITIONAL,,
GUI.CREDITS.DEVELOPERS.PROGRAMMING,,
GUI.CREDITS.DEVELOPERS.SPECIAL_THANKS,,
GUI.CREDITS.FOUNDING_BACKERS_TITLE,,
GUI.CREDITS.PATREON_KICKSTARTER_TITLE,,
GUI.CREDITS.TRANSLATORS_TITLE,,
GUI.CROP_SELECTION,,Plantação:
GUI.CROP_SELECTION.DESCRIPTION,,
GUI.CROP_SELECTION.PLANTING_HINT.SEASONS_0,,
GUI.CROP_SELECTION.PLANTING_HINT.SEASONS_1,,
GUI.CROP_SELECTION.PLANTING_HINT.SEASONS_2,,
GUI.CROP_SELECTION.PLANTING_HINT.SEASONS_3,,
GUI.CROP_SELECTION.PLANTING_HINT.SEASONS_4,,
GUI.DATE_TIME_YEAR_LABEL,,"{{timeOfDay}}, dia {{dayNumber}}"
GUI.DAY_LABEL,,
GUI.DECONSTRUCT_LABEL,,
GUI.DIALOG.CANCEL_BUTTON,,
GUI.DIALOG.CONFIRM,,
GUI.DIALOG.CONFIRM_DELETE_SAVE,,
GUI.DIALOG.DISMISS,,Dispensar
GUI.DIALOG.ERROR_ROOM_NAME_ALREADY_EXISTS,,Já existe uma sala com esse nome.
GUI.DIALOG.ERROR_SAVE_INCOMPATIBLE,,O arquivo salvo não pôde ser carregado porque é incompatível com esta versão do jogo.
GUI.DIALOG.ERROR_TITLE,,Ocorreu um erro
GUI.DIALOG.ERROR_WHILE_LOADING,,Ocorreu um erro inesperado ao carregar o jogo.
GUI.DIALOG.ERROR_WHILE_SAVING,,Ocorreu um erro inesperado ao salvar o jogo.
GUI.DIALOG.HIDE_FURTHER_NOTIFICATIONS,,
GUI.DIALOG.INFO_TITLE,,Informação
GUI.DIALOG.JUMP_TO,,Ir para o local
GUI.DIALOG.LANGUAGE_TRANSLATION_INCOMPLETE,,A tradução do idioma selecionado está atualmente incompleta e faltará algum texto. Uma linguagem de fallback será usada.
GUI.DIALOG.MOD_CHANGES_OUTSTANDING,,Você selecionou um conjunto diferente de mods a serem aplicados ao jogo. Estes serão aplicados quando o jogo for reiniciado da próxima vez.
GUI.DIALOG.MOD_INCOMPATIBLE,,Um ou mais mods são incompatíveis com esta versão do jogo e foram desativados. Você pode verificar se há atualizações no menu mods.
GUI.DIALOG.OK_BUTTON,,Ok
GUI.DIALOG.RENAME_ROOM_TITLE,,Renomear sala
GUI.DIALOG.RENAME_SETTLER_TITLE,,
GUI.DIALOG.RESTART_REQUIRED,,Você deve reiniciar o jogo para que essa alteração entre em vigor
GUI.DIALOG.SETTLEMENT_NAME_ALREADY_IN_USE,,
GUI.DIALOG.SETTLEMENT_NAME_NOT_SPECIFIED,,
GUI.DIALOG.STOCKPILE_MANAGEMENT.TITLE,,
GUI.EMBARK.DISCORD_LINK,,
GUI.EMBARK.MAP_SEED,,
GUI.EMBARK.MAP_SIZE,,
GUI.EMBARK.MAP_SIZE.LARGE,,
GUI.EMBARK.MAP_SIZE.MEDIUM,,
GUI.EMBARK.MAP_SIZE.SMALL,,
GUI.EMBARK.PEACEFUL_MODE,,
GUI.EMBARK.SETTLEMENT_NAME,,
GUI.EMBARK.START,,
GUI.EMBARK.TITLE,,
GUI.EMPTY_CONTAINER_LABEL,,
GUI.EMPTY_CONTAINER_LABEL.BEING_ACTIONED,,
GUI.EMPTY_CONTAINER_LABEL.HINT,,
GUI.FURNITURE_ASSIGNED_TO,,Atribuído a {{name}}
GUI.FURNITURE_BEING_REMOVED,,Atualmente em remoção
GUI.FURNITURE_REQUIREMENT.ALL_MATERIALS,,
GUI.FURNITURE_REQUIREMENT.SPECIFIED_MATERIALS,,
GUI.GRAPHICS.FULLSCREEN,,Ecrã inteiro
GUI.GRAPHICS.RESOLUTION,,Resolução
GUI.INVASION_LABEL,,
GUI.ITEM.WEAPON_ARMOR_NEGATION_DESCRIPTION,,
GUI.ITEM.WEAPON_ATTACK_DESCRIPTION,,
GUI.KEY_BINDING.DEBUG_FRAME_BUFFER_0,,
GUI.KEY_BINDING.DEBUG_FRAME_BUFFER_1,,
GUI.KEY_BINDING.DEBUG_FRAME_BUFFER_2,,
GUI.KEY_BINDING.DEBUG_FRAME_BUFFER_3,,
GUI.KEY_BINDING.DEBUG_FRAME_BUFFER_4,,
GUI.KEY_BINDING.DEBUG_FRAME_BUFFER_5,,
GUI.KEY_BINDING.DEBUG_FRAME_BUFFER_6,,
GUI.KEY_BINDING.DEBUG_FRAME_BUFFER_7,,
GUI.KEY_BINDING.DEBUG_FRAME_BUFFER_8,,
GUI.KEY_BINDING.DEBUG_FRAME_BUFFER_9,,
GUI.KEY_BINDING.DEBUG_GAME_SPEED_SLOW,,
GUI.KEY_BINDING.DEBUG_GAME_SPEED_ULTRA_FAST,,
GUI.KEY_BINDING.DEBUG_HIDE_GUI,,
GUI.KEY_BINDING.DEBUG_SHOW_INDIVIDUAL_LIGHTING_BUFFERS,,
GUI.KEY_BINDING.DEBUG_SHOW_JOB_STATUS,,
GUI.KEY_BINDING.DEBUG_SHOW_LIQUID_FLOW,,
GUI.KEY_BINDING.DEBUG_SHOW_MENU,,
GUI.KEY_BINDING.DEBUG_SHOW_PATHFINDING_NODES,,
GUI.KEY_BINDING.DEBUG_SHOW_ZONES,,
GUI.KEY_BINDING.DEBUG_TOGGLE_FLOOR_OVERLAP_RENDERING,,
GUI.KEY_BINDING.FAST_PAN,,
GUI.KEY_BINDING.GAME_SPEED_FAST,,
GUI.KEY_BINDING.GAME_SPEED_FASTER,,
GUI.KEY_BINDING.GAME_SPEED_FASTEST,,
GUI.KEY_BINDING.GAME_SPEED_NORMAL,,
GUI.KEY_BINDING.PAN_CAMERA_DOWN,,
GUI.KEY_BINDING.PAN_CAMERA_LEFT,,
GUI.KEY_BINDING.PAN_CAMERA_RIGHT,,
GUI.KEY_BINDING.PAN_CAMERA_UP,,
GUI.KEY_BINDING.PAUSE,,
GUI.KEY_BINDING.QUICKLOAD,,
GUI.KEY_BINDING.QUICKSAVE,,
GUI.KEY_BINDING.ROTATE,,
GUI.KEY_BINDING.ZOOM_IN,,
GUI.KEY_BINDING.ZOOM_OUT,,
GUI.LEAVE_CROP_FALLOW,,Nenhum (pousio)
GUI.LOAD_GAME.TABLE.COPY_SEED,,
GUI.LOAD_GAME.TABLE.DATE_TIME,,
GUI.LOAD_GAME.TABLE.DELETE,,
GUI.LOAD_GAME.TABLE.GAME_TIME,,
GUI.LOAD_GAME.TABLE.PLAY,,
GUI.LOAD_GAME.TABLE.SETTLEMENT_NAME,,
GUI.LOAD_GAME.TABLE.VERSION,,
GUI.LOAD_GAME.TITLE,,
GUI.MAP_SEED.COPY_TO_CLIPBOARD,,
GUI.MAP_SEED_DISPLAY,,
GUI.MECHANISM.SHAFT.HORIZONTAL,,
GUI.MECHANISM.SHAFT.VERTICAL,,
GUI.MILITARY.DIALOG.ADD_SQUAD,,
GUI.MILITARY.DIALOG.CHOOSE_EMBLEM,,
GUI.MILITARY.DIALOG.RENAME_SQUAD,,
GUI.MILITARY.DIALOG.SELECT_SQUAD,,
GUI.MILITARY.NEW_SQUAD,,
GUI.MILITARY.ORDERS,,
GUI.MILITARY.ORDERS.ATTACK,,
GUI.MILITARY.ORDERS.CANCEL_ATTACK,,
GUI.MILITARY.ORDERS.GUARD,,
GUI.MILITARY.ORDERS.RETREAT,,
GUI.MILITARY.ORDERS.TRAIN,,
GUI.MILITARY.REMOVE_SQUAD,,
GUI.MILITARY.REMOVE_SQUAD.DIALOG,,
GUI.MILITARY.SET_FORMATION,,
GUI.MILITARY.SET_ORDERS,,
GUI.MILITARY.TAB.DWARVES,,
GUI.MILITARY.TAB.SQUADS,,
GUI.MILITARY.TAB.TRAINED_CIVILIANS,,
GUI.MINIMAP.LABEL,,Minimapa
GUI.MUSIC_VOLUME,,
GUI.NEXT_LABEL,,Seguinte
GUI.NON_ROTATABLE_FURNITURE.HINT,,Este mobiliário não pode ser girado nesta versão do jogo
GUI.OK_LABEL,,OK
GUI.OPTIONS.AUDIO.TITLE,,Opções de Som
GUI.OPTIONS.GAMEPLAY.HIDE_TREES_OBSCURING_SETTLERS,,Tornar as árvores transparentes ao obscurecer os colonos
GUI.OPTIONS.GAMEPLAY.TITLE,,Opções de Jogo
GUI.OPTIONS.GAMEPLAY.USE_EDGE_SCROLLING,,Role quando o cursor estiver na borda da tela
GUI.OPTIONS.GAMEPLAY.ZOOM_TO_CURSOR,,
GUI.OPTIONS.GRAPHICS.FULLSCREENMODE.BORDERLESS_FULLSCREEN,,
GUI.OPTIONS.GRAPHICS.FULLSCREENMODE.EXCLUSIVE_FULLSCREEN,,
GUI.OPTIONS.GRAPHICS.FULLSCREENMODE.WINDOWED,,
GUI.OPTIONS.GRAPHICS.TITLE,,Opções Gráficas 
GUI.OPTIONS.GRAPHICS.WEATHER_EFFECTS,,
GUI.OPTIONS.GRAPHICS.WEATHER_EFFECTS_TOOLTIP,,
GUI.OPTIONS.KEY_BINDINGS,,
GUI.OPTIONS.MISC.CRASH_REPORTING_ENABLED,,
GUI.OPTIONS.MISC.TITLE,,Diversos
GUI.OPTIONS.MISC.TUTORIAL_ENABLED,,
GUI.OPTIONS.RESET,,
GUI.OPTIONS.TAB.AUDIO,,
GUI.OPTIONS.TAB.GAMEPLAY,,
GUI.OPTIONS.TAB.GRAPHICS,,
GUI.OPTIONS.TAB.MISC,,
GUI.OPTIONS.TAB.TWITCH,,
GUI.OPTIONS.TWITCH.ACCOUNT_LABEL,,
GUI.OPTIONS.TWITCH.CODE_LABEL,,
GUI.OPTIONS.TWITCH.CONNECTED_LABEL,,
GUI.OPTIONS.TWITCH.DISCONNECT,,
GUI.OPTIONS.TWITCH.DISCONNECTED_LABEL,,
GUI.OPTIONS.TWITCH.ENABLED,,
GUI.OPTIONS.TWITCH.GENERAL_ERROR,,
GUI.OPTIONS.TWITCH.LINK_ACCOUNT_BUTTON,,
GUI.OPTIONS.TWITCH.PRIORITISE_SUBSCRIBERS,,
GUI.OPTIONS.TWITCH.SUBMIT_BUTTON,,
GUI.OPTIONS.TWITCH.TITLE,,
GUI.OPTIONS.TWITCH.VIEWERS_AS_SETTLERS,,
GUI.OPTIONS.TWITCH.VIEWERS_LABEL,,
GUI.ORDERS.CHOP_WOOD,,Cortar
GUI.ORDERS.CLEAR_GROUND,,Limpar
GUI.ORDERS.DIG_CHANNELS,,
GUI.ORDERS.DIG_CHANNELS.TOOLTIP,,
GUI.ORDERS.EXTINGUISH_FLAMES,,
GUI.ORDERS.EXTINGUISH_FLAMES.TOOLTIP,,
GUI.ORDERS.HARVEST_PLANTS,,Colher
GUI.ORDERS.HUNT,,
GUI.ORDERS.HUNT.TOOLTIP,,
GUI.ORDERS.MINE,,Escavar
GUI.ORDERS_LABEL,,Encomendas 
GUI.PLACE_BRIDGE.HINT,,Uma ponte deve cobrir ambos os lados do rio e ter pelo menos 3x3 telhas de tamanho
GUI.POWER_LABEL,,
GUI.POWER_WATER_INFO,,
GUI.PRIORITY_LABEL,,
GUI.PRODUCTION_EXPORT.CHOOSE_ITEM_TYPE,,
GUI.PRODUCTION_EXPORT.LIMIT.REACHED,,
GUI.PRODUCTION_IMPORT.CHOOSE_ITEM_TYPE,,
GUI.REMOVE_LABEL,,Remover
GUI.REMOVE_TILES,,Remover mosaicos
GUI.RESOURCE_MANAGEMENT.ALL_OF,,
GUI.RESOURCE_MANAGEMENT.AVAILABLE,,
GUI.RESOURCE_MANAGEMENT.AVAILABLE_OF_TOTAL,,
GUI.RESOURCE_MANAGEMENT.ITEM_ALLOCATION_PURPOSE.CONTENTS_TO_BE_DUMPED,,
GUI.RESOURCE_MANAGEMENT.ITEM_ALLOCATION_PURPOSE.CONTENTS_TO_BE_DUMPED.PLURAL,,
GUI.RESOURCE_MANAGEMENT.ITEM_ALLOCATION_PURPOSE.DUE_TO_BE_HAULED,,
GUI.RESOURCE_MANAGEMENT.ITEM_ALLOCATION_PURPOSE.DUE_TO_BE_HAULED.PLURAL,,
GUI.RESOURCE_MANAGEMENT.ITEM_ALLOCATION_PURPOSE.EQUIPPED,,
GUI.RESOURCE_MANAGEMENT.ITEM_ALLOCATION_PURPOSE.EQUIPPED.PLURAL,,
GUI.RESOURCE_MANAGEMENT.ITEM_ALLOCATION_PURPOSE.FOOD_ALLOCATION,,
GUI.RESOURCE_MANAGEMENT.ITEM_ALLOCATION_PURPOSE.FOOD_ALLOCATION.PLURAL,,
GUI.RESOURCE_MANAGEMENT.ITEM_ALLOCATION_PURPOSE.HAULING,,
GUI.RESOURCE_MANAGEMENT.ITEM_ALLOCATION_PURPOSE.HAULING.PLURAL,,
GUI.RESOURCE_MANAGEMENT.ITEM_ALLOCATION_PURPOSE.HELD_IN_INVENTORY,,
GUI.RESOURCE_MANAGEMENT.ITEM_ALLOCATION_PURPOSE.HELD_IN_INVENTORY.PLURAL,,
GUI.RESOURCE_MANAGEMENT.ITEM_ALLOCATION_PURPOSE.ON_FIRE,,
GUI.RESOURCE_MANAGEMENT.ITEM_ALLOCATION_PURPOSE.ON_FIRE.PLURAL,,
GUI.RESOURCE_MANAGEMENT.ITEM_ALLOCATION_PURPOSE.PLACED_FOR_CONSTRUCTION,,
GUI.RESOURCE_MANAGEMENT.ITEM_ALLOCATION_PURPOSE.PLACED_FOR_CONSTRUCTION.PLURAL,,
GUI.RESOURCE_MANAGEMENT.ITEM_ALLOCATION_PURPOSE.PRODUCTION_IMPORT,,
GUI.RESOURCE_MANAGEMENT.ITEM_ALLOCATION_PURPOSE.PRODUCTION_IMPORT.PLURAL,,
GUI.RESOURCE_MANAGEMENT.ITEM_ALLOCATION_PURPOSE.PRODUCTION_OUTPUT,,
GUI.RESOURCE_MANAGEMENT.ITEM_ALLOCATION_PURPOSE.PRODUCTION_OUTPUT.PLURAL,,
GUI.RESOURCE_MANAGEMENT.QUANTIFIED_ITEM,,
GUI.RESOURCE_MANAGEMENT.SEARCH,,
GUI.RESOURCE_MANAGEMENT.SORT_BY,,
GUI.RESOURCE_MANAGEMENT.TITLE,,Recursos
GUI.RESOURCE_MANAGEMENT.TOTAL,,
GUI.RESOURCE_MANAGEMENT.UNALLOCATED_LABEL,,Disponível: {{count}}
GUI.ROOFING.ADD,,
GUI.ROOMS_LABEL,,
GUI.ROTATE_FURNITURE.HINT,,Premir (R) para rodar mobília
GUI.SAVING_PROMPT,,A guardar…
GUI.SELECT_WEAPON.LABEL,,
GUI.SETTINGS.LABEL,,
GUI.SETTLER_MANAGEMENT.CHOOSE_ARMOUR,,
GUI.SETTLER_MANAGEMENT.CHOOSE_SHIELD,,
GUI.SETTLER_MANAGEMENT.CHOOSE_WEAPON,,
GUI.SETTLER_MANAGEMENT.HAPPINESS,,
GUI.SETTLER_MANAGEMENT.IMMIGRATION,,
GUI.SETTLER_MANAGEMENT.MAIN_HAND.STATUS,,
GUI.SETTLER_MANAGEMENT.OFF_HAND.STATUS,,
GUI.SETTLER_MANAGEMENT.OFF_HAND.TWO_HANDED_WEAPON,,
GUI.SETTLER_MANAGEMENT.POPULATION_STATISTICS,,
GUI.SETTLER_MANAGEMENT.PROFESSION.CIVILIAN,,
GUI.SETTLER_MANAGEMENT.PROFESSION.MILITARY,,
GUI.SETTLER_MANAGEMENT.PROFESSION.VILLAGER,,
GUI.SETTLER_MANAGEMENT.SEARCH,,
GUI.SETTLER_MANAGEMENT.SORT.HAPPINESS,,
GUI.SETTLER_MANAGEMENT.SORT.MILITARY_CIVILIAN,,
GUI.SETTLER_MANAGEMENT.SORT.NAME,,
GUI.SETTLER_MANAGEMENT.SORT.SKILL_LEVEL,,
GUI.SETTLER_MANAGEMENT.SORT_BY,,
GUI.SETTLER_MANAGEMENT.TITLE,,Colonos
GUI.SOUND_EFFECT_VOLUME,,
GUI.UI_SCALE,,Tamanho da interface:
GUI.VIEW_MODE.DEFAULT,,
GUI.VIEW_MODE.JOB_PRIORITY,,
GUI.VIEW_MODE.MECHANISMS,,
GUI.VIEW_MODE.PIPING,,
GUI.VIEW_MODE.ROOFING_INFO,,
GUI.VIEW_ROADMAP,,
GUI.YEAR_LABEL,,
HAPPINESS_MODIFIER.ALCOHOL_WITHDRAWAL,,
HAPPINESS_MODIFIER.ATE_NICELY_PREPARED_FOOD,,Comi uma refeição bem preparada
HAPPINESS_MODIFIER.BLEEDING,,
HAPPINESS_MODIFIER.CARRIED_DEAD_BODY,,Carregava um cadáver
HAPPINESS_MODIFIER.CAUGHT_IN_RAIN,,
HAPPINESS_MODIFIER.DRANK_ALCOHOL,,
HAPPINESS_MODIFIER.DRANK_FROM_RIVER,,Bebeu água do rio
HAPPINESS_MODIFIER.DYING_OF_HUNGER,,Morrendo de fome
HAPPINESS_MODIFIER.DYING_OF_THIRST,,Criticamente desidratado
HAPPINESS_MODIFIER.HAD_A_TANTRUM,,
HAPPINESS_MODIFIER.NEW_SETTLEMENT_OPTIMISM,,Otimista sobre o novo assentamento
HAPPINESS_MODIFIER.ON_FIRE,,
HAPPINESS_MODIFIER.POISONED,,Envenenado
HAPPINESS_MODIFIER.SAW_DEAD_BODY,,Vi um cadáver.
HAPPINESS_MODIFIER.SLEEPING_IN_RAIN,,
HAPPINESS_MODIFIER.SLEEPING_IN_SNOW,,
HAPPINESS_MODIFIER.SLEPT_IN_BED,,
HAPPINESS_MODIFIER.SLEPT_ON_GROUND,,Dormiu em terreno acidentado
HAPPINESS_MODIFIER.SLEPT_OUTSIDE,,Dormiu sob as estrelas
HAPPINESS_MODIFIER.TITLE,,Felicidade:
HAPPINESS_MODIFIER.VERY_HUNGRY,,Muito faminta.
HAPPINESS_MODIFIER.VERY_THIRSTY,,Muito sedento.
HAPPINESS_MODIFIER.VERY_TIRED,,Extremamente cansado
HAPPINESS_MODIFIER.WORKED_IN_ENCLOSED_ROOM,,
HAPPINESS_MODIFIER.WORKED_IN_RAIN,,
HAULING.ASSIGNMENT.DESCRIPTION,,{{quantity}} atribuído a {{targetDescription}}
HINT.BUILD_PIPES.1,,
HINT.BUILD_PIPES.2,,
HINT.BUILD_PIPES.3,,
HINT.BUILD_POWER.1,,
HINT.BUILD_POWER.2,,
HINT.BUILD_POWER.3,,
HINT.BUILD_ROOFING.1,,
HINT.BUILD_ROOFING.2,,
HINT.BUILD_ROOFING.3,,
HINT.BUTTON.BEGIN_TUTORIAL,,
HINT.BUTTON.DISABLE_ALL,,Desativar todas as dicas
HINT.BUTTON.DISMISS,,
HINT.BUTTON.HINTS_ONLY,,Somente dicas
HINT.BUTTON.NEXT,,Próximo
HINT.OPEN_PRIORITY_MENU.1,,
HINT.OPEN_PRIORITY_MENU.2,,
HINT.TOOL_DEPLETED.AXE1,,
HINT.TOOL_DEPLETED.AXE2,,
HINT.TOOL_DEPLETED.CHISEL1,,
HINT.TOOL_DEPLETED.CHISEL2,,
HINT.TOOL_DEPLETED.PLANE1,,
HINT.TOOL_DEPLETED.PLANE2,,
HINT.TOOL_DEPLETED.SAW1,,
HINT.TOOL_DEPLETED.SAW2,,
HINT.WEAPON_SELECTION.1,,
HINT.WEAPON_SELECTION.2,,
HINT.WEAPON_SELECTION.3,,
HINT.WELCOME.NEXT_STEPS,,TEXTO
HINT.WELCOME.PRE_SPAWN,,
HUMANOID.BROKEN.DESCRIPTION,,"{{name}}, {{madness.adjective}} {{race.noun}}"
HUMANOID.DESCRIPTION,,"{{name}}, {{race.adjective}} {{profession.noun}}"
INGREDIENT.DOUGH,,Massa
INGREDIENT.FLOUR,,Farinha
INGREDIENT.LOAF,,Pão de forma
INGREDIENT.LOAF.PLURAL,,Pães de forma
INGREDIENT.MALT.SACK.NOUN,,
INGREDIENT.MALT.SACK.TOOLTIP,,
INGREDIENT.MILLED.MALT.SACK.NOUN,,
INGREDIENT.MILLED.MALT.SACK.TOOLTIP,,
INGREDIENT.MUSHROOM.SPAWN.NOUN,,Cogumelos desovados
INGREDIENT.MUSHROOM.SPAWN.PLURAL,,Cogumelos desovados
INGREDIENT.MUSHROOM.SPAWN.TOOLTIP,,"Também conhecido como micélio, isso pode ser pensado como “sementes” para cultivar cogumelos em um {{ROOMS.MUSHROOM_FARM}}."
INGREDIENT.SEEDS.NOUN,,Semente
INGREDIENT.SEEDS.PLURAL,,Sementes
INGREDIENT.SEEDS.TOOLTIP,,Sementes do tipo certo são necessárias para plantar em {{ROOMS.FARM}}. Eles também precisam estar disponíveis em um estoque {{STOCKPILE.GRANARY}}.
INGREDIENT.VEGETABLE.CRATE.NOUN,,
INGREDIENT.VEGETABLE.CRATE.PLURAL,,
INGREDIENT.VEGETABLE.SACK.NOUN,,Saco
INGREDIENT.VEGETABLE.SACK.PLURAL,,
INVENTORY.CONTAINS.LABEL,,Inventário:
ITEM.AVAILABILITY.DESCRIPTION,,
ITEM.DESCRIPTION,,{{quantity_if_multiple}}{{materialType.adjective}} {{itemType.noun_or_plural}}
ITEM.INGREDIENT.DESCRIPTION,,{{quantity_if_multiple}}{{materialType.noun_or_plural}}
ITEM.NONE_SELECTED,,
ITEM.QUALITY.PREFIX.AWFUL.ADJECTIVE,,
ITEM.QUALITY.PREFIX.AWFUL.TOOLTIP,,
ITEM.QUALITY.PREFIX.MASTERWORK.ADJECTIVE,,
ITEM.QUALITY.PREFIX.MASTERWORK.TOOLTIP,,
ITEM.QUALITY.PREFIX.POOR.ADJECTIVE,,
ITEM.QUALITY.PREFIX.POOR.TOOLTIP,,
ITEM.QUALITY.PREFIX.SUPERIOR.ADJECTIVE,,
ITEM.QUALITY.PREFIX.SUPERIOR.TOOLTIP,,
ITEM_GROUP.FUEL.PLURAL,,Combustível
ITEM_GROUP.PRODUCT.PLURAL,,Produtos
ITEM_GROUP.RESOURCE.PLURAL,,Recursos
ITEM_GROUP.TOOL.PLURAL,,Ferramentas
LANGUAGE.LABEL,,Idioma
LIQUID.BEER.NOUN,,
LIQUID.BEER.TOOLTIP,,
LIQUID.HOPPED_WORT.NOUN,,
LIQUID.HOPPED_WORT.TOOLTIP,,
LIQUID.WATER.NOUN,,Água
LIQUID.WORT.NOUN,,
LIQUID.WORT.TOOLTIP,,
MADNESS.BROKEN.ADJECTIVE,,Quebrado
MADNESS.BROKEN.TOOLTIP,,Este colono estava tão infeliz que eles foram empurrados para além do ponto de ruptura e não vai mais trabalhar ou mesmo comer!
MATERIAL,,Material
MATERIAL_TYPE,,Tipo
MATERIAL_TYPE.ANY,,Qualquer
MATERIAL_TYPE.CLOTH.ADJECTIVE,,
MATERIAL_TYPE.CLOTH.NOUN,,
MATERIAL_TYPE.EARTH.ADJECTIVE,,Terráqueo
MATERIAL_TYPE.EARTH.NOUN,,Terra
MATERIAL_TYPE.FOODSTUFF.NOUN,,Comida
MATERIAL_TYPE.GEM.NOUN,,Joia
MATERIAL_TYPE.METAL.ADJECTIVE,,De metal
MATERIAL_TYPE.METAL.NOUN,,Metal
MATERIAL_TYPE.ORE.NOUN,,Minério
MATERIAL_TYPE.OTHER.NOUN,,Outro
MATERIAL_TYPE.ROPE.ADJECTIVE,,
MATERIAL_TYPE.ROPE.NOUN,,
MATERIAL_TYPE.SEED.NOUN,,Semente
MATERIAL_TYPE.SKIN.ADJECTIVE,,
MATERIAL_TYPE.SKIN.NOUN,,
MATERIAL_TYPE.STONE.ADJECTIVE,,De pedra
MATERIAL_TYPE.STONE.NOUN,,Pedra
MATERIAL_TYPE.VEGETABLE.NOUN,,Vegetal
MATERIAL_TYPE.VITRIOL.ADJECTIVE,,Vitriol de
MATERIAL_TYPE.VITRIOL.NOUN,,Vitriol
MATERIAL_TYPE.WOOD.ADJECTIVE,,De madeira
MATERIAL_TYPE.WOOD.NOUN,,Madeira
MEAT.BOAR_MEAT,,
MEAT.CARP_MEAT.NOUN,,
MEAT.CARP_MEAT.PLURAL,,
MEAT.DEER_MEAT,,
MEAT.DWARF_FLESH,,
MEAT.ELEPHANT_MEAT,,
MEAT.FOX_MEAT,,
MEAT.HORSE_MEAT,,
MEAT.PERCH_MEAT.NOUN,,
MEAT.PERCH_MEAT.PLURAL,,
MEAT.PIKE_MEAT.NOUN,,
MEAT.PIKE_MEAT.PLURAL,,
MECHANISM.FURNITURE.CONSUMING_POWER,,
MECHANISM.FURNITURE.CRAFTING_STATION_REQUIRES_POWER,,
MECHANISM.FURNITURE.CRAFTING_STATION_REQUIRES_POWER.TOOLTIP,,
MECHANISM.FURNITURE.PRODUCING_POWER,,
MECHANISM.FURNITURE.REQUIRES_OUTSIDE_PLACEMENT,,
MECHANISM.FURNITURE.REQUIRES_POWER,,
MECHANISM.FURNITURE.REQUIRES_POWER.TOOLTIP,,
MECHANISM.FURNITURE.REQUIRES_POWER_GRID,,
MECHANISM.FURNITURE.REQUIRES_POWER_GRID.TOOLTIP,,
MECHANISM.STONE.GEAR.NOUN,,
MECHANISM.STONE.GEAR.TOOLTIP,,
MECHANISM.WOODEN.SHAFT.NOUN,,
MECHANISM.WOODEN.SHAFT.TOOLTIP,,
MENU.CONTINUE_GAME,,Continuar jogo
MENU.CREDITS,,
MENU.JOIN_DISCORD,,
MENU.LINK_TWITCH_ACCOUNT,,
MENU.LOAD_GAME,,
MENU.MODS,,Mods
MENU.NEW_GAME,,Iniciar novo jogo
MENU.OPTIONS,,Opções
MENU.QUIT,,Sair
MENU.SAVE_AND_QUIT,,
MENU.SOURCE_CODE,,
MENU.TOGGLE_FULLSCREEN,,Alternar ecrã inteiro
METAL.BRONZE.ADJECTIVE,,De bronze
METAL.BRONZE.NOUN,,Bronze
METAL.BRONZE.TOOLTIP,,Bronze é uma liga de cobre e estanho. É mais difícil e muito mais durável do que o cobre sozinho. (Ligas ainda não foram implementadas no Rei sob a Montanha)
METAL.COPPER.ADJECTIVE,,De cobre
METAL.COPPER.NOUN,,Cobre
METAL.COPPER.TOOLTIP,,"Além de ocorrer naturalmente como {{ORE.NATIVE_COPPER.NOUN}}, também é fácil de fundir a partir de {{ORE.MALACHITE.NOUN}} minério. O cobre tem muitos usos, particularmente em cunhagem, embora não seja difícil o suficiente para criar armas eficazes."
METAL.COPPER_PATINA.ADJECTIVE,,De cobre
METAL.COPPER_PATINA.NOUN,,
METAL.COPPER_PATINA.TOOLTIP,,{{METAL.COPPER.TOOLTIP}}
METAL.DURALUMINIUM.ADJECTIVE,,
METAL.DURALUMINIUM.NOUN,,
METAL.DURALUMINIUM.TOOLTIP,,
METAL.GOLD.ADJECTIVE,,De ouro
METAL.GOLD.NOUN,,Ouro
METAL.GOLD.TOOLTIP,,"O rei dos metais. Embora não seja o mais raro ou o mais valioso, o ouro é o metal mais cobiçado pela maioria das raças — particularmente os anões."
METAL.IRON.ADJECTIVE,,De ferro
METAL.IRON.NOUN,,Ferro
METAL.IRON.TOOLTIP,,É um militar pobre que não tem acesso ao ferro. Metalferreiros anões conhecem os segredos de trabalhar isso em {{METAL.STEEL.NOUN}}.
METAL.PLATINUM.ADJECTIVE,,Platina
METAL.PLATINUM.NOUN,,Platina
METAL.PLATINUM.TOOLTIP,,"Um metal prateado e branco altamente resistente à corrosão. A platina é mais rara e, portanto, mais valiosa do que {{METAL.GOLD.NOUN}}."
METAL.RUSTED_IRON.ADJECTIVE,,
METAL.RUSTED_IRON.NOUN,,
METAL.RUSTED_IRON.TOOLTIP,,
METAL.SILVER.ADJECTIVE,,Prata
METAL.SILVER.NOUN,,Prata
METAL.SILVER.TOOLTIP,,"Como {{METAL.GOLD.NOUN}}, a prata é frequentemente usada para moedas e como barras sólidas para a negociação de riqueza."
METAL.STEEL.ADJECTIVE,,De aço
METAL.STEEL.NOUN,,Aço
METAL.STEEL.TOOLTIP,,"Muito mais forte do que {{METAL.IRON.NOUN}} o que torna armas e ferramentas superiores, apenas os anões sabem o segredo da criação de aço."
METAL.TIN.ADJECTIVE,,Lata
METAL.TIN.NOUN,,Latão
METAL.TIN.TOOLTIP,,A lata pode ser fundida a partir de {{ORE.CASSITERITE.NOUN}} e ligada a {{METAL.COPPER.NOUN}} para produzir {{METAL.BRONZE.NOUN}}. (Ligas ainda não foram implementadas no Rei sob a Montanha)
MILITARY.FORMATION.COLUMN,,
MILITARY.FORMATION.COLUMN_DOUBLE,,
MILITARY.FORMATION.COLUMN_SINGLE,,
MILITARY.FORMATION.GRID,,
MILITARY.FORMATION.GRID_DOUBLE,,
MILITARY.FORMATION.GRID_SINGLE,,
MILITARY.FORMATION.LINE,,
MILITARY.FORMATION.LINE_DOUBLE,,
MILITARY.FORMATION.LINE_SINGLE,,
MILITARY.SQUAD.DEFAULT_NAME,,
MILITARY.SQUAD.ORDER_DESCRIPTION.COMBAT,,
MILITARY.SQUAD.ORDER_DESCRIPTION.GUARDING,,
MILITARY.SQUAD.ORDER_DESCRIPTION.OFF_DUTY,,
MILITARY.SQUAD.ORDER_DESCRIPTION.RETREATING,,
MILITARY.SQUAD.ORDER_DESCRIPTION.TRAINING,,
MILITARY.SQUAD.SHIFT.DAYTIME,,
MILITARY.SQUAD.SHIFT.NIGHTTIME,,
MODS.APPLY,,Aplicar
MODS.BUTTON.BROWSE,,
MODS.BUTTON.REFRESH,,
MODS.COMPATIBILITY.COMPATIBLE,,Sim
MODS.COMPATIBILITY.INCOMPATIBLE,,Não
MODS.COMPATIBILITY.UNKNOWN,,Desconhecido
MODS.EMAIL_LOGIN.CHECK_EMAIL,,
MODS.EMAIL_LOGIN.CODE_LABEL,,
MODS.EMAIL_LOGIN.EMAIL,,
MODS.EMAIL_LOGIN.EMAIL_LABEL,,
MODS.EMAIL_LOGIN.ERROR,,
MODS.EMAIL_LOGIN.INFO,,
MODS.EMAIL_LOGIN.REQUEST_CODE,,
MODS.EMAIL_LOGIN.SUBMIT_CODE,,
MODS.INCOMPATIBLE_VERSION_DESCRIPTION,,
MODS.MISSING_HOMEPAGE_URL,,
MODS.MISSING_MODS_DIALOG_TEXT,,"Este arquivo de salvamento foi usado pela última vez enquanto os seguintes mods estavam ativos. Esses mods agora estão ausentes ou desativados, portanto, o salvamento pode não ser carregado corretamente."
MODS.MISSING_MODS_SAVE_EXCEPTION_DIALOG_TEXT,,"O arquivo de salvamento não pôde ser carregado porque ele é incompatível com esta versão do jogo, ou porque alguns mods foram desativados ou removidos desde que este salvamento foi carregado pela última vez. Os seguintes mods eram esperados, mas não estão mais ativos:"
MODS.SYNC_IN_PROGRESS,,
MODS.TABLE.COMPATIBILITY,,
MODS.TABLE.ENABLED,,
MODS.TABLE.NAME,,
MODS.TABLE.ORDERING,,Reordenar
MODS.TABLE.VERSION,,
MUSHROOM.DESCRIPTION,,{{materialType.noun}}
NEEDS.DRINK,,Bebida
NEEDS.FOOD,,Comida
NEEDS.SLEEP,,Durma
NOTIFICATION.AREA_REVEALED.DESCRIPTION,,Seus mineiros descobriram uma nova área!
NOTIFICATION.AREA_REVEALED.TITLE,,Exploração
NOTIFICATION.DEATH.DESCRIPTION,,"{{character}}, morreu devido a {{reason}}."
NOTIFICATION.DEATH.KILLED_BY_DESCRIPTION,,
NOTIFICATION.DEATH.SHORT_DESCRIPTION,,Morreu devido a {{reason}}
NOTIFICATION.DEATH.TITLE,,Morte de colono
NOTIFICATION.FIRE_STARTED.DESCRIPTION,,
NOTIFICATION.FIRE_STARTED.TITLE,,
NOTIFICATION.FISH_EXHAUSTED.DESCRIPTION,,
NOTIFICATION.FISH_EXHAUSTED.TITLE,,
NOTIFICATION.GAME_OVER.DESCRIPTION,,Todas as coisas devem chegar ao fim. Seu assentamento está abandonado.
NOTIFICATION.GAME_OVER.TITLE,,Fim de jogo
NOTIFICATION.IMMIGRANTS_ARRIVED.DESCRIPTION,,A prosperidade do seu assentamento atraiu uma série de novos imigrantes para impulsionar a sua população.
NOTIFICATION.IMMIGRANTS_ARRIVED.TITLE,,Imigração
NOTIFICATION.INVASION.DESCRIPTION,,
NOTIFICATION.INVASION.TITLE,,
NOTIFICATION.MINING_COLLAPSE.DESCRIPTION,,Uma área cedeu devido à falta de pilares e suportes.
NOTIFICATION.MINING_COLLAPSE.TITLE,,Colapso de mineração
NOTIFICATION.OXIDISATION_DESTRUCTION.DESCRIPTION,,
NOTIFICATION.OXIDISATION_DESTRUCTION.TITLE,,
NOTIFICATION.PIRATE_INVASION.DESCRIPTION,,
NOTIFICATION.PIRATE_INVASION.TITLE,,
NOTIFICATION.ROOFING_COLLAPSE.DESCRIPTION,,
NOTIFICATION.ROOFING_COLLAPSE.TITLE,,
NOTIFICATION.SETTLER_MENTAL_BREAK.DESCRIPTION,,As dificuldades exaustivas provaram ser demais para lidar com {{character}}.
NOTIFICATION.SETTLER_MENTAL_BREAK.TITLE,,Intervalo mental
NOTIFICATION.SETTLER_STUCK.DESCRIPTION,,
NOTIFICATION.SETTLER_STUCK.TITLE,,
NOTIFICATION.SETTLER_TANTRUM.DESCRIPTION,,
NOTIFICATION.SETTLER_TANTRUM.TITLE,,
NOTIFICATION.TRADER_ARRIVED.DESCRIPTION,,
NOTIFICATION.TRADER_ARRIVED.TITLE,,
NOTIFICATION.TRADER_ARRIVED_NO_DEPOT.DESCRIPTION,,
NOTIFICATION.TRADER_ARRIVED_NO_DEPOT.TITLE,,
ORE.BAUXITE.ADJECTIVE,,Bauxita
ORE.BAUXITE.NOUN,,Bauxita
ORE.BAUXITE.TOOLTIP,,"A bauxita é o minério primário do alumínio. Infelizmente, ainda não foi descoberto um meio de produção de alumínio."
ORE.BITUMINOUS_COAL.ADJECTIVE,,Carvão betuminoso
ORE.BITUMINOUS_COAL.NOUN,,Hematite
ORE.BITUMINOUS_COAL.TOOLTIP,,Isso pode ser convertido em {{ORE.COKE.NOUN}} usando um {{MOBILITURE.COKE_OVEN}}.
ORE.CASSITERITE.ADJECTIVE,,Cassiterita
ORE.CASSITERITE.NOUN,,Cassiterite
ORE.CASSITERITE.TOOLTIP,,Um minério que pode ser fundido para produzir {{METAL.TIN.NOUN}}.
ORE.CHARCOAL.ADJECTIVE,,Carvão
ORE.CHARCOAL.NOUN,,Carvão
ORE.CHARCOAL.TOOLTIP,,{{FUEL.SACK}} produzido a partir de madeira {{RESOURCE.LOGS.PLURAL}}.
ORE.CHRYSOCOLLA.ADJECTIVE,,Crisócolla
ORE.CHRYSOCOLLA.NOUN,,Crisócolla
ORE.CHRYSOCOLLA.TOOLTIP,,"Muitas vezes confundido com turquesa, é na verdade um minério de {{METAL.COPPER}}."
ORE.COKE.ADJECTIVE,,Coca
ORE.COKE.NOUN,,Coca
ORE.COKE.TOOLTIP,,Uma forma refinada de {{ORE.BITUMINOUS_COAL}} que pode ser usada como {{FUEL.SACK}}.
ORE.GALENA.ADJECTIVE,,Galena
ORE.GALENA.NOUN,,Galena
ORE.GALENA.TOOLTIP,,Um minério que pode ser fundido para produzir {{METAL.SILVER}}.
ORE.HEMATITE.ADJECTIVE,,Hematita
ORE.HEMATITE.NOUN,,Hematite
ORE.HEMATITE.TOOLTIP,,Um minério que pode ser fundido para produzir {{METAL.IRON}}.
ORE.ILMENITE.ADJECTIVE,,Ilmenita
ORE.ILMENITE.NOUN,,Ilmenita
ORE.ILMENITE.TOOLTIP,,"Ilmenite é o minério primário de titânio. Infelizmente, um meio de produção de titânio ainda não foi descoberto."
ORE.MALACHITE.ADJECTIVE,,Malaquita
ORE.MALACHITE.NOUN,,Malaquite
ORE.MALACHITE.TOOLTIP,,Um minério que pode ser fundido para produzir {{METAL.COPPER}}.
ORE.NATIVE_COPPER.ADJECTIVE,,Cobre nativo
ORE.NATIVE_COPPER.NOUN,,Cobre nativo
ORE.NATIVE_COPPER.TOOLTIP,,{{METAL.COPPER}} de ocorrência natural que deve ser fundida antes de usar.
ORE.NATIVE_GOLD.ADJECTIVE,,Ouro nativo
ORE.NATIVE_GOLD.NOUN,,Ouro nativo
ORE.NATIVE_GOLD.TOOLTIP,,{{METAL.GOLD}} de ocorrência natural que deve ser fundida antes de usar.
ORE.NATIVE_PLATINUM.ADJECTIVE,,Platina nativa
ORE.NATIVE_PLATINUM.NOUN,,Platina nativa
ORE.NATIVE_PLATINUM.TOOLTIP,,{{METAL.PLATINUM}} de ocorrência natural que deve ser fundida antes de usar.
ORE.NATIVE_SILVER.ADJECTIVE,,Prata nativa
ORE.NATIVE_SILVER.NOUN,,Prata nativa
ORE.NATIVE_SILVER.TOOLTIP,,{{METAL.SILVER}} de ocorrência natural que deve ser fundida antes de usar.
ORE.POLLUCITE.ADJECTIVE,,Poluição
ORE.POLLUCITE.NOUN,,Poluição
ORE.POLLUCITE.TOOLTIP,,"Polucite é um minério de césio, que atualmente é demasiado perigoso para produzir. Metalferreiros anões particularmente loucos estão atualmente tentando encontrar um método confiável de produção."
ORE.PYRITE.ADJECTIVE,,Ouro tolo
ORE.PYRITE.NOUN,,Ouro tolo
ORE.PYRITE.TOOLTIP,,"Também conhecido como Pirita, sua aparência amarelo-pálido faz com que alguns a confunda com ouro. Ele tem vários usos quando esmagado, mas cuidado deve ser tomado como ele faíscas quando atingido."
ORE.THORIUM.ADJECTIVE,,Tório
ORE.THORIUM.NOUN,,Tório
ORE.THORIUM.TOOLTIP,,Um minério metálico prateado que fica preto quando exposto ao ar. É estranhamente quente ao toque.
ORE.WOLFRAMITE.ADJECTIVE,,Wolframite
ORE.WOLFRAMITE.NOUN,,Wolframite
ORE.WOLFRAMITE.TOOLTIP,,Um minério metálico que complica a fundição de estanho. Tem um ponto de fusão muito alto para ser fundido com processos normais.
OTHER.ASH,,
OTHER.BRICK.NOUN,,Tijolo
OTHER.CLAY_SOIL.NOUN,,Solo argiloso
OTHER.GRASS.NOUN,,Erva
PRIORITY.DISABLED,,
PRIORITY.HIGHER,,
PRIORITY.HIGHEST,,
PRIORITY.LOWER,,
PRIORITY.LOWEST,,
PRIORITY.NORMAL,,
PRIVACY.OPT_IN.ACCEPT_BUTTON,,Eu aceito.
PRIVACY.OPT_IN.DATA_POINT.1,,
PRIVACY.OPT_IN.DATA_POINT.2,,
PRIVACY.OPT_IN.DATA_POINT.3,,
PRIVACY.OPT_IN.DESCRIPTION,,
PRIVACY.OPT_IN.DO_NOT_ACCEPT_BUTTON,,Desativar relatórios
PRODUCT.ANVIL,,Bigorna
PRODUCT.ANVIL.PLURAL,,
PRODUCT.ANVIL.TOOLTIP,,Um grande bloco de metal usado para martelar metal aquecido em forma. Necessário para construir um {{FURITURE.FORGE}.
PRODUCT.BARREL.HOOPS,,Aros de barril
PRODUCT.BARREL.HOOPS.TOOLTIP,,Aros de metal usados para construir um {{PRODUCT.BARREL.NOUN}}. Também usado em algumas máquinas.
PRODUCT.BARREL.NOUN,,Barril
PRODUCT.BARREL.PLURAL,,Barris
PRODUCT.BARREL.STAVES,,Pranchas de barril
PRODUCT.BARREL.STAVES.TOOLTIP,,Tábuas de madeira curvas usadas para construir um {{PRODUCT.BARREL.NOUN}}.
PRODUCT.BARREL.TOOLTIP,,Um recipiente cilíndrico para líquidos. A forma curva torna mais fácil rolar.
PRODUCT.BOWL,,Tijela
PRODUCT.BOWL.DESCRIPTION,,Tijela de {{cooking.soup.description}}
PRODUCT.BOWL.PLURAL,,
PRODUCT.BREAD.DOUGH.NOUN,,Massa
PRODUCT.BREAD.DOUGH.PLURAL,,Massa
PRODUCT.BREAD.DOUGH.TOOLTIP,,Uma mistura de ingredientes que podem ser cozidos em {{PRODUCT.BREAD.LOAF.PLURAL}} usando um {{MOBILITURE.BAKING_OVEN}}.
PRODUCT.BREAD.LOAF.NOUN,,Pão
PRODUCT.BREAD.LOAF.PLURAL,,Pão
PRODUCT.BREAD.LOAF.TOOLTIP,,"Pão preparado, pronto para comer!"
PRODUCT.BUCKET.NOUN,,Balde
PRODUCT.BUCKET.PLURAL,,Baldes
PRODUCT.BUCKET.TOOLTIP,,Um pequeno recipiente usado para mover líquidos manualmente.
PRODUCT.CAULDRON,,Caldeirão
PRODUCT.CAULDRON.PLURAL,,
PRODUCT.CAULDRON.TOOLTIP,,"Usado por um {{PROFISSION.CHEF}} para preparar sopa em um {{ROOMS.KITCHEN}}, onde é então movido para um {{ROOMS.FEASTING_HALL}}."
PRODUCT.CHEST.NOUN,,
PRODUCT.CHEST.PLURAL,,
PRODUCT.CHEST.TOOLTIP,,
PRODUCT.LEATHER.NOUN,,
PRODUCT.LEATHER.PLURAL,,
PRODUCT.LINEN.NOUN,,
PRODUCT.LINEN.PLURAL,,
PRODUCT.LINEN.TOOLTIP,,
PRODUCT.LIQUID.TANK,,
PRODUCT.LIQUID.TANK.PLURAL,,
PRODUCT.LIQUID.TANK.TOOLTIP,,
PRODUCT.MILLSTONE,,Mó
PRODUCT.MILLSTONE.PLURAL,,
PRODUCT.MILLSTONE.TOOLTIP,,Dois grandes discos de pedra que são moídos juntos para moer culturas colhidas. Usado para construir um {{MOBILITURE.FLOUR_MILL}}.
PRODUCT.RATION.DOUGH.NOUN,,
PRODUCT.RATION.DOUGH.PLURAL,,
PRODUCT.RATION.DOUGH.TOOLTIP,,
PRODUCT.RATION.NOUN,,Ração
PRODUCT.RATION.PLURAL,,Rações
PRODUCT.RATION.TOOLTIP,,"Estes vão durar muito tempo para alimentar seus colonos, mas você vai precisar de outras fontes de alimento como prioridade."
PRODUCT.ROPE.NOUN,,
PRODUCT.ROPE.PLURAL,,
PRODUCT.STONE.GEAR.NOUN,,
PRODUCT.STONE.GEAR.PLURAL,,
PRODUCT.STONE.GEAR.TOOLTIP,,
PRODUCT.STONE.PIPE.NOUN,,
PRODUCT.STONE.PIPE.PLURAL,,
PRODUCT.STONE.PIPE.TOOLTIP,,
PRODUCT.WATERSKIN.NOUN,,
PRODUCT.WATERSKIN.PLURAL,,
PRODUCT.WOODEN.SHAFT.HORIZONTAL.NOUN,,
PRODUCT.WOODEN.SHAFT.HORIZONTAL.PLURAL,,
PRODUCT.WOODEN.SHAFT.HORIZONTAL.TOOLTIP,,
PRODUCT.WOODEN.SHAFT.VERTICAL.NOUN,,
PRODUCT.WOODEN.SHAFT.VERTICAL.PLURAL,,
PRODUCT.WOODEN.SHAFT.VERTICAL.TOOLTIP,,
PROFESSION.ARTISAN.FEMALE_NOUN,,
PROFESSION.ARTISAN.MALE_NOUN,,
PROFESSION.ARTISAN.PLURAL,,
PROFESSION.ARTISAN.VERB,,
PROFESSION.BAKER.VERB,,Cozer
PROFESSION.BLACKSMITH.FEMALE_NOUN,,Ferreira
PROFESSION.BLACKSMITH.MALE_NOUN,,Ferreiro
PROFESSION.BLACKSMITH.PLURAL,,
PROFESSION.BLACKSMITH.TOOLTIP,,Artesanato itens usando metal e também produz metal a partir de minério.
PROFESSION.BLACKSMITH.VERB,,Forjar
PROFESSION.BREWER.FEMALE_NOUN,,
PROFESSION.BREWER.MALE_NOUN,,
PROFESSION.BREWER.PLURAL,,
PROFESSION.BREWER.TOOLTIP,,
PROFESSION.BREWER.VERB,,
PROFESSION.CARPENTER.FEMALE_NOUN,,Carpinteira
PROFESSION.CARPENTER.MALE_NOUN,,Carpinteiro
PROFESSION.CARPENTER.PLURAL,,
PROFESSION.CARPENTER.TOOLTIP,,Cria móveis e itens de madeira.
PROFESSION.CARPENTER.VERB,,Trabalhar em madeira
PROFESSION.CHEF.FEMALE_NOUN,,Chef
PROFESSION.CHEF.MALE_NOUN,,Chef
PROFESSION.CHEF.PLURAL,,
PROFESSION.CHEF.TOOLTIP,,Prepara toda a comida a ser consumida pelos seus colonos.
PROFESSION.CHEF.VERB,,A cozinhar
PROFESSION.DESCRIPTION,,
PROFESSION.FARMER.FEMALE_NOUN,,Agricultora
PROFESSION.FARMER.MALE_NOUN,,Agricultor
PROFESSION.FARMER.PLURAL,,Agricultores
PROFESSION.FARMER.TOOLTIP,,"Plantas, tende e colhe culturas."
PROFESSION.FARMER.VERB,,Cultivar
PROFESSION.FISHER.FEMALE_NOUN,,Pescadora
PROFESSION.FISHER.MALE_NOUN,,Pescador
PROFESSION.FISHER.TOOLTIP,,Capturas de peixes de massas de água para uso como alimento e recursos.
PROFESSION.FISHER.VERB,,Pescar
PROFESSION.HUNTER.FEMALE_NOUN,,Caçadora
PROFESSION.HUNTER.MALE_NOUN,,Caçador
PROFESSION.HUNTER.TOOLTIP,,Rastreia e mata animais selvagens por sua carne e peles.
PROFESSION.HUNTER.VERB,,Caçar
PROFESSION.LEATHERWORKER.FEMALE_NOUN,,
PROFESSION.LEATHERWORKER.MALE_NOUN,,
PROFESSION.LEATHERWORKER.PLURAL,,
PROFESSION.LEATHERWORKER.TOOLTIP,,
PROFESSION.LEATHERWORKER.VERB,,
PROFESSION.MAYOR.FEMALE_NOUN,,Presidente da Câmara
PROFESSION.MAYOR.MALE_NOUN,,Presidente da Câmara
PROFESSION.MAYOR.VERB,,Governar
PROFESSION.MERCHANT.FEMALE_NOUN,,Comerciante
PROFESSION.MERCHANT.MALE_NOUN,,Comerciante
PROFESSION.MERCHANT.VERB,,Comercializar
PROFESSION.MILLER.VERB,,Fresagem
PROFESSION.MINER.FEMALE_NOUN,,Mineira
PROFESSION.MINER.MALE_NOUN,,Mineiro
PROFESSION.MINER.PLURAL,,
PROFESSION.MINER.TOOLTIP,,Escave novas áreas usando um {{TOOL.PICKAXE}}.
PROFESSION.MINER.VERB,,Escavar
PROFESSION.NOBLE.FEMALE_NOUN,,Nobre
PROFESSION.NOBLE.MALE_NOUN,,Nobre
PROFESSION.NOBLE.TOOLTIP,,"Os nobres não cumprem trabalhos da mesma forma que os colonos comuns, mas trazem fama e prestígio ao seu assentamento."
PROFESSION.NOBLE.VERB,,Reinar
PROFESSION.PIRATE.FEMALE_NOUN,,
PROFESSION.PIRATE.MALE_NOUN,,
PROFESSION.PIRATE.VERB,,
PROFESSION.RUNESMITH.FEMALE_NOUN,,Criadora de runas
PROFESSION.RUNESMITH.MALE_NOUN,,Criador de runas
PROFESSION.RUNESMITH.TOOLTIP,,"Encanta armas, armaduras e itens com runas mágicas para aumentar suas habilidades."
PROFESSION.RUNESMITH.VERB,,Encantar
PROFESSION.SKILL_LEVEL.1,,
PROFESSION.SKILL_LEVEL.1.TOOLTIP,,
PROFESSION.SKILL_LEVEL.2,,
PROFESSION.SKILL_LEVEL.2.TOOLTIP,,
PROFESSION.SKILL_LEVEL.3,,
PROFESSION.SKILL_LEVEL.3.TOOLTIP,,
PROFESSION.SKILL_LEVEL.4,,
PROFESSION.SKILL_LEVEL.4.TOOLTIP,,
PROFESSION.SKILL_LEVEL.5,,
PROFESSION.SKILL_LEVEL.5.TOOLTIP,,
PROFESSION.SKILL_LEVEL.6,,
PROFESSION.SKILL_LEVEL.6.TOOLTIP,,
PROFESSION.SKILL_LEVEL.7,,
PROFESSION.SKILL_LEVEL.7.TOOLTIP,,
PROFESSION.SKILL_LEVEL.8,,
PROFESSION.SKILL_LEVEL.8.TOOLTIP,,
PROFESSION.SKILL_LEVEL.9,,
PROFESSION.SKILL_LEVEL.9.TOOLTIP,,
PROFESSION.STONEMASON.FEMALE_NOUN,,Pedreira
PROFESSION.STONEMASON.MALE_NOUN,,Pedreiro
PROFESSION.STONEMASON.PLURAL,,
PROFESSION.STONEMASON.TOOLTIP,,Móveis de artesanato e itens de pedra.
PROFESSION.STONEMASON.VERB,,Esculpir
PROFESSION.VILLAGER.FEMALE_NOUN,,Aldeã
PROFESSION.VILLAGER.MALE_NOUN,,Aldeão
PROFESSION.VILLAGER.TOOLTIP,,"Este colono não possui profissões específicas e cumprirá quaisquer tarefas mundanas, como o transporte de artigos."
PROFESSION.VILLAGER.VERB,,Trabalhar
PROFESSION.WEAVER.FEMALE_NOUN,,
PROFESSION.WEAVER.MALE_NOUN,,
PROFESSION.WEAVER.PLURAL,,
PROFESSION.WEAVER.TOOLTIP,,
PROFESSION.WEAVER.VERB,,
PROFESSION.WOODCUTTER.FEMALE_NOUN,,Lenhadora
PROFESSION.WOODCUTTER.MALE_NOUN,,Lenhador
PROFESSION.WOODCUTTER.PLURAL,,
PROFESSION.WOODCUTTER.TOOLTIP,,Corta árvores como madeira serrada que pode ser usada em um {{ROOMS.SAWMILL}}.
PROFESSION.WOODCUTTER.VERB,,Cortar lenha
QUOTA.FIXED_AMOUNT,,
QUOTA.PER_SETTLER,,
RACE.BOAR.NOUN,,
RACE.CARP.NOUN,,
RACE.DEER.FEMALE_NOUN,,
RACE.DEER.MALE_NOUN,,
RACE.DEER.TOOLTIP,,
RACE.DWARF.FEMALE_ADJECTIVE,,De anã
RACE.DWARF.FEMALE_NOUN,,Anã
RACE.DWARF.FEMALE_PLURAL,,Anãs
RACE.DWARF.MALE_ADJECTIVE,,De anão
RACE.DWARF.MALE_NOUN,,Anão
RACE.DWARF.MALE_PLURAL,,Anões
RACE.DWARF.TOOLTIP,,Os anões são humanóides curtos e cheios. Eles são mestres de trabalhar com pedra e metal. A maioria dos anões desconfia do céu e prefere ficar no subsolo.
RACE.ELEPHANT.NOUN,,
RACE.FOX.FEMALE_NOUN,,
RACE.FOX.MALE_NOUN,,
RACE.FUNGOLEM,,
RACE.HORSE.NOUN,,
RACE.ORC.MALE_ADJECTIVE,,
RACE.ORC.MALE_NOUN,,
RACE.PERCH.NOUN,,
RACE.PIKE.NOUN,,
RACE.SPIDER,,
RACE.UNDEAD_DWARF,,
RACE.WURM,,
RESOURCE.BONE.LARGE.NOUN,,
RESOURCE.BONE.LARGE.PLURAL,,
RESOURCE.BONE.MEDIUM.NOUN,,
RESOURCE.BONE.MEDIUM.PLURAL,,
RESOURCE.BONE.SMALL.NOUN,,
RESOURCE.BONE.SMALL.PLURAL,,
RESOURCE.FLOUR.SACK.NOUN,,Farinha
RESOURCE.FLOUR.SACK.PLURAL,,Farinha
RESOURCE.FLOUR.SACK.TOOLTIP,,Grão que foi moído em pó fino pronto para ser usado como ingrediente na produção de alimentos.
RESOURCE.GEMS.UNREFINED.NOUN,,Joia bruta
RESOURCE.GEMS.UNREFINED.PLURAL,,Joias brutas
RESOURCE.GEMS.UNREFINED.TOOLTIP,,Um pedaço de rocha contendo pedras preciosas prontas para serem cortadas e polidas.
RESOURCE.GRAIN.SACK.NOUN,,
RESOURCE.GRAIN.SACK.PLURAL,,
RESOURCE.HEMP.BUNDLE.NOUN,,
RESOURCE.HEMP.BUNDLE.PLURAL,,
RESOURCE.HEMP.FIBRE.BUNDLE.NOUN,,
RESOURCE.HEMP.FIBRE.BUNDLE.PLURAL,,
RESOURCE.LOGS.NOUN,,Tronco
RESOURCE.LOGS.PLURAL,,Troncos
RESOURCE.LOGS.TOOLTIP,,"Seções de uma árvore que são mais comumente preparadas em {{RESOURCE.PLANKS.PLURAL}}, mas também têm outros usos."
RESOURCE.METAL.BLOOM.NOUN,,Floresce
RESOURCE.METAL.BLOOM.PLURAL,,Floresce
RESOURCE.METAL.BLOOM.TOOLTIP,,Um pedaço de metal misturado com escória que deve ser martelado em uma forma utilizável.
RESOURCE.METAL.INGOT.NOUN,,Lingote
RESOURCE.METAL.INGOT.PLURAL,,Lingotes
RESOURCE.METAL.INGOT.TOOLTIP,,"Blocos de metal refinados, prontos para serem usados como ingrediente de fabricação."
RESOURCE.METAL.PLATE.NOUN,,Prato
RESOURCE.METAL.PLATE.PLURAL,,Pratos
RESOURCE.METAL.PLATE.TOOLTIP,,Placas grandes e planas que são usadas em algumas das máquinas maiores.
RESOURCE.MUSHROOM.LOG.NOUN,,Diário de cogumelos
RESOURCE.MUSHROOM.LOG.PLURAL,,Toros de cogumelos
RESOURCE.MUSHROOM.LOG.TOOLTIP,,Um log que foi infundido com {{INGREIENT.CUSHROOM.SPAWN.NOUN}}. O corpo do tronco em si é de onde os cogumelos extraem nutrientes. É necessário mergulhar em um {{MOBILITURE.MHOOM_SHOCK_TANK}} depois de se tornar totalmente inoculado.
RESOURCE.MUSHROOM.LUMBER.NOUN,,Tronco
RESOURCE.MUSHROOM.LUMBER.PLURAL,,Troncos
RESOURCE.MUSHROOM.LUMBER.TOOLTIP,,Seções de um cogumelo gigante que podem ser usadas da mesma forma que madeira {{RESOURCE.LOGS.PLURAL}}.
RESOURCE.ORE.CRUSHED.NOUN,,Minério triturado
RESOURCE.ORE.CRUSHED.PLURAL,,Minério triturado
RESOURCE.ORE.CRUSHED.TOOLTIP,,"Uma areia metálica criada pela quebra de minério de metal bruto, pronta para uso em um {{MOBILITURE.BLOOMERY_FURNE}}."
RESOURCE.ORE.UNREFINED.NOUN,,Minério
RESOURCE.ORE.UNREFINED.PLURAL,,Minérios
RESOURCE.ORE.UNREFINED.TOOLTIP,,Pedra que contém minérios metálicos que podem ser transformados em metal utilizável.
RESOURCE.PLANKS.NOUN,,Tábua
RESOURCE.PLANKS.PLURAL,,Tábuas
RESOURCE.PLANKS.TOOLTIP,,Seções de madeira de tamanho fixo para que possam ser facilmente usadas em construções e artesanato.
RESOURCE.SHOCKED.MUSHROOM.LOG.NOUN,,Diário de cogumelos
RESOURCE.SHOCKED.MUSHROOM.LOG.PLURAL,,Toros de cogumelos
RESOURCE.SHOCKED.MUSHROOM.LOG.TOOLTIP,,Este tronco com infusão de cogumelos foi “chocado” na água para incentivar os cogumelos a se desenvolverem e deve produzir uma colheita em breve.
RESOURCE.STONE.BLOCK.NOUN,,Bloco
RESOURCE.STONE.BLOCK.PLURAL,,Blocos
RESOURCE.STONE.BLOCK.TOOLTIP,,Pedra que foi moldada em um cubo de modo que é pode ser facilmente usado na construção ou fabricação.
RESOURCE.STONE.UNREFINED.NOUN,,Pedregulho de pedra bruta
RESOURCE.STONE.UNREFINED.PLURAL,,Pedregulhos de pedra bruta
RESOURCE.STONE.UNREFINED.TOOLTIP,,Um enorme pedaço de pedra que deve ser cinzelado em uma forma mais útil por um {{PROFISSION.STONEMASON}}.
RESOURCE.WHEAT.SACK.NOUN,,
RESOURCE.WHEAT.SACK.PLURAL,,
RESOURCE.WHEAT.SACK.TOOLTIP,,
ROOMS.ARMOURY,,
ROOMS.ARMOURY.TOOLTIP,,
ROOMS.ARTISAN_WORKSHOP,,
ROOMS.ARTISAN_WORKSHOP.TOOLTIP,,
ROOMS.BAKERY,,
ROOMS.BAKERY.TOOLTIP,,
ROOMS.BARRACKS,,
ROOMS.BARRACKS.TOOLTIP,,
ROOMS.BEDROOM,,Quarto
ROOMS.BEDROOM.TOOLTIP,,"Um lugar para seus colonos dormirem. Eles preferem ter quartos individuais com pelo menos 9 azulejos de tamanho e, de preferência, pelo menos, 13 azulejos de tamanho."
ROOMS.BREWERY,,
ROOMS.BREWERY.TOOLTIP,,
ROOMS.BRIDGE,,Ponte
ROOMS.BRIDGE.TOOLTIP,,Colocado do outro lado do rio para permitir o acesso ao outro lado.
ROOMS.CARPENTRY_WORKSHOP,,Oficina de carpintaria
ROOMS.CARPENTRY_WORKSHOP.TOOLTIP,,Esta oficina produz a maioria das ferramentas e itens de madeira.
ROOMS.COMPONENT.STOCKPILE.DESCRIPTION,,{{allocated}} de {{total}} espaços em uso no momento
ROOMS.FARM,,Parcela de cultivo
ROOMS.FARM.PLURAL,,Parcelas agrícolas
ROOMS.FARM.TOOLTIP,,Cultiva culturas usando {{INGREIENT.SEEDS.PLURAL}}. Deve ser colocado em {{MATERIAL_TYPE.EARTH.NOUN}}.
ROOMS.FEASTING_HALL,,Refeitório 
ROOMS.FEASTING_HALL.TOOLTIP,,"Um lugar para os colonos se reunirem para comer, beber e ser feliz!"
ROOMS.FUEL_REFINERY,,
ROOMS.FUEL_REFINERY.TOOLTIP,,
ROOMS.GRAVEYARD,,Cemitério
ROOMS.GRAVEYARD.TOOLTIP,,Os colonos falecidos são colocados para descansar aqui.
ROOMS.ITERATIVE_NAMED_ROOM,,
ROOMS.KITCHEN,,Cozinha
ROOMS.KITCHEN.TOOLTIP,,A maioria dos alimentos é preparada aqui antes de ser servida em {{ROOMS.FEASTING_HALL}}.
ROOMS.LEATHER_WORKSHOP,,
ROOMS.LEATHER_WORKSHOP.TOOLTIP,,
ROOMS.MASONRY_WORKSHOP,,Oficina de alvenaria
ROOMS.MASONRY_WORKSHOP.TOOLTIP,,Esta oficina produz a maioria dos itens feitos de pedra.
ROOMS.MUSHROOM_FARM,,Fazenda de cogumelos
ROOMS.MUSHROOM_FARM.TOOLTIP,,Os cogumelos podem ser cultivados usando {{INGREGIENT.CUSHROOM.SPAWN.NOUN}} e madeira {{RESOURCE.LOGS.PLURAL}}.
ROOMS.SAWMILL,,Serraria
ROOMS.SAWMILL.TOOLTIP,,{{RESOURCE.LOGS.PLURAL}} de madeira são refinados em {{RESOURCE.PLANKS.PLURAL}} aqui.
ROOMS.SMELTERY,,
ROOMS.SMELTERY.TOOLTIP,,
ROOMS.SMITHY,,
ROOMS.SMITHY.TOOLTIP,,
ROOMS.STOCKPILE,,
ROOMS.STOCKPILE.TOOLTIP,,
ROOMS.STOCKPILES,,Reservas
ROOMS.STOCKPILES.TOOLTIP,,Itens não utilizados são colocados em estoques para facilitar o acesso.
ROOMS.STOCKPILE_WITH_GROUP_NAME,,
ROOMS.TEXTILE_WORKSHOP,,
ROOMS.TEXTILE_WORKSHOP.TOOLTIP,,
ROOMS.TRADING_DEPOT,,
ROOMS.TRADING_DEPOT.TOOLTIP,,
ROPE.AGED_ROPE,,
ROPE.BRONZED_ROPE,,
ROPE.GRAY_ROPE,,
ROPE.HEMP-ROPE,,
ROPE.TOBACCO_ROPE,,
RUSTED_SCRAP.NOUN,,
RUSTED_SCRAP.TOOLTIP,,
SEASON.AUTUMN,,Outono
SEASON.SPRING,,Primavera
SEASON.SUMMER,,Verão
SEASON.WINTER,,Inverno
SEED.BARLEY_SEED,,Cevada
SEED.BARLEY_SEED.TOOLTIP,,"Um grão usado apenas na produção de cerveja. Pode ser plantada em {{SEASON.SPRING}}, {{SEASON.SUMMER}} ou {{SEASON.AUTUMN}}."
SEED.BERSERKER_MUSHROOM_SPAWN,,Berserker
SEED.BERSERKER_MUSHROOM_SPAWN.TOOLTIP,,Um cogumelo com uma tampa rosa-vermelha com manchas brancas. Tem propriedades alucinógenas que os guerreiros às vezes usam na preparação para a batalha.
SEED.CARROT_SEED,,Cenoura
SEED.CARROT_SEED.TOOLTIP,,"Um vegetal de raiz resistente que sobrevive à geada {{SEASON.WINTER}}. As cenouras crescem rapidamente, mas apenas produzem uma pequena colheita. Pode ser plantada em {{SEASON.SPRING}}, {{SEASON.SUMMER}} ou {{SEASON.AUTUMN}}."
SEED.CORN_SEED,,Milho
SEED.CORN_SEED.TOOLTIP,,"Um grão de cereais também conhecido como milho. Produz uma colheita abundante, mas leva cerca de 2 estações para crescer e não pode sobreviver {{SEASON.WINTER}}, então requer plantio no início {{SEASON.SPRING}}."
SEED.DEATH_CAP_SPAWN,,Boné de morte
SEED.DEATH_CAP_SPAWN.TOOLTIP,,Um cogumelo muito venenoso com uma tampa larga e plana. Comer até mesmo uma pequena quantidade quase certamente causará envenenamento que pode levar à morte.
SEED.ELFSBANE_SPAWN,,Elfsbane
SEED.ELFSBANE_SPAWN.TOOLTIP,,"Este cogumelo tem um sabor simples e sem sabor para a maioria dos humanóides. Estranhamente, tem um gosto absolutamente nojento para os elfos, que muitas vezes reagem com vômitos explosivos ao consumir, ou em casos extremos, um ataque cardíaco."
SEED.FIST_SPAWN,,Punho
SEED.FIST_SPAWN.TOOLTIP,,Um cogumelo preto-azul com um sabor metálico. É nomeado para um grupo de bardos da era das trevas.
SEED.GLOW_SPAWN,,Brilhar
SEED.GLOW_SPAWN.TOOLTIP,,Um cogumelo com infusão de magia que emite luz e muda de cor com as estações.
SEED.HEMP_SEED,,
SEED.HEMP_SEED.TOOLTIP,,
SEED.HOPS_SEED,,Lúpulo
SEED.HOPS_SEED.TOOLTIP,,Uma flor usada para o sabor da cerveja. Deve ser plantado em {{SEASON.SPRING}}.
SEED.MILTONIA_SPAWN,,Miltonia
SEED.MILTONIA_SPAWN.TOOLTIP,,"Uma vez que se pensa existir apenas na região de Hudds, ela é agora encontrada em todo o mundo."
SEED.POTATO_SEED,,Batata
SEED.POTATO_SEED.TOOLTIP,,"Um vegetal de raiz amido que pode sobreviver {{SEASON.WINTER}} tornando-o uma boa escolha para a maioria dos assentamentos. Pode ser plantada em {{SEASON.SPRING}}, {{SEASON.SUMMER}} ou {{SEASON.AUTUMN}}."
SEED.PURPLE_HELMET_SPAWN,,Capacete roxo
SEED.PURPLE_HELMET_SPAWN.TOOLTIP,,"Gordo Hat, Turbante Gordo, Capacete Puffy; Este cogumelo lendário passa por muitos nomes. A lenda afirma que há muito tempo, muitas comunidades de anões subsistiram inteiramente em uma estirpe domesticada deste fungo."
SEED.ROCIOMYCOTA_MUSHROOM_SPAWN,,Rociomicota
SEED.ROCIOMYCOTA_MUSHROOM_SPAWN.TOOLTIP,,Um cogumelo branco e preto manchado. Sabe-se que afecta a aparência daqueles que o ingerem.
SEED.SUNGLOW_SPAWN,,Brilho
SEED.SUNGLOW_SPAWN.TOOLTIP,,Um cogumelo amarelo brilhante que brilha com a aparência da luz solar. Perde este brilho no momento em que é colhida.
SEED.SYRUP_POWDER_SPAWN,,Xarope em pó
SEED.SYRUP_POWDER_SPAWN.TOOLTIP,,"Um cogumelo laranja/amarelo redondo com uma parte inferior branca. Dizem que foi usado por magos há muito tempo, mas para que propósito, ninguém sabe."
SEED.TOMATO_SEED,,Tomate
SEED.TOMATO_SEED.TOOLTIP,,Uma planta que cresce grandes bagas vermelhas muitas vezes usado como um vegetal. Só pode ser plantada em {{SEASON.SPRING}}.
SEED.WHEAT_SEED,,Trigo
SEED.WHEAT_SEED.TOOLTIP,,"Um grão de cereais geralmente usado para a produção de pão. Ela pode sobreviver a {{SEASON.WINTER}}, mas leva um tempo para crescer, então é plantada em {{SEASON.SPRING}} ou {{SEASON.AUTUMN}}."
SHRUB.DESCRIPTION,,Arbusto
SKILL.ARCHERY.FEMALE_NOUN,,
SKILL.ARCHERY.MALE_NOUN,,
SKILL.ARCHERY.TOOLTIP,,
SKILL.AXES.FEMALE_NOUN,,
SKILL.AXES.MALE_NOUN,,
SKILL.AXES.TOOLTIP,,
SKILL.CROSSBOWS.FEMALE_NOUN,,
SKILL.CROSSBOWS.MALE_NOUN,,
SKILL.CROSSBOWS.TOOLTIP,,
SKILL.MACES.FEMALE_NOUN,,
SKILL.MACES.MALE_NOUN,,
SKILL.MACES.TOOLTIP,,
SKILL.SWORDSMANSHIP.FEMALE_NOUN,,
SKILL.SWORDSMANSHIP.MALE_NOUN,,
SKILL.SWORDSMANSHIP.TOOLTIP,,
SKILL.UNARMED_COMBAT.FEMALE_NOUN,,
SKILL.UNARMED_COMBAT.MALE_NOUN,,
SKILL.UNARMED_COMBAT.TOOLTIP,,
SKIN.BOAR_HIDE,,
SKIN.DEER_HIDE,,
SKIN.DWARF_HIDE,,
SKIN.ELEPHANT_HIDE,,
SKIN.HORSE_HIDE,,
STATUS.ALCOHOL_WITHDRAWL,,
STATUS.BLEEDING,,
STATUS.BLINDED,,
STATUS.DEATH,,
STATUS.DRUNK,,
STATUS.DYING_OF_HUNGER,,
STATUS.DYING_OF_THIRST,,
STATUS.EXHAUSTED,,
STATUS.INTERNAL_BLEEDING,,
STATUS.KNOCKED_UNCONSCIOUS,,
STATUS.LOSS_MAIN_HAND,,
STATUS.LOSS_OFF_HAND,,
STATUS.MOVEMENT_IMPAIRED,,
STATUS.ON_FIRE,,
STATUS.POISONED,,
STATUS.TEMPORARILY_BLINDED,,
STATUS.VERY_HUNGRY,,
STATUS.VERY_THIRSTY,,
STOCKPILE.GROUP.FOOD,,
STOCKPILE.GROUP.FOOD.TOOLTIP,,
STOCKPILE.GROUP.FUEL,,
STOCKPILE.GROUP.GRANARY,,Celeiro
STOCKPILE.GROUP.GRANARY.TOOLTIP,,
STOCKPILE.GROUP.PRODUCTS,,
STOCKPILE.GROUP.RAW_MATERIALS,,
STOCKPILE.GROUP.SEEDS,,
STOCKPILE.GROUP.TOOLS,,Ferramentas
STOCKPILE.GROUP.TOOLS.TOOLTIP,,
STOCKPILE.GROUP.TREASURE,,
STOCKPILE.GROUP.WEAPONS,,
STOCKPILE.GROUP.WEAPONS.TOOLTIP,,
STONE.BASALT.ADJECTIVE,,De basalto
STONE.BASALT.NOUN,,Basalto
STONE.BASALT.TOOLTIP,,Uma rocha ígnea formada pelo rápido resfriamento da lava. Quase toda a rocha vulcânica no mundo é basalto.
STONE.DOLOSTONE.ADJECTIVE,,De dolomito
STONE.DOLOSTONE.NOUN,,Dolomito
STONE.DOLOSTONE.TOOLTIP,,"Uma rocha sedimentar composta principalmente pela dolomita mineral, por isso também é conhecida como rocha dolomita."
STONE.FRONITE.ADJECTIVE,,Frónite
STONE.FRONITE.NOUN,,Frónite
STONE.FRONITE.TOOLTIP,,Uma rocha de tons azuis encontrada principalmente em uma ilha gelada ao norte. Tem um alto teor de ferro.
STONE.GRANITE.ADJECTIVE,,De granito
STONE.GRANITE.NOUN,,Granito
STONE.GRANITE.TOOLTIP,,"Um tipo comum de rocha ígnea. Tem uma grande proporção de quartzo, tornando-o bom para localizar certas pedras preciosas."
STONE.LIMESTONE.ADJECTIVE,,De calcário
STONE.LIMESTONE.NOUN,,Calcário
STONE.LIMESTONE.TOOLTIP,,Uma rocha sedimentar de cor clara que faz um bom material de construção. Também é usado como um fluxo na produção de {{METAL.STEEL.NOUN}}.
STONE.MARBLE.ADJECTIVE,,De mármore
STONE.MARBLE.NOUN,,Mármore
STONE.MARBLE.TOOLTIP,,Uma rocha metamórfica que é usada como material de alta qualidade para escultura e alvenaria devido à sua aparência brilhante.
STONE.SANDSTONE.ADJECTIVE,,De arenito
STONE.SANDSTONE.NOUN,,Arenito
STONE.SANDSTONE.TOOLTIP,,Uma rocha sedimentar composta por fragmentos de areia.
STONE.SHALE.ADJECTIVE,,De xisto
STONE.SHALE.NOUN,,Xisto
STONE.SHALE.TOOLTIP,,Uma rocha sedimentar de grão fino composta de lama pressurizada. Pode ser facilmente quebrado em camadas finas.
STONE.SLATE.ADJECTIVE,,De ardósia
STONE.SLATE.NOUN,,Ardósia
STONE.SLATE.TOOLTIP,,"Uma rocha metamórfica que geralmente é formada a partir de {{STONE.SHALE.NOUN}}. Muitas vezes, é feito em azulejos para telhados ou escrita."
TOOL.AXE.NOUN,,Machado
TOOL.AXE.PLURAL,,
TOOL.AXE.TOOLTIP,,Costumava cortar árvores. A ferramenta principal de um {{PROFISSION.WOODCUTTER}}.
TOOL.CHISEL.NOUN,,Formão
TOOL.CHISEL.PLURAL,,
TOOL.CHISEL.TOOLTIP,,Usado para esculpir rocha em forma. Uma das ferramentas usadas por um {{PROFISSION.STONEMASON}}.
TOOL.FISHING.ROD.NOUN,,Cana de pesca
TOOL.FISHING.ROD.PLURAL,,
TOOL.FISHING.ROD.TOOLTIP,,Usado para pegar peixes de um corpo de água. A ferramenta primária de um {{PROFISSION.FISHER}}.
TOOL.KITCHEN.KNIFE.NOUN,,Faca de cozinha
TOOL.KITCHEN.KNIFE.PLURAL,,
TOOL.KITCHEN.KNIFE.TOOLTIP,,"Usado para preparar alimentos, particularmente carne."
TOOL.LARGE.HAMMER.NOUN,,Martelo grande
TOOL.LARGE.HAMMER.PLURAL,,
TOOL.LARGE.HAMMER.TOOLTIP,,Usado para bater grandes itens de pedra e metal em forma. A ferramenta principal de um {{PROFISSION.BLACKSMITH}}.
TOOL.PICKAXE.NOUN,,Picareta
TOOL.PICKAXE.PLURAL,,
TOOL.PICKAXE.TOOLTIP,,Usado para quebrar pedra em pedaços menores. A ferramenta principal de um {{profession.miner}}.
TOOL.PLANE.NOUN,,Plaina
TOOL.PLANE.PLURAL,,
TOOL.PLANE.TOOLTIP,,Usado para raspar móveis de madeira e itens em forma. A ferramenta principal de um {{PROFISSION.CARPENTER}}.
TOOL.ROLLING.PIN.NOUN,,Rolo da massa
TOOL.ROLLING.PIN.PLURAL,,
TOOL.ROLLING.PIN.TOOLTIP,,Usado para preparar massa. Uma das ferramentas usadas por um {{PROFISSION.CHEF}}.
TOOL.SAW.NOUN,,Serrote
TOOL.SAW.PLURAL,,
TOOL.SAW.TOOLTIP,,Usado para cortar madeira em forma. Necessário para cortar madeira no {{ROOMS.SAWMILL}}.
TOOL.SMALL.HAMMER.NOUN,,Martelo
TOOL.SMALL.HAMMER.PLURAL,,
TOOL.SMALL.HAMMER.TOOLTIP,,Usado para bater pequenos itens de pedra e metal em forma. Uma das ferramentas usadas por um {{PROFISSION.BLACKSMITH}}.
TOOL.TONGS.NOUN,,Tenazes
TOOL.TONGS.PLURAL,,
TOOL.TONGS.TOOLTIP,,Usado para armazenar itens de metal extremamente quentes. Usado no processo de fundição de minério metálico.
TREASURE.COIN.NOUN,,
TREASURE.COIN.PLURAL,,
TREASURE.COIN.TOOLTIP,,
TREASURE.GEM.NOUN,,
TREASURE.GEM.PLURAL,,
TREASURE.GEM.TOOLTIP,,
TREE.DESCRIPTION,,Árvore de {{materialType.noun}}
TUTORIAL.COMPLETED.A,,
TUTORIAL.COMPLETED.B,,
TUTORIAL.COMPLETED.C,,
TUTORIAL.COMPLETED.D,,
TUTORIAL.CRAFTING.A,,
TUTORIAL.CRAFTING.B,,
TUTORIAL.CRAFTING.C,,
TUTORIAL.CRAFTING_SELECTION.A,,
TUTORIAL.CRAFTING_SELECTION.B,,
TUTORIAL.CRAFTING_SELECTION.C,,
TUTORIAL.DISMISS_DIALOG.CONFIRM_TEXT,,
TUTORIAL.DISMISS_DIALOG.DESCRIPTION,,
TUTORIAL.DISMISS_DIALOG.TITLE,,
TUTORIAL.FARMING.A,,
TUTORIAL.FARMING.B,,
TUTORIAL.FARMING_2.A,,
TUTORIAL.FARMING_2.A.STEAMDECK,,
TUTORIAL.FARMING_2.B,,
TUTORIAL.FEASTING_HALL.A,,
TUTORIAL.FEASTING_HALL.B,,
TUTORIAL.FEASTING_HALL.C,,
TUTORIAL.FOOD_COMPLETE.A,,
TUTORIAL.FOOD_COMPLETE.B,,
TUTORIAL.KITCHEN.A,,
TUTORIAL.KITCHEN.B,,
TUTORIAL.KITCHEN.C,,
TUTORIAL.MAIN_VIEW.A,,
TUTORIAL.MAIN_VIEW.B,,
TUTORIAL.MAIN_VIEW.C,,
TUTORIAL.MAIN_VIEW.C.STEAMDECK,,
TUTORIAL.MANAGEMENT_BUTTONS.DESCRIPTION,,
TUTORIAL.MANAGEMENT_BUTTONS.RESOURCE_MANAGEMENT,,
TUTORIAL.MANAGEMENT_BUTTONS.SETTLER_MANAGEMENT,,
TUTORIAL.MINIMAP.DESCRIPTION,,
TUTORIAL.MINIMAP.PROGRESS,,
TUTORIAL.MINIMAP.PROGRESS.STEAMDECK,,
TUTORIAL.NEEDS.A,,
TUTORIAL.NEEDS.B,,
TUTORIAL.NEEDS.C,,
TUTORIAL.PROFESSIONS.A,,
TUTORIAL.PROFESSIONS.B,,
TUTORIAL.PROFESSIONS.C,,
TUTORIAL.PROGRESS_DESCRIPTION.FARM_PLOT_SELECTIONS,,{{ROOMS.FARM.PLURAL}} com uma colheita atribuída
TUTORIAL.PROGRESS_DESCRIPTION.PROFESSIONS_ASSIGNED,,{{professionPlural}} atribuído
TUTORIAL.PROGRESS_DESCRIPTION.TEXT,,{{currentQuantity}} de {{requiredQuantity}} {{targetDescription}}
TUTORIAL.PROGRESS_DESCRIPTION.TILES,,{{roomName}} blocos
TUTORIAL.RESOURCES.A,,
TUTORIAL.RESOURCES.B,,
TUTORIAL.RESOURCES.C,,
TUTORIAL.RESOURCE_COLLECTION.A,,
TUTORIAL.RESOURCE_COLLECTION.B,,
TUTORIAL.SAVING.A,,
TUTORIAL.SAVING.A.STEAMDECK,,
TUTORIAL.SAVING.B,,
TUTORIAL.SAVING.B.STEAMDECK,,
TUTORIAL.SAVING.C,,
TUTORIAL.SHOW_LABEL,,
TUTORIAL.START.CAMERA_CONTROLS_1,,
TUTORIAL.START.CAMERA_CONTROLS_1.STEAMDECK,,
TUTORIAL.START.CAMERA_CONTROLS_2,,
TUTORIAL.START.CAMERA_CONTROLS_2.STEAMDECK,,
TUTORIAL.START.INTRO_1,,
TUTORIAL.START.INTRO_2,,
TUTORIAL.STOCKPILES.A,,
TUTORIAL.STOCKPILES.B,,
TUTORIAL.TIME_AND_DATE.DESCRIPTION,,
TUTORIAL.TIME_AND_DATE.FAST_SPEED_STEP,,
TUTORIAL.TIME_AND_DATE.FAST_SPEED_STEP.STEAMDECK,,
TUTORIAL.TIME_AND_DATE.NORMAL_SPEED_STEP,,
TUTORIAL.TIME_AND_DATE.NORMAL_SPEED_STEP.STEAMDECK,,
TUTORIAL.TIME_AND_DATE.PAUSE_STEP,,
TUTORIAL.TIME_AND_DATE.PAUSE_STEP.STEAMDECK,,
TUTORIAL.VIEW_MODES.DEFAULT_STEP,,
TUTORIAL.VIEW_MODES.DEFAULT_STEP.STEAMDECK,,
TUTORIAL.VIEW_MODES.DESCRIPTION,,
TUTORIAL.VIEW_MODES.OTHER_STEP,,
TUTORIAL.VIEW_MODES.OTHER_STEP.STEAMDECK,,
TUTORIAL.WORKSHOPS.A,,
TUTORIAL.WORKSHOPS.B,,
TUTORIAL.WORKSHOPS.C,,
TUTORIAL.WORKSHOPS.C.STEAMDECK,,
TUTORIAL.WORKSHOPS.D,,
VEGETABLE.BARLEY,,Cevada
VEGETABLE.BARLEY.PLURAL,,Cevada
VEGETABLE.BARLEY.TOOLTIP,,"Um grão usado apenas na produção de cerveja. Pode ser plantada em {{SEASON.SPRING}}, {{SEASON.SUMMER}} ou {{SEASON.AUTUMN}}."
VEGETABLE.BERSERKER_MUSHROOM,,Cogumelo Berserker
VEGETABLE.BERSERKER_MUSHROOM.PLURAL,,Cogumelos Berserker
VEGETABLE.BERSERKER_MUSHROOM.TOOLTIP,,Um cogumelo com uma tampa rosa-vermelha com manchas brancas. Tem propriedades alucinógenas que os guerreiros às vezes usam na preparação para a batalha.
VEGETABLE.CARROT,,Cenoura
VEGETABLE.CARROT.PLURAL,,Cenouras
VEGETABLE.CARROT.TOOLTIP,,"Um vegetal de raiz resistente que sobrevive à geada {{SEASON.WINTER}}. As cenouras crescem rapidamente, mas apenas produzem uma pequena colheita. Pode ser plantada em {{SEASON.SPRING}}, {{SEASON.SUMMER}} ou {{SEASON.AUTUMN}}."
VEGETABLE.CORN,,Milho doce
VEGETABLE.CORN.PLURAL,,Milho doce
VEGETABLE.CORN.TOOLTIP,,"Um grão de cereais também conhecido como milho. Produz uma colheita abundante, mas leva cerca de 2 estações para crescer e não pode sobreviver {{SEASON.WINTER}}, então requer plantio no início {{SEASON.SPRING}}."
VEGETABLE.DEATH_CAP_MUSHROOM,,Cogumelo de morte
VEGETABLE.DEATH_CAP_MUSHROOM.PLURAL,,Cogumelos de morte
VEGETABLE.DEATH_CAP_MUSHROOM.TOOLTIP,,Um cogumelo muito venenoso com uma tampa larga e plana. Comer até mesmo uma pequena quantidade quase certamente causará envenenamento que pode levar à morte.
VEGETABLE.DRAGONFRUIT,,Fruta de dragão
VEGETABLE.DRAGONFRUIT.PLURAL,,Frutas de dragão
VEGETABLE.ELFSBANE_MUSHROOM,,Cogumelo Elfsbane
VEGETABLE.ELFSBANE_MUSHROOM.PLURAL,,Cogumelos de Elfsbane
VEGETABLE.ELFSBANE_MUSHROOM.TOOLTIP,,"Este cogumelo tem um sabor simples e sem sabor para a maioria dos humanóides. Estranhamente, tem um gosto absolutamente nojento para os elfos, que muitas vezes reagem com vômitos explosivos ao consumir, ou em casos extremos, um ataque cardíaco."
VEGETABLE.FIST_MUSHROOM,,Cogumelo Punho
VEGETABLE.FIST_MUSHROOM.PLURAL,,Cogumelos punhos
VEGETABLE.FIST_MUSHROOM.TOOLTIP,,Um cogumelo preto-azul com um sabor metálico. É nomeado para um grupo de bardos da era das trevas.
VEGETABLE.FOR_BEER.USAGE,,
VEGETABLE.FUNGOLEM_MUSHROOM,,
VEGETABLE.FUNGOLEM_MUSHROOM.PLURAL,,
VEGETABLE.FUNGOLEM_MUSHROOM.TOOLTIP,,
VEGETABLE.GLOW_MUSHROOM,,Cogumelo Brilho
VEGETABLE.GLOW_MUSHROOM.PLURAL,,Cogumelos Brilhantes
VEGETABLE.GLOW_MUSHROOM.TOOLTIP,,Um cogumelo com infusão de magia que emite luz e muda de cor com as estações.
VEGETABLE.HEMP,,
VEGETABLE.HEMP.PLURAL,,
VEGETABLE.HEMP.TOOLTIP,,
VEGETABLE.HEMP.USAGE,,
VEGETABLE.HEMP_FIBRE,,
VEGETABLE.HEMP_FIBRE.PLURAL,,
VEGETABLE.HOPS,,Lúpulo
VEGETABLE.HOPS.PLURAL,,Lúpulo
VEGETABLE.HOPS.TOOLTIP,,Uma flor usada para o sabor da cerveja. Deve ser plantado em {{SEASON.SPRING}}.
VEGETABLE.INGREDIENT.USAGE,,
VEGETABLE.LOQUAT,,Nespereira
VEGETABLE.LOQUAT.PLURAL,,Loquats
VEGETABLE.MILTONIA_MUSHROOM,,Cogumelo Miltonia
VEGETABLE.MILTONIA_MUSHROOM.PLURAL,,Cogumelos Miltonia
VEGETABLE.MILTONIA_MUSHROOM.TOOLTIP,,"Uma vez que se pensa existir apenas na região de Hudds, ela é agora encontrada em todo o mundo."
VEGETABLE.POTATO,,Batata
VEGETABLE.POTATO.PLURAL,,Batatas
VEGETABLE.POTATO.TOOLTIP,,"Um vegetal de raiz amido que pode sobreviver {{SEASON.WINTER}} tornando-o uma boa escolha para a maioria dos assentamentos. Pode ser plantada em {{SEASON.SPRING}}, {{SEASON.SUMMER}} ou {{SEASON.AUTUMN}}."
VEGETABLE.PURPLE_HELMET_MUSHROOM,,Cogumelo de capacete roxo
VEGETABLE.PURPLE_HELMET_MUSHROOM.PLURAL,,Cogumelos de capacete roxo
VEGETABLE.PURPLE_HELMET_MUSHROOM.TOOLTIP,,"Gordo Hat, Turbante Gordo, Capacete Puffy; Este cogumelo lendário passa por muitos nomes. A lenda afirma que há muito tempo, muitas comunidades de anões subsistiram inteiramente em uma estirpe domesticada deste fungo."
VEGETABLE.ROCIOMYCOTA_MUSHROOM,,Cogumelo Rociomycota
VEGETABLE.ROCIOMYCOTA_MUSHROOM.PLURAL,,Cogumelos Rociomycota
VEGETABLE.ROCIOMYCOTA_MUSHROOM.TOOLTIP,,Um cogumelo branco e preto manchado. Sabe-se que afecta a aparência daqueles que o ingerem.
VEGETABLE.SUNGLOW_MUSHROOM,,Cogumelo Sunglow
VEGETABLE.SUNGLOW_MUSHROOM.PLURAL,,Cogumelos Sunglow
VEGETABLE.SUNGLOW_MUSHROOM.TOOLTIP,,Um cogumelo amarelo brilhante que brilha com a aparência da luz solar. Perde este brilho no momento em que é colhida.
VEGETABLE.SYRUP_POWDER_MUSHROOM,,Cogumelo em pó de xarope
VEGETABLE.SYRUP_POWDER_MUSHROOM.PLURAL,,Cogumelos em pó de xarope
VEGETABLE.SYRUP_POWDER_MUSHROOM.TOOLTIP,,"Um cogumelo laranja/amarelo redondo com uma parte inferior branca. Dizem que foi usado por magos há muito tempo, mas para que propósito, ninguém sabe."
VEGETABLE.TAMARILLO,,Tamarillo
VEGETABLE.TAMARILLO.PLURAL,,Tamarillos
VEGETABLE.THIMBLEBERRY,,Thimbleberry
VEGETABLE.THIMBLEBERRY.PLURAL,,Bagas de dedais
VEGETABLE.TOMATO,,Tomate
VEGETABLE.TOMATO.PLURAL,,Tomates
VEGETABLE.TOMATO.TOOLTIP,,Uma planta que cresce grandes bagas vermelhas muitas vezes usado como um vegetal. Só pode ser plantada em {{SEASON.SPRING}}.
VEGETABLE.WHEAT,,Trigo
VEGETABLE.WHEAT.PLURAL,,Trigo
VEGETABLE.WHEAT.TOOLTIP,,"Um grão de cereais geralmente usado para a produção de pão. Ela pode sobreviver a {{SEASON.WINTER}}, mas leva um tempo para crescer, então é plantada em {{SEASON.SPRING}} ou {{SEASON.AUTUMN}}."
VEGETABLE.WHEAT.USAGE,,
VEHICLE.DESCRIPTION,,
WALL.DESCRIPTION,,{{materialType.adjective}} {{wallType.noun}}
WALL.GEMS.NOUN,,Joias
WALL.ORE.NOUN,,Minério
WALL.ROUGH_STONE.NOUN,,Muro de pedra
WALL.STONE_BLOCK.NOUN,,Muro de pedra suave
WALL.WOODEN.NOUN,,Muro de madeira
WEAPON.BATTLE.AXE,,
WEAPON.BATTLE.HAMMER,,
WEAPON.BONE.ARROW.HEADS.NOUN,,
WEAPON.BONE.ARROW.HEADS.PLURAL,,
WEAPON.BONE.ARROWS.NOUN,,
WEAPON.BONE.ARROWS.PLURAL,,
WEAPON.BOW,,
WEAPON.CROSSBOW,,
WEAPON.METAL.ARROW.HEADS.NOUN,,
WEAPON.METAL.ARROW.HEADS.PLURAL,,
WEAPON.METAL.ARROWS.NOUN,,
WEAPON.METAL.ARROWS.PLURAL,,
WEAPON.METAL.BOLTS.NOUN,,
WEAPON.METAL.BOLTS.PLURAL,,
WEAPON.METAL.SHIELD,,
WEAPON.NONE,,
WEAPON.NO_ARMOUR,,
WEAPON.NO_SHIELD,,
WEAPON.SWORD,,
WEAPON.UNARMED,,
WEAPON.WOODEN.SHIELD,,
WEATHER.TYPE.CLOUDY,,
WEATHER.TYPE.COLD_WINDS,,
WEATHER.TYPE.PERFECT,,
WEATHER.TYPE.RAIN,,
WEATHER.TYPE.SNOW,,
WEATHER.TYPE.THUNDERSTORM,,
WOOD.ASPEN.ADJECTIVE,,Aspen
WOOD.ASPEN.NOUN,,Aspen
WOOD.BAOBAB.ADJECTIVE,,Baobá
WOOD.BAOBAB.NOUN,,Baobá
WOOD.BARKSHROOM.ADJECTIVE,,Barkshroom
WOOD.BARKSHROOM.NOUN,,Barkshroom
WOOD.BEECH.ADJECTIVE,,De faia
WOOD.BEECH.NOUN,,Faia
WOOD.BIRCH.ADJECTIVE,,De bétula
WOOD.BIRCH.NOUN,,Bétula
WOOD.EBONY.ADJECTIVE,,Ébano
WOOD.EBONY.NOUN,,Ébano
WOOD.FIR.ADJECTIVE,,De abeto
WOOD.FIR.NOUN,,Abeto
WOOD.FUNGIWOOD.ADJECTIVE,,Floresta de Fungiwood
WOOD.FUNGIWOOD.NOUN,,Floresta de Fungiwood
WOOD.IRONWOOD.ADJECTIVE,,Madeira de Ferro
WOOD.IRONWOOD.NOUN,,Madeira de Ferro
WOOD.MAPLE.ADJECTIVE,,De ácer
WOOD.MAPLE.NOUN,,Ácer
WOOD.NUYTSIA.ADJECTIVE,,Nutsia
WOOD.NUYTSIA.NOUN,,Nutsia
WOOD.OAK.ADJECTIVE,,De carvalho
WOOD.OAK.NOUN,,Carvalho
WOOD.PECAN.ADJECTIVE,,Pecã
WOOD.PECAN.NOUN,,Pecã
WOOD.PINE.ADJECTIVE,,De pinheiro
WOOD.PINE.NOUN,,Pinheiro
WOOD.RED_CEDAR.ADJECTIVE,,Cedro vermelho
WOOD.RED_CEDAR.NOUN,,Cedro vermelho
WOOD.RED_EMPEROR.ADJECTIVE,,Imperador vermelho
WOOD.RED_EMPEROR.NOUN,,Imperador vermelho
WOOD.ROSEWOOD.ADJECTIVE,,Rosewood
WOOD.ROSEWOOD.NOUN,,Rosewood
WOOD.SPRUCE.ADJECTIVE,,- Abeto
WOOD.SPRUCE.NOUN,,- Abeto
WOOD.STAR_PINE.ADJECTIVE,,Pinheiro estrela
WOOD.STAR_PINE.NOUN,,Pinheiro estrela
WOOD.SYCAMORE.ADJECTIVE,,Sicômoro
WOOD.SYCAMORE.NOUN,,Sicômoro
