KEY,NOTES,PORTUGUESE BR
ACTION.DRINK_FROM_RIVER,,
ACTION.JOB.BUTCHER_CREATURE,,
ACTION.JOB.CLEAR_GROUND,,Retirando {{targetPlant}}
ACTION.JOB.CONSTRUCT_FLOORING,,
ACTION.JOB.CONSTRUCT_FURNITURE,,{{profession.verb}} {{targetDescription}}
ACTION.JOB.CONSTRUCT_MECHANISM,,
ACTION.JOB.CONSTRUCT_PIPING,,
ACTION.JOB.CONSTRUCT_ROOFING,,
ACTION.JOB.CREATE_GENERIC,,
ACTION.JOB.DECONSTRUCT,,Removendo {{targetDescription}}
ACTION.JOB.DECONSTRUCT_MECHANISM,,
ACTION.JOB.DECONSTRUCT_PIPING,,
ACTION.JOB.DECONSTRUCT_ROOFING,,
ACTION.JOB.DIGGING,,
ACTION.JOB.DUMP_LIQUID_FROM_CONTAINER,,
ACTION.JOB.EXTINGUISH_FLAMES,,
ACTION.JOB.FILL_GRAVE,,
ACTION.JOB.FISHING,,
ACTION.JOB.GENERIC,,{{profession.verb}} {{targetDescription}}
ACTION.JOB.HARVESTING,,Colhendo {{targetPlant}}
ACTION.JOB.INNOCULATE_MUSHROOM_LOG,,
ACTION.JOB.LOGGING,,{{profession.verb}} {{targetPlant}}
ACTION.JOB.PLANTING,,Plantando {{requiredItem}}
ACTION.JOB.REMOVE_PESTS_FROM_CROP,,Exterminando pragas de {{targetPlant}}
ACTION.JOB.SHOVELLING,,
ACTION.JOB.TILLING,,Lavrando a terra
ACTION.JOB.TRANSFER_LIQUID,,Enchendo {{targetDescription}}
ACTION.KNOCKED_UNCONSCIOUS,,
ACTION.MALTING.VERB,,
ACTION.PREPARATION.VERB,,
ACTION.SELECT_JOB.DESCRIPTION,,Procurando o que fazer
ACTION.SLEEP_ON_FLOOR.DESCRIPTION,,Dormindo em {{tileDescription}}
ACTION.STUNNED,,
ARMOUR.LEATHER,,
ARMOUR.LEATHER.TOOLTIP,,
ARMOUR.ORC.HEAVY,,
ARMOUR.ORC.LIGHT,,
ARMOUR.PLATE,,
ARMOUR.PLATE.TOOLTIP,,
ASHES.NOUN,,
BODY_STRUCTURE.ABDOMEN,,
BODY_STRUCTURE.ARM,,
BODY_STRUCTURE.CEPHALOTHORAX,,
BODY_STRUCTURE.DAMAGE.BLEEDING,,
BODY_STRUCTURE.DAMAGE.BROKENBONES,,
BODY_STRUCTURE.DAMAGE.BRUISED,,
BODY_STRUCTURE.DAMAGE.DESTROYED,,
BODY_STRUCTURE.DAMAGE.NOT_INJURED,,
BODY_STRUCTURE.DISCRIMINATOR.BACKLEFT,,
BODY_STRUCTURE.DISCRIMINATOR.BACKRIGHT,,
BODY_STRUCTURE.DISCRIMINATOR.FIRSTLEFT,,
BODY_STRUCTURE.DISCRIMINATOR.FIRSTRIGHT,,
BODY_STRUCTURE.DISCRIMINATOR.FOURTHLEFT,,
BODY_STRUCTURE.DISCRIMINATOR.FOURTHRIGHT,,
BODY_STRUCTURE.DISCRIMINATOR.FRONTLEFT,,
BODY_STRUCTURE.DISCRIMINATOR.FRONTRIGHT,,
BODY_STRUCTURE.DISCRIMINATOR.LEFT,,
BODY_STRUCTURE.DISCRIMINATOR.RIGHT,,
BODY_STRUCTURE.DISCRIMINATOR.SECONDLEFT,,
BODY_STRUCTURE.DISCRIMINATOR.SECONDRIGHT,,
BODY_STRUCTURE.DISCRIMINATOR.THIRDLEFT,,
BODY_STRUCTURE.DISCRIMINATOR.THIRDRIGHT,,
BODY_STRUCTURE.FOOT,,
BODY_STRUCTURE.HAND,,
BODY_STRUCTURE.HEAD,,
BODY_STRUCTURE.HOOF,,
BODY_STRUCTURE.LEFT-ARM,,
BODY_STRUCTURE.LEFT-HAND,,
BODY_STRUCTURE.LEG,,
BODY_STRUCTURE.ORGAN.BRAIN,,
BODY_STRUCTURE.ORGAN.EYE,,
BODY_STRUCTURE.ORGAN.HEART,,
BODY_STRUCTURE.ORGAN.INTESTINES,,
BODY_STRUCTURE.ORGAN.KIDNEY,,
BODY_STRUCTURE.ORGAN.LUNG,,
BODY_STRUCTURE.ORGAN_DAMAGE.DESTROYED,,
BODY_STRUCTURE.ORGAN_DAMAGE.HEAVY,,
BODY_STRUCTURE.ORGAN_DAMAGE.LIGHT,,
BODY_STRUCTURE.PAW,,
BODY_STRUCTURE.RIGHT-ARM,,
BODY_STRUCTURE.RIGHT-HAND,,
BODY_STRUCTURE.TORSO,,
BODY_STRUCTURE.TRUNK,,
BONE.BONE,,
CARCASS.CARP.PREPARED.NOUN,,
CARCASS.CARP.PREPARED.PLURAL,,
CARCASS.GROUP,,
CARCASS.HIDE.NOUN,,
CARCASS.HIDE.PLURAL,,
CARCASS.MEAT.LARGE,,
CARCASS.MEAT.MEDIUM,,
CARCASS.MEAT.SMALL,,
CARCASS.PERCH.PREPARED.NOUN,,
CARCASS.PERCH.PREPARED.PLURAL,,
CARCASS.PIKE.PREPARED.NOUN,,
CARCASS.PIKE.PREPARED.PLURAL,,
CLOTH.BRONZED_HEMP,,
CLOTH.HEMP-LINEN,,
CLOTH.LIGHT_HEMP,,
CLOTH.TOBACCO_CLOTH,,
COMBAT.DAMAGE_TYPE.CRUSHING,,
COMBAT.DAMAGE_TYPE.SLASHING,,
COMBAT.DAMAGE_TYPE.STABBING,,
COMBAT.DESCRIPTION.FLEEING,,
COMBAT.DESCRIPTION.GENERIC,,
COMBAT.DESCRIPTION.VERSUS_OPPONENT,,
CONSTRUCTION.DESCRIPTION,,Fabricação de {{furnitureType.noun}} {{materialType.adjective}}
CONSTRUCTION.REQUIREMENT_ALLOCATION,,
CONSTRUCTION.REQUIREMENT_RECIPE_MULTIPLE,,
CONSTRUCTION.REQUIREMENT_RECIPE_SINGULAR,,
CONSTRUCTION.STATUS.CLEARING_WORK_SITE,,Removendo outros itens
CONSTRUCTION.STATUS.CLEARING_WORK_SITE.TOOLTIP,,
CONSTRUCTION.STATUS.SELECTING_MATERIALS,,Aguardando mais {{itemDescription.plural}} de {{materialType}} disponíveis
CONSTRUCTION.STATUS.WAITING_FOR_COMPLETION,,Em construção
CONSTRUCTION.STATUS.WAITING_FOR_RESOURCES,,Aguardando a chegada de recursos
COOKING.BREAD.DESCRIPTION,,
COOKING.DUAL_INGREDIENT.DESCRIPTION,,{{materialOne}} e {{materialTwo}}
COOKING.RATION.DESCRIPTION,,
COOKING.SOUP.DESCRIPTION,,sopa de {{materialDescription}}
COOKING.TRIPLE_INGREDIENT.DESCRIPTION,,
CRAFTING_TYPE.BAKING,,
CRAFTING_TYPE.BLACKSMITHING,,
CRAFTING_TYPE.BONE_CRAFTING,,
CRAFTING_TYPE.CARPENTRY,,
CRAFTING_TYPE.CARVING_VERB,,
CRAFTING_TYPE.COKE_OVEN_BAKING,,
CRAFTING_TYPE.FERMENTING,,
CRAFTING_TYPE.FINE_DETAIL_CRAFTING,,
CRAFTING_TYPE.FLETCHING,,
CRAFTING_TYPE.LEATHERWORKING,,
CRAFTING_TYPE.MALTING,,
CRAFTING_TYPE.MALT_MASHING,,
CRAFTING_TYPE.MILLING,,
CRAFTING_TYPE.MINTING,,
CRAFTING_TYPE.ORE_CRUSHING,,
CRAFTING_TYPE.SMELTING,,
CRAFTING_TYPE.STONEMASONRY,,
CRAFTING_TYPE.TANNING_HIDE,,
CRAFTING_TYPE.WEAPONSMITHING,,
CRAFTING_TYPE.WEAVING,,
CRAFTING_TYPE.WOODCUTTING,,
CRAFTING_TYPE.WORT_BREWING,,
CREATURE.DAMAGE.DESCRIPTION_A,,
CREATURE.DAMAGE.DESCRIPTION_B,,
CREATURE.DESCRIPTION,,
CREATURE.STATUS.BLINDED,,
CREATURE.STATUS.DEAD,,
CROP.AFFLICTED_BY_PESTS,,Infestação de pragas
CROP.AFFLICTED_BY_PESTS.TOOLTIP,,
CROP.DESCRIPTION,,plantação de {{materialType.noun}}
CROP.HARVEST_PROGRESS,,
CROP.MOISTURE_STATE.DROUGHTED,,
CROP.MOISTURE_STATE.NEEDS_WATERING,,
CROP.MOISTURE_STATE.NEEDS_WATERING.TOOLTIP,,
CROP.MOISTURE_STATE.WATERED,,
DEATH_REASON.BURNING,,
DEATH_REASON.CRITICAL_ORGAN_DAMAGE,,
DEATH_REASON.CRUSHED_BY_FALLING_DEBRIS,,
DEATH_REASON.DEHYDRATION,,
DEATH_REASON.EXHAUSTION,,
DEATH_REASON.EXTENSIVE_INJURIES,,
DEATH_REASON.FOOD_POISONING,,
DEATH_REASON.FROZEN,,
DEATH_REASON.GIVEN_UP_ON_LIFE,,
DEATH_REASON.INTERNAL_BLEEDING,,
DEATH_REASON.KILLED_BY_ENTITY,,
DEATH_REASON.MURDERED.UNKNOWN_KILLER,,
DEATH_REASON.STARVATION,,
DEATH_REASON.SUFFOCATION,,
DEATH_REASON.UNKNOWN,,
EARTH.DIRT,,
EARTH.GRASS,,Relva
EFFECT.FIRE,,
ENTITY.DESTRUCTION_DESCRIPTION.BURNED,,
ENTITY.DESTRUCTION_DESCRIPTION.COMBAT_DAMAGE,,
ENTITY.DESTRUCTION_DESCRIPTION.OXIDISED,,
FACTION.HOSTILE_INVASION,,
FACTION.MERCHANTS,,
FACTION.MONSTERS,,
FACTION.PIRATES,,
FACTION.SETTLEMENT,,
FACTION.SETTLEMENT.ANIMAL,,
FACTION.WILD_ANIMALS,,
FLOOR.CHANNEL.DESCRIPTION,,
FLOOR.CHANNEL.DESCRIPTION.TOOLTIP,,
FLOOR.CHANNEL.STATE.EMPTY,,
FLOOR.CHANNEL.STATE.FULL,,
FLOOR.CHANNEL.STATE.PARTIALLY_FILLED,,
FLOOR.COBBLESTONE,,Calçamento
FLOOR.DESCRIPTION,,{{floorType.noun}}
FLOOR.DIRT,,Solo
FLOOR.GRASS,,Relva
FLOOR.GRAVEL,,Cascalho
FLOOR.PIPE.DESCRIPTION,,
FLOOR.POWER.DESCRIPTION,,
FLOOR.RIVER,,Rio
FLOOR.ROUGH_STONE,,Terreno rochoso
FLOOR.SNOW,,
FLOOR.STONE_PAVING,,
FLOOR.STONE_SLAB,,Laje de pedra
FLOOR.TILLED_EARTH,,Solo arado
FLOOR.UNEXPLORED,,
FLOOR.WOODEN,,
FOODSTUFF.ROCKBREAD,,
FOODSTUFF.ROCKBREAD.TOOLTIP,,
FOODSTUFF.WHEAT-BREAD,,
FUEL.SACK,,
FUEL.SACK.TOOLTIP,,
FURNITURE.ARCHERY_TARGET,,
FURNITURE.ARCHERY_TARGET.TOOLTIP,,
FURNITURE.ARMOUR_STAND,,
FURNITURE.ARMOUR_STAND.TOOLTIP,,
FURNITURE.ARTISAN_WORKSTATION,,
FURNITURE.ARTISAN_WORKSTATION.TOOLTIP,,
FURNITURE.BAKERS_WORKTOP,,
FURNITURE.BAKERS_WORKTOP.TOOLTIP,,
FURNITURE.BAKING_OVEN,,Forno de padeiro
FURNITURE.BAKING_OVEN.TOOLTIP,,
FURNITURE.BEER_TAPPER,,
FURNITURE.BEER_TAPPER.STATE.BEER_AVAILABLE,,
FURNITURE.BEER_TAPPER.STATE.BEER_BARREL_INCOMING,,
FURNITURE.BEER_TAPPER.STATE.BEER_EXHAUSTED,,
FURNITURE.BEER_TAPPER.STATE.IDLE,,
FURNITURE.BEER_TAPPER.TOOLTIP,,
FURNITURE.BLOOMERY_FURNACE,,
FURNITURE.BLOOMERY_FURNACE.TOOLTIP,,
FURNITURE.BONE_CRAFTING_BENCH,,
FURNITURE.BONE_CRAFTING_BENCH.TOOLTIP,,
FURNITURE.BREW_KETTLE,,
FURNITURE.BREW_KETTLE.TOOLTIP,,
FURNITURE.BUTCHERY_WORKTOP,,
FURNITURE.BUTCHERY_WORKTOP.TOOLTIP,,
FURNITURE.BUYING_PALLET,,
FURNITURE.BUYING_PALLET.TOOLTIP,,
FURNITURE.CARPENTRY_WORKBENCH,,Bancada de carpintaria
FURNITURE.CARPENTRY_WORKBENCH.TOOLTIP,,
FURNITURE.CAULDRON,,Caldeirão
FURNITURE.CAULDRON.TOOLTIP,,
FURNITURE.CHAIR,,Cadeira
FURNITURE.CHAIR.TOOLTIP,,
FURNITURE.CHARCOAL_CLAMP,,
FURNITURE.CHARCOAL_CLAMP.TOOLTIP,,
FURNITURE.COKE_OVEN,,
FURNITURE.COKE_OVEN.TOOLTIP,,
FURNITURE.DESCRIPTION,,{{furnitureType.noun}} {{materialType.adjective}}
FURNITURE.DESCRIPTION.GENERIC_PROGRESS,,
FURNITURE.DESCRIPTION.MUSHROOM_INNOCULATION_IN_PROGRESS,,
FURNITURE.DESCRIPTION.SHOCKING_IN_PROGRESS,,
FURNITURE.DESCRIPTION.WAITING_FOR_ITEM,,
FURNITURE.DESCRIPTION.WAITING_FOR_LIQUID,,
FURNITURE.DESCRIPTION.WAITING_FOR_MUSHROOM_SPAWN,,
FURNITURE.DOUGH_PROOFING_TABLE,,
FURNITURE.DOUGH_PROOFING_TABLE.TOOLTIP,,
FURNITURE.EXPORT_PALLET,,
FURNITURE.EXPORT_PALLET.TOOLTIP,,
FURNITURE.FEASTING_TABLE,,Mesa de banquete
FURNITURE.FEASTING_TABLE.TOOLTIP,,
FURNITURE.FERMENTATION_TANK,,
FURNITURE.FERMENTATION_TANK.TOOLTIP,,
FURNITURE.FISH_BARREL,,
FURNITURE.FISH_BARREL.TOOLTIP,,
FURNITURE.FLETCHERS_WORKBENCH,,
FURNITURE.FLETCHERS_WORKBENCH.TOOLTIP,,
FURNITURE.FLOUR_MILL,,
FURNITURE.FLOUR_MILL.TOOLTIP,,
FURNITURE.FORGE,,
FURNITURE.FORGE.TOOLTIP,,
FURNITURE.GRAVE,,
FURNITURE.GRAVE.TOOLTIP,,
FURNITURE.HITCHING_POST,,
FURNITURE.HITCHING_POST.TOOLTIP,,
FURNITURE.IMPORT_PALLET,,
FURNITURE.IMPORT_PALLET.TOOLTIP,,
FURNITURE.INVADER_CAMPFIRE,,
FURNITURE.KITCHEN_WORKTOP,,Bancada de cozinha
FURNITURE.KITCHEN_WORKTOP.TOOLTIP,,
FURNITURE.LANTERN,,Lanterna
FURNITURE.LANTERN.TOOLTIP,,
FURNITURE.LEATHERWORKING_STATION,,
FURNITURE.LEATHERWORKING_STATION.TOOLTIP,,
FURNITURE.LEDGER_TABLE,,
FURNITURE.LEDGER_TABLE.TOOLTIP,,
FURNITURE.LOOM,,
FURNITURE.LOOM.TOOLTIP,,
FURNITURE.MALTING_STATION,,
FURNITURE.MALTING_STATION.TOOLTIP,,
FURNITURE.MASH_TUN,,
FURNITURE.MASH_TUN.TOOLTIP,,
FURNITURE.MUSHROOM_LOG,,
FURNITURE.MUSHROOM_LOG.TOOLTIP,,
FURNITURE.MUSHROOM_SHOCK_TANK,,
FURNITURE.MUSHROOM_SHOCK_TANK.TOOLTIP,,
FURNITURE.ORE_CRUSHING_STATION,,
FURNITURE.ORE_CRUSHING_STATION.TOOLTIP,,
FURNITURE.PILLAR,,
FURNITURE.PILLAR.TOOLTIP,,
FURNITURE.RETTING_TANK,,
FURNITURE.RETTING_TANK.TOOLTIP,,
FURNITURE.SARCOPHAGUS,,
FURNITURE.SARCOPHAGUS.TOOLTIP,,
FURNITURE.SELLING_PALLET,,
FURNITURE.SELLING_PALLET.TOOLTIP,,
FURNITURE.SERVING_TABLE,,Mesa de refeições
FURNITURE.SERVING_TABLE.TOOLTIP,,
FURNITURE.SINGLE_BED,,Cama
FURNITURE.SINGLE_BED.TOOLTIP,,
FURNITURE.SINGLE_DOOR,,Porta
FURNITURE.SINGLE_DOOR_FRAME,,Moldura de porta
FURNITURE.SLEEPING_SPOT,,
FURNITURE.SLEEPING_SPOT.TOOLTIP,,
FURNITURE.STONEMASON_WORKBENCH,,Bancada de pedreiro
FURNITURE.STONEMASON_WORKBENCH.TOOLTIP,,
FURNITURE.TANNING_FRAME,,
FURNITURE.TANNING_FRAME.TOOLTIP,,
FURNITURE.TRADE_BANNER,,
FURNITURE.TRADE_BANNER.TOOLTIP,,
FURNITURE.TRAINING_DUMMY,,
FURNITURE.TRAINING_DUMMY.TOOLTIP,,
FURNITURE.WAGON_PARKED,,
FURNITURE.WATERWHEEL,,
FURNITURE.WATERWHEEL.PLURAL,,
FURNITURE.WATERWHEEL.TOOLTIP,,
FURNITURE.WATER_BARREL,,Barril de água
FURNITURE.WATER_BARREL.TOOLTIP,,
FURNITURE.WATER_PUMP,,
FURNITURE.WATER_PUMP.PLURAL,,
FURNITURE.WATER_PUMP.TOOLTIP,,
FURNITURE.WEAPON_RACK,,
FURNITURE.WEAPON_RACK.TOOLTIP,,
FURNITURE.WELL,,
FURNITURE.WELL.TOOLTIP,,
FURNITURE.WINDMILL,,
FURNITURE.WINDMILL.PLURAL,,
FURNITURE.WINDMILL.TOOLTIP,,
FURNITURE.WOODCUTTERS_BENCH,,Bancada de madeireiro
FURNITURE.WOODCUTTERS_BENCH.TOOLTIP,,
GEM.AMETHYST.ADJECTIVE,,de ametista
GEM.AMETHYST.NOUN,,de ametista
GEM.AMETHYST.TOOLTIP,,
GEM.AMMOLITE.ADJECTIVE,,
GEM.AMMOLITE.NOUN,,
GEM.AMMOLITE.TOOLTIP,,
GEM.AQUAMARINE.ADJECTIVE,,de água-marinha
GEM.AQUAMARINE.NOUN,,de água-marinha
GEM.AQUAMARINE.TOOLTIP,,
GEM.BIXBITE.ADJECTIVE,,
GEM.BIXBITE.NOUN,,
GEM.BIXBITE.TOOLTIP,,
GEM.CINNABAR.ADJECTIVE,,
GEM.CINNABAR.NOUN,,
GEM.CINNABAR.TOOLTIP,,
GEM.CITRINE.ADJECTIVE,,de citrino
GEM.CITRINE.NOUN,,de citrino
GEM.CITRINE.TOOLTIP,,
GEM.DIAMOND.ADJECTIVE,,de diamante
GEM.DIAMOND.NOUN,,de diamante
GEM.DIAMOND.TOOLTIP,,
GEM.EMERALD.ADJECTIVE,,de esmeralda
GEM.EMERALD.NOUN,,de esmeralda
GEM.EMERALD.TOOLTIP,,
GEM.GARNET.ADJECTIVE,,de granada
GEM.GARNET.NOUN,,de granada
GEM.GARNET.TOOLTIP,,
GEM.JADE.ADJECTIVE,,de jade
GEM.JADE.NOUN,,de jade
GEM.JADE.TOOLTIP,,
GEM.JASPER.ADJECTIVE,,de jaspe
GEM.JASPER.NOUN,,de jaspe
GEM.JASPER.TOOLTIP,,
GEM.LABRADORITE.ADJECTIVE,,
GEM.LABRADORITE.NOUN,,
GEM.LABRADORITE.TOOLTIP,,
GEM.LAPIS.ADJECTIVE,,
GEM.LAPIS.NOUN,,
GEM.LAPIS.TOOLTIP,,
GEM.MAGNESITE.ADJECTIVE,,
GEM.MAGNESITE.NOUN,,
GEM.MAGNESITE.TOOLTIP,,
GEM.MOONSTONE.ADJECTIVE,,de selenita
GEM.MOONSTONE.NOUN,,de selenita
GEM.MOONSTONE.TOOLTIP,,
GEM.MORGANITE.ADJECTIVE,,de morganita
GEM.MORGANITE.NOUN,,de morganita
GEM.MORGANITE.TOOLTIP,,
GEM.OPAL.ADJECTIVE,,de opala
GEM.OPAL.NOUN,,de opala
GEM.OPAL.TOOLTIP,,
GEM.PAINITE.ADJECTIVE,,
GEM.PAINITE.NOUN,,
GEM.PAINITE.TOOLTIP,,
GEM.RHODOCHROSITE.ADJECTIVE,,
GEM.RHODOCHROSITE.NOUN,,
GEM.RHODOCHROSITE.TOOLTIP,,
GEM.ROCK_CRYSTAL.ADJECTIVE,,de cristal de rocha
GEM.ROCK_CRYSTAL.NOUN,,de cristal de rocha
GEM.ROCK_CRYSTAL.TOOLTIP,,
GEM.RUBY.ADJECTIVE,,de rubi
GEM.RUBY.NOUN,,de rubi
GEM.RUBY.TOOLTIP,,
GEM.SAPPHIRE.ADJECTIVE,,de safira
GEM.SAPPHIRE.NOUN,,de safira
GEM.SAPPHIRE.TOOLTIP,,
GEM.SPINEL.ADJECTIVE,,de espinela
GEM.SPINEL.NOUN,,de espinela
GEM.SPINEL.TOOLTIP,,
GEM.TANZANITE.ADJECTIVE,,de tanzanita
GEM.TANZANITE.NOUN,,de tanzanita
GEM.TANZANITE.TOOLTIP,,
GEM.TOPAZ.ADJECTIVE,,de topázio
GEM.TOPAZ.NOUN,,de topázio
GEM.TOPAZ.TOOLTIP,,
GEM.TOURMALINE.ADJECTIVE,,de turmalina
GEM.TOURMALINE.NOUN,,de turmalina
GEM.TOURMALINE.TOOLTIP,,
GEM.TURQUOISE.ADJECTIVE,,de turquesa
GEM.TURQUOISE.NOUN,,de turquesa
GEM.TURQUOISE.TOOLTIP,,
GOAL.ABANDON_JOB.DESCRIPTION,,
GOAL.ADD_TO_INVENTORY.DESCRIPTION,,Coletando {{targetDescription}}
GOAL.COMBAT.DESCRIPTION,,
GOAL.DRINK.DESCRIPTION,,
GOAL.DUMP_LIQUID.DESCRIPTION,,
GOAL.EAT.DESCRIPTION,,
GOAL.EXTINGUISH_FIRE.DESCRIPTION,,
GOAL.FLEE_FROM_AGGRESSOR.DESCRIPTION,,
GOAL.HAULING.DESCRIPTION,,Transportando {{targetDescription}}
GOAL.IDLE.DESCRIPTION,,À toa
GOAL.INVADER.CREATE_CAMP.DESCRIPTION,,
GOAL.INVADER.RETREAT.DESCRIPTION,,
GOAL.INVADER.STEAL_RESOURCES.DESCRIPTION,,
GOAL.MILITARY.ATTACK_TARGET.DESCRIPTION,,
GOAL.MILITARY.STAND_IN_FORMATION.DESCRIPTION,,
GOAL.MILITARY.TRAINING.DESCRIPTION,,
GOAL.ON_FIRE.DESCRIPTION,,
GOAL.REFILL_WATERSKIN.DESCRIPTION,,
GOAL.SLEEP.DESCRIPTION,,Indo dormir
GOAL.TRANSFER_LIQUID.DESCRIPTION,,Transferindo {{targetZoneMaterial}}
GUI.ADD_REMOVE_TILES,,Adicionar/remover áreas
GUI.ADD_TILES,,Adicionar áreas
GUI.AMBIENT_EFFECT_VOLUME,,
GUI.AVAILABLE_PROGRESS_BAR,,
GUI.BACK_LABEL,,Voltar
GUI.BUILD.BRIDGE,,
GUI.BUILD.DOORS,,Portas
GUI.BUILD.FLOOR,,
GUI.BUILD.PILLARS,,
GUI.BUILD.PIPING,,
GUI.BUILD.POWER,,
GUI.BUILD.ROOFING,,
GUI.BUILD.WALLS,,Paredes
GUI.BUILD_FURNITURE,,Mobília
GUI.BUILD_LABEL,,Construir
GUI.CANCEL_LABEL,,Cancelar
GUI.CHANGE_PROFESSION_LABEL,,
GUI.CHANGE_WEAPON_LABEL,,
GUI.COMBAT_LABEL,,
GUI.CONSTRUCTION_LABEL,,
GUI.CRAFTING_MANAGEMENT.MAINTAINING_TEXT,,
GUI.CRAFTING_MANAGEMENT.SUBTITLE,,
GUI.CRAFTING_MANAGEMENT.TABLE.CRAFTED_WITH,,
GUI.CRAFTING_MANAGEMENT.TABLE.ITEM,,
GUI.CRAFTING_MANAGEMENT.TABLE.MANAGEMENT,,
GUI.CRAFTING_MANAGEMENT.TABLE.MANAGEMENT.LIMIT,,
GUI.CRAFTING_MANAGEMENT.TABLE.MANAGEMENT.QUANTITY,,
GUI.CRAFTING_MANAGEMENT.TABLE.MANAGEMENT.QUANTITY.DECREMENT,,
GUI.CRAFTING_MANAGEMENT.TABLE.MANAGEMENT.QUANTITY.INCREMENT,,
GUI.CRAFTING_MANAGEMENT.TITLE,,
GUI.CRAFTING_MANAGEMENT.TOTAL_QUANTITY_ACTUAL,,
GUI.CRAFTING_MANAGEMENT.TOTAL_QUANTITY_HINT,,
GUI.CREDITS.AND_YOU_TITLE,,
GUI.CREDITS.DEVELOPERS.CHARACTER_ART,,
GUI.CREDITS.DEVELOPERS.CONCEPT_ART,,
GUI.CREDITS.DEVELOPERS.ENVIRONMENT_ART,,
GUI.CREDITS.DEVELOPERS.LEAD_DESIGN,,
GUI.CREDITS.DEVELOPERS.LEAD_UI,,
GUI.CREDITS.DEVELOPERS.MUSIC,,
GUI.CREDITS.DEVELOPERS.MUSIC_ADDITIONAL,,
GUI.CREDITS.DEVELOPERS.PROGRAMMING,,
GUI.CREDITS.DEVELOPERS.SPECIAL_THANKS,,
GUI.CREDITS.FOUNDING_BACKERS_TITLE,,
GUI.CREDITS.PATREON_KICKSTARTER_TITLE,,
GUI.CREDITS.TRANSLATORS_TITLE,,
GUI.CROP_SELECTION,,Cultivo:
GUI.CROP_SELECTION.DESCRIPTION,,
GUI.CROP_SELECTION.PLANTING_HINT.SEASONS_0,,
GUI.CROP_SELECTION.PLANTING_HINT.SEASONS_1,,
GUI.CROP_SELECTION.PLANTING_HINT.SEASONS_2,,
GUI.CROP_SELECTION.PLANTING_HINT.SEASONS_3,,
GUI.CROP_SELECTION.PLANTING_HINT.SEASONS_4,,
GUI.DATE_TIME_YEAR_LABEL,,"{{timeOfDay}}, dia {{dayNumber}}"
GUI.DAY_LABEL,,
GUI.DECONSTRUCT_LABEL,,
GUI.DIALOG.CANCEL_BUTTON,,
GUI.DIALOG.CONFIRM,,
GUI.DIALOG.CONFIRM_DELETE_SAVE,,
GUI.DIALOG.DISMISS,,
GUI.DIALOG.ERROR_ROOM_NAME_ALREADY_EXISTS,,
GUI.DIALOG.ERROR_SAVE_INCOMPATIBLE,,
GUI.DIALOG.ERROR_TITLE,,Ocorreu um erro 
GUI.DIALOG.ERROR_WHILE_LOADING,,
GUI.DIALOG.ERROR_WHILE_SAVING,,
GUI.DIALOG.HIDE_FURTHER_NOTIFICATIONS,,
GUI.DIALOG.INFO_TITLE,,
GUI.DIALOG.JUMP_TO,,
GUI.DIALOG.LANGUAGE_TRANSLATION_INCOMPLETE,,
GUI.DIALOG.MOD_CHANGES_OUTSTANDING,,
GUI.DIALOG.MOD_INCOMPATIBLE,,
GUI.DIALOG.OK_BUTTON,,Ok
GUI.DIALOG.RENAME_ROOM_TITLE,,
GUI.DIALOG.RENAME_SETTLER_TITLE,,
GUI.DIALOG.RESTART_REQUIRED,,
GUI.DIALOG.SETTLEMENT_NAME_ALREADY_IN_USE,,
GUI.DIALOG.SETTLEMENT_NAME_NOT_SPECIFIED,,
GUI.DIALOG.STOCKPILE_MANAGEMENT.TITLE,,
GUI.EMBARK.DISCORD_LINK,,
GUI.EMBARK.MAP_SEED,,
GUI.EMBARK.MAP_SIZE,,
GUI.EMBARK.MAP_SIZE.LARGE,,
GUI.EMBARK.MAP_SIZE.MEDIUM,,
GUI.EMBARK.MAP_SIZE.SMALL,,
GUI.EMBARK.PEACEFUL_MODE,,
GUI.EMBARK.SETTLEMENT_NAME,,
GUI.EMBARK.START,,
GUI.EMBARK.TITLE,,
GUI.EMPTY_CONTAINER_LABEL,,
GUI.EMPTY_CONTAINER_LABEL.BEING_ACTIONED,,
GUI.EMPTY_CONTAINER_LABEL.HINT,,
GUI.FURNITURE_ASSIGNED_TO,,Atribuição: {{name}}
GUI.FURNITURE_BEING_REMOVED,,Em remoção
GUI.FURNITURE_REQUIREMENT.ALL_MATERIALS,,
GUI.FURNITURE_REQUIREMENT.SPECIFIED_MATERIALS,,
GUI.GRAPHICS.FULLSCREEN,,Tela cheia
GUI.GRAPHICS.RESOLUTION,,Resolução
GUI.INVASION_LABEL,,
GUI.ITEM.WEAPON_ARMOR_NEGATION_DESCRIPTION,,
GUI.ITEM.WEAPON_ATTACK_DESCRIPTION,,
GUI.KEY_BINDING.DEBUG_FRAME_BUFFER_0,,
GUI.KEY_BINDING.DEBUG_FRAME_BUFFER_1,,
GUI.KEY_BINDING.DEBUG_FRAME_BUFFER_2,,
GUI.KEY_BINDING.DEBUG_FRAME_BUFFER_3,,
GUI.KEY_BINDING.DEBUG_FRAME_BUFFER_4,,
GUI.KEY_BINDING.DEBUG_FRAME_BUFFER_5,,
GUI.KEY_BINDING.DEBUG_FRAME_BUFFER_6,,
GUI.KEY_BINDING.DEBUG_FRAME_BUFFER_7,,
GUI.KEY_BINDING.DEBUG_FRAME_BUFFER_8,,
GUI.KEY_BINDING.DEBUG_FRAME_BUFFER_9,,
GUI.KEY_BINDING.DEBUG_GAME_SPEED_SLOW,,
GUI.KEY_BINDING.DEBUG_GAME_SPEED_ULTRA_FAST,,
GUI.KEY_BINDING.DEBUG_HIDE_GUI,,
GUI.KEY_BINDING.DEBUG_SHOW_INDIVIDUAL_LIGHTING_BUFFERS,,
GUI.KEY_BINDING.DEBUG_SHOW_JOB_STATUS,,
GUI.KEY_BINDING.DEBUG_SHOW_LIQUID_FLOW,,
GUI.KEY_BINDING.DEBUG_SHOW_MENU,,
GUI.KEY_BINDING.DEBUG_SHOW_PATHFINDING_NODES,,
GUI.KEY_BINDING.DEBUG_SHOW_ZONES,,
GUI.KEY_BINDING.DEBUG_TOGGLE_FLOOR_OVERLAP_RENDERING,,
GUI.KEY_BINDING.FAST_PAN,,
GUI.KEY_BINDING.GAME_SPEED_FAST,,
GUI.KEY_BINDING.GAME_SPEED_FASTER,,
GUI.KEY_BINDING.GAME_SPEED_FASTEST,,
GUI.KEY_BINDING.GAME_SPEED_NORMAL,,
GUI.KEY_BINDING.PAN_CAMERA_DOWN,,
GUI.KEY_BINDING.PAN_CAMERA_LEFT,,
GUI.KEY_BINDING.PAN_CAMERA_RIGHT,,
GUI.KEY_BINDING.PAN_CAMERA_UP,,
GUI.KEY_BINDING.PAUSE,,
GUI.KEY_BINDING.QUICKLOAD,,
GUI.KEY_BINDING.QUICKSAVE,,
GUI.KEY_BINDING.ROTATE,,
GUI.KEY_BINDING.ZOOM_IN,,
GUI.KEY_BINDING.ZOOM_OUT,,
GUI.LEAVE_CROP_FALLOW,,Nada (deixar em repouso)
GUI.LOAD_GAME.TABLE.COPY_SEED,,
GUI.LOAD_GAME.TABLE.DATE_TIME,,
GUI.LOAD_GAME.TABLE.DELETE,,
GUI.LOAD_GAME.TABLE.GAME_TIME,,
GUI.LOAD_GAME.TABLE.PLAY,,
GUI.LOAD_GAME.TABLE.SETTLEMENT_NAME,,
GUI.LOAD_GAME.TABLE.VERSION,,
GUI.LOAD_GAME.TITLE,,
GUI.MAP_SEED.COPY_TO_CLIPBOARD,,
GUI.MAP_SEED_DISPLAY,,
GUI.MECHANISM.SHAFT.HORIZONTAL,,
GUI.MECHANISM.SHAFT.VERTICAL,,
GUI.MILITARY.DIALOG.ADD_SQUAD,,
GUI.MILITARY.DIALOG.CHOOSE_EMBLEM,,
GUI.MILITARY.DIALOG.RENAME_SQUAD,,
GUI.MILITARY.DIALOG.SELECT_SQUAD,,
GUI.MILITARY.NEW_SQUAD,,
GUI.MILITARY.ORDERS,,
GUI.MILITARY.ORDERS.ATTACK,,
GUI.MILITARY.ORDERS.CANCEL_ATTACK,,
GUI.MILITARY.ORDERS.GUARD,,
GUI.MILITARY.ORDERS.RETREAT,,
GUI.MILITARY.ORDERS.TRAIN,,
GUI.MILITARY.REMOVE_SQUAD,,
GUI.MILITARY.REMOVE_SQUAD.DIALOG,,
GUI.MILITARY.SET_FORMATION,,
GUI.MILITARY.SET_ORDERS,,
GUI.MILITARY.TAB.DWARVES,,
GUI.MILITARY.TAB.SQUADS,,
GUI.MILITARY.TAB.TRAINED_CIVILIANS,,
GUI.MINIMAP.LABEL,,
GUI.MUSIC_VOLUME,,
GUI.NEXT_LABEL,,Seguinte
GUI.NON_ROTATABLE_FURNITURE.HINT,,
GUI.OK_LABEL,,OK
GUI.OPTIONS.AUDIO.TITLE,,Opções de Som
GUI.OPTIONS.GAMEPLAY.HIDE_TREES_OBSCURING_SETTLERS,,
GUI.OPTIONS.GAMEPLAY.TITLE,,Opções de Jogo
GUI.OPTIONS.GAMEPLAY.USE_EDGE_SCROLLING,,
GUI.OPTIONS.GAMEPLAY.ZOOM_TO_CURSOR,,
GUI.OPTIONS.GRAPHICS.FULLSCREENMODE.BORDERLESS_FULLSCREEN,,
GUI.OPTIONS.GRAPHICS.FULLSCREENMODE.EXCLUSIVE_FULLSCREEN,,
GUI.OPTIONS.GRAPHICS.FULLSCREENMODE.WINDOWED,,
GUI.OPTIONS.GRAPHICS.TITLE,,Opções Gráficas 
GUI.OPTIONS.GRAPHICS.WEATHER_EFFECTS,,
GUI.OPTIONS.GRAPHICS.WEATHER_EFFECTS_TOOLTIP,,
GUI.OPTIONS.KEY_BINDINGS,,
GUI.OPTIONS.MISC.CRASH_REPORTING_ENABLED,,
GUI.OPTIONS.MISC.TITLE,,
GUI.OPTIONS.MISC.TUTORIAL_ENABLED,,
GUI.OPTIONS.RESET,,
GUI.OPTIONS.TAB.AUDIO,,
GUI.OPTIONS.TAB.GAMEPLAY,,
GUI.OPTIONS.TAB.GRAPHICS,,
GUI.OPTIONS.TAB.MISC,,
GUI.OPTIONS.TAB.TWITCH,,
GUI.OPTIONS.TWITCH.ACCOUNT_LABEL,,
GUI.OPTIONS.TWITCH.CODE_LABEL,,
GUI.OPTIONS.TWITCH.CONNECTED_LABEL,,
GUI.OPTIONS.TWITCH.DISCONNECT,,
GUI.OPTIONS.TWITCH.DISCONNECTED_LABEL,,
GUI.OPTIONS.TWITCH.ENABLED,,
GUI.OPTIONS.TWITCH.GENERAL_ERROR,,
GUI.OPTIONS.TWITCH.LINK_ACCOUNT_BUTTON,,
GUI.OPTIONS.TWITCH.PRIORITISE_SUBSCRIBERS,,
GUI.OPTIONS.TWITCH.SUBMIT_BUTTON,,
GUI.OPTIONS.TWITCH.TITLE,,
GUI.OPTIONS.TWITCH.VIEWERS_AS_SETTLERS,,
GUI.OPTIONS.TWITCH.VIEWERS_LABEL,,
GUI.ORDERS.CHOP_WOOD,,Cortar
GUI.ORDERS.CLEAR_GROUND,,Limpar
GUI.ORDERS.DIG_CHANNELS,,
GUI.ORDERS.DIG_CHANNELS.TOOLTIP,,
GUI.ORDERS.EXTINGUISH_FLAMES,,
GUI.ORDERS.EXTINGUISH_FLAMES.TOOLTIP,,
GUI.ORDERS.HARVEST_PLANTS,,Colher
GUI.ORDERS.HUNT,,
GUI.ORDERS.HUNT.TOOLTIP,,
GUI.ORDERS.MINE,,Minerar
GUI.ORDERS_LABEL,,Ordens
GUI.PLACE_BRIDGE.HINT,,
GUI.POWER_LABEL,,
GUI.POWER_WATER_INFO,,
GUI.PRIORITY_LABEL,,
GUI.PRODUCTION_EXPORT.CHOOSE_ITEM_TYPE,,
GUI.PRODUCTION_EXPORT.LIMIT.REACHED,,
GUI.PRODUCTION_IMPORT.CHOOSE_ITEM_TYPE,,
GUI.REMOVE_LABEL,,Remover
GUI.REMOVE_TILES,,Remover áreas
GUI.RESOURCE_MANAGEMENT.ALL_OF,,
GUI.RESOURCE_MANAGEMENT.AVAILABLE,,
GUI.RESOURCE_MANAGEMENT.AVAILABLE_OF_TOTAL,,
GUI.RESOURCE_MANAGEMENT.ITEM_ALLOCATION_PURPOSE.CONTENTS_TO_BE_DUMPED,,
GUI.RESOURCE_MANAGEMENT.ITEM_ALLOCATION_PURPOSE.CONTENTS_TO_BE_DUMPED.PLURAL,,
GUI.RESOURCE_MANAGEMENT.ITEM_ALLOCATION_PURPOSE.DUE_TO_BE_HAULED,,
GUI.RESOURCE_MANAGEMENT.ITEM_ALLOCATION_PURPOSE.DUE_TO_BE_HAULED.PLURAL,,
GUI.RESOURCE_MANAGEMENT.ITEM_ALLOCATION_PURPOSE.EQUIPPED,,
GUI.RESOURCE_MANAGEMENT.ITEM_ALLOCATION_PURPOSE.EQUIPPED.PLURAL,,
GUI.RESOURCE_MANAGEMENT.ITEM_ALLOCATION_PURPOSE.FOOD_ALLOCATION,,
GUI.RESOURCE_MANAGEMENT.ITEM_ALLOCATION_PURPOSE.FOOD_ALLOCATION.PLURAL,,
GUI.RESOURCE_MANAGEMENT.ITEM_ALLOCATION_PURPOSE.HAULING,,
GUI.RESOURCE_MANAGEMENT.ITEM_ALLOCATION_PURPOSE.HAULING.PLURAL,,
GUI.RESOURCE_MANAGEMENT.ITEM_ALLOCATION_PURPOSE.HELD_IN_INVENTORY,,
GUI.RESOURCE_MANAGEMENT.ITEM_ALLOCATION_PURPOSE.HELD_IN_INVENTORY.PLURAL,,
GUI.RESOURCE_MANAGEMENT.ITEM_ALLOCATION_PURPOSE.ON_FIRE,,
GUI.RESOURCE_MANAGEMENT.ITEM_ALLOCATION_PURPOSE.ON_FIRE.PLURAL,,
GUI.RESOURCE_MANAGEMENT.ITEM_ALLOCATION_PURPOSE.PLACED_FOR_CONSTRUCTION,,
GUI.RESOURCE_MANAGEMENT.ITEM_ALLOCATION_PURPOSE.PLACED_FOR_CONSTRUCTION.PLURAL,,
GUI.RESOURCE_MANAGEMENT.ITEM_ALLOCATION_PURPOSE.PRODUCTION_IMPORT,,
GUI.RESOURCE_MANAGEMENT.ITEM_ALLOCATION_PURPOSE.PRODUCTION_IMPORT.PLURAL,,
GUI.RESOURCE_MANAGEMENT.ITEM_ALLOCATION_PURPOSE.PRODUCTION_OUTPUT,,
GUI.RESOURCE_MANAGEMENT.ITEM_ALLOCATION_PURPOSE.PRODUCTION_OUTPUT.PLURAL,,
GUI.RESOURCE_MANAGEMENT.QUANTIFIED_ITEM,,
GUI.RESOURCE_MANAGEMENT.SEARCH,,
GUI.RESOURCE_MANAGEMENT.SORT_BY,,
GUI.RESOURCE_MANAGEMENT.TITLE,,
GUI.RESOURCE_MANAGEMENT.TOTAL,,
GUI.RESOURCE_MANAGEMENT.UNALLOCATED_LABEL,,
GUI.ROOFING.ADD,,
GUI.ROOMS_LABEL,,
GUI.ROTATE_FURNITURE.HINT,,Aperte (R) para girar a mobília
GUI.SAVING_PROMPT,,Salvando…
GUI.SELECT_WEAPON.LABEL,,
GUI.SETTINGS.LABEL,,
GUI.SETTLER_MANAGEMENT.CHOOSE_ARMOUR,,
GUI.SETTLER_MANAGEMENT.CHOOSE_SHIELD,,
GUI.SETTLER_MANAGEMENT.CHOOSE_WEAPON,,
GUI.SETTLER_MANAGEMENT.HAPPINESS,,
GUI.SETTLER_MANAGEMENT.IMMIGRATION,,
GUI.SETTLER_MANAGEMENT.MAIN_HAND.STATUS,,
GUI.SETTLER_MANAGEMENT.OFF_HAND.STATUS,,
GUI.SETTLER_MANAGEMENT.OFF_HAND.TWO_HANDED_WEAPON,,
GUI.SETTLER_MANAGEMENT.POPULATION_STATISTICS,,
GUI.SETTLER_MANAGEMENT.PROFESSION.CIVILIAN,,
GUI.SETTLER_MANAGEMENT.PROFESSION.MILITARY,,
GUI.SETTLER_MANAGEMENT.PROFESSION.VILLAGER,,
GUI.SETTLER_MANAGEMENT.SEARCH,,
GUI.SETTLER_MANAGEMENT.SORT.HAPPINESS,,
GUI.SETTLER_MANAGEMENT.SORT.MILITARY_CIVILIAN,,
GUI.SETTLER_MANAGEMENT.SORT.NAME,,
GUI.SETTLER_MANAGEMENT.SORT.SKILL_LEVEL,,
GUI.SETTLER_MANAGEMENT.SORT_BY,,
GUI.SETTLER_MANAGEMENT.TITLE,,
GUI.SOUND_EFFECT_VOLUME,,
GUI.UI_SCALE,,Tamanho da interface:
GUI.VIEW_MODE.DEFAULT,,
GUI.VIEW_MODE.JOB_PRIORITY,,
GUI.VIEW_MODE.MECHANISMS,,
GUI.VIEW_MODE.PIPING,,
GUI.VIEW_MODE.ROOFING_INFO,,
GUI.VIEW_ROADMAP,,
GUI.YEAR_LABEL,,
HAPPINESS_MODIFIER.ALCOHOL_WITHDRAWAL,,
HAPPINESS_MODIFIER.ATE_NICELY_PREPARED_FOOD,,
HAPPINESS_MODIFIER.BLEEDING,,
HAPPINESS_MODIFIER.CARRIED_DEAD_BODY,,
HAPPINESS_MODIFIER.CAUGHT_IN_RAIN,,
HAPPINESS_MODIFIER.DRANK_ALCOHOL,,
HAPPINESS_MODIFIER.DRANK_FROM_RIVER,,
HAPPINESS_MODIFIER.DYING_OF_HUNGER,,
HAPPINESS_MODIFIER.DYING_OF_THIRST,,
HAPPINESS_MODIFIER.HAD_A_TANTRUM,,
HAPPINESS_MODIFIER.NEW_SETTLEMENT_OPTIMISM,,
HAPPINESS_MODIFIER.ON_FIRE,,
HAPPINESS_MODIFIER.POISONED,,
HAPPINESS_MODIFIER.SAW_DEAD_BODY,,
HAPPINESS_MODIFIER.SLEEPING_IN_RAIN,,
HAPPINESS_MODIFIER.SLEEPING_IN_SNOW,,
HAPPINESS_MODIFIER.SLEPT_IN_BED,,
HAPPINESS_MODIFIER.SLEPT_ON_GROUND,,
HAPPINESS_MODIFIER.SLEPT_OUTSIDE,,
HAPPINESS_MODIFIER.TITLE,,
HAPPINESS_MODIFIER.VERY_HUNGRY,,
HAPPINESS_MODIFIER.VERY_THIRSTY,,
HAPPINESS_MODIFIER.VERY_TIRED,,
HAPPINESS_MODIFIER.WORKED_IN_ENCLOSED_ROOM,,
HAPPINESS_MODIFIER.WORKED_IN_RAIN,,
HAULING.ASSIGNMENT.DESCRIPTION,,
HINT.BUILD_PIPES.1,,
HINT.BUILD_PIPES.2,,
HINT.BUILD_PIPES.3,,
HINT.BUILD_POWER.1,,
HINT.BUILD_POWER.2,,
HINT.BUILD_POWER.3,,
HINT.BUILD_ROOFING.1,,
HINT.BUILD_ROOFING.2,,
HINT.BUILD_ROOFING.3,,
HINT.BUTTON.BEGIN_TUTORIAL,,
HINT.BUTTON.DISABLE_ALL,,
HINT.BUTTON.DISMISS,,
HINT.BUTTON.HINTS_ONLY,,
HINT.BUTTON.NEXT,,
HINT.OPEN_PRIORITY_MENU.1,,
HINT.OPEN_PRIORITY_MENU.2,,
HINT.TOOL_DEPLETED.AXE1,,
HINT.TOOL_DEPLETED.AXE2,,
HINT.TOOL_DEPLETED.CHISEL1,,
HINT.TOOL_DEPLETED.CHISEL2,,
HINT.TOOL_DEPLETED.PLANE1,,
HINT.TOOL_DEPLETED.PLANE2,,
HINT.TOOL_DEPLETED.SAW1,,
HINT.TOOL_DEPLETED.SAW2,,
HINT.WEAPON_SELECTION.1,,
HINT.WEAPON_SELECTION.2,,
HINT.WEAPON_SELECTION.3,,
HINT.WELCOME.NEXT_STEPS,,
HINT.WELCOME.PRE_SPAWN,,
HUMANOID.BROKEN.DESCRIPTION,,
HUMANOID.DESCRIPTION,,"{{name}}, {{profession.noun}} {{race.adjective}}"
INGREDIENT.DOUGH,,Massa
INGREDIENT.FLOUR,,Farinha
INGREDIENT.LOAF,,Fatia
INGREDIENT.LOAF.PLURAL,,Fatias
INGREDIENT.MALT.SACK.NOUN,,
INGREDIENT.MALT.SACK.TOOLTIP,,
INGREDIENT.MILLED.MALT.SACK.NOUN,,
INGREDIENT.MILLED.MALT.SACK.TOOLTIP,,
INGREDIENT.MUSHROOM.SPAWN.NOUN,,
INGREDIENT.MUSHROOM.SPAWN.PLURAL,,
INGREDIENT.MUSHROOM.SPAWN.TOOLTIP,,
INGREDIENT.SEEDS.NOUN,,Semente
INGREDIENT.SEEDS.PLURAL,,Sementes
INGREDIENT.SEEDS.TOOLTIP,,
INGREDIENT.VEGETABLE.CRATE.NOUN,,
INGREDIENT.VEGETABLE.CRATE.PLURAL,,
INGREDIENT.VEGETABLE.SACK.NOUN,,Saca
INGREDIENT.VEGETABLE.SACK.PLURAL,,
INVENTORY.CONTAINS.LABEL,,Inventário:
ITEM.AVAILABILITY.DESCRIPTION,,
ITEM.DESCRIPTION,,{{quantity_if_multiple}}{{itemType.noun_or_plural}} {{materialType.adjective}}
ITEM.INGREDIENT.DESCRIPTION,,{{quantity_if_multiple}}{{materialType.noun_or_plural}}
ITEM.NONE_SELECTED,,
ITEM.QUALITY.PREFIX.AWFUL.ADJECTIVE,,
ITEM.QUALITY.PREFIX.AWFUL.TOOLTIP,,
ITEM.QUALITY.PREFIX.MASTERWORK.ADJECTIVE,,
ITEM.QUALITY.PREFIX.MASTERWORK.TOOLTIP,,
ITEM.QUALITY.PREFIX.POOR.ADJECTIVE,,
ITEM.QUALITY.PREFIX.POOR.TOOLTIP,,
ITEM.QUALITY.PREFIX.SUPERIOR.ADJECTIVE,,
ITEM.QUALITY.PREFIX.SUPERIOR.TOOLTIP,,
ITEM_GROUP.FUEL.PLURAL,,
ITEM_GROUP.PRODUCT.PLURAL,,
ITEM_GROUP.RESOURCE.PLURAL,,
ITEM_GROUP.TOOL.PLURAL,,
LANGUAGE.LABEL,,Idioma
LIQUID.BEER.NOUN,,
LIQUID.BEER.TOOLTIP,,
LIQUID.HOPPED_WORT.NOUN,,
LIQUID.HOPPED_WORT.TOOLTIP,,
LIQUID.WATER.NOUN,,Água
LIQUID.WORT.NOUN,,
LIQUID.WORT.TOOLTIP,,
MADNESS.BROKEN.ADJECTIVE,,
MADNESS.BROKEN.TOOLTIP,,
MATERIAL,,Material
MATERIAL_TYPE,,Tipo
MATERIAL_TYPE.ANY,,Qualquer
MATERIAL_TYPE.CLOTH.ADJECTIVE,,
MATERIAL_TYPE.CLOTH.NOUN,,
MATERIAL_TYPE.EARTH.ADJECTIVE,,
MATERIAL_TYPE.EARTH.NOUN,,
MATERIAL_TYPE.FOODSTUFF.NOUN,,
MATERIAL_TYPE.GEM.NOUN,,de gema
MATERIAL_TYPE.METAL.ADJECTIVE,,de metal
MATERIAL_TYPE.METAL.NOUN,,Metal
MATERIAL_TYPE.ORE.NOUN,,Minério
MATERIAL_TYPE.OTHER.NOUN,,Outro(a)
MATERIAL_TYPE.ROPE.ADJECTIVE,,
MATERIAL_TYPE.ROPE.NOUN,,
MATERIAL_TYPE.SEED.NOUN,,Semente
MATERIAL_TYPE.SKIN.ADJECTIVE,,
MATERIAL_TYPE.SKIN.NOUN,,
MATERIAL_TYPE.STONE.ADJECTIVE,,
MATERIAL_TYPE.STONE.NOUN,,Pedra
MATERIAL_TYPE.VEGETABLE.NOUN,,Vegetal
MATERIAL_TYPE.VITRIOL.ADJECTIVE,,
MATERIAL_TYPE.VITRIOL.NOUN,,
MATERIAL_TYPE.WOOD.ADJECTIVE,,de madeira
MATERIAL_TYPE.WOOD.NOUN,,Madeira
MEAT.BOAR_MEAT,,
MEAT.CARP_MEAT.NOUN,,
MEAT.CARP_MEAT.PLURAL,,
MEAT.DEER_MEAT,,
MEAT.DWARF_FLESH,,
MEAT.ELEPHANT_MEAT,,
MEAT.FOX_MEAT,,
MEAT.HORSE_MEAT,,
MEAT.PERCH_MEAT.NOUN,,
MEAT.PERCH_MEAT.PLURAL,,
MEAT.PIKE_MEAT.NOUN,,
MEAT.PIKE_MEAT.PLURAL,,
MECHANISM.FURNITURE.CONSUMING_POWER,,
MECHANISM.FURNITURE.CRAFTING_STATION_REQUIRES_POWER,,
MECHANISM.FURNITURE.CRAFTING_STATION_REQUIRES_POWER.TOOLTIP,,
MECHANISM.FURNITURE.PRODUCING_POWER,,
MECHANISM.FURNITURE.REQUIRES_OUTSIDE_PLACEMENT,,
MECHANISM.FURNITURE.REQUIRES_POWER,,
MECHANISM.FURNITURE.REQUIRES_POWER.TOOLTIP,,
MECHANISM.FURNITURE.REQUIRES_POWER_GRID,,
MECHANISM.FURNITURE.REQUIRES_POWER_GRID.TOOLTIP,,
MECHANISM.STONE.GEAR.NOUN,,
MECHANISM.STONE.GEAR.TOOLTIP,,
MECHANISM.WOODEN.SHAFT.NOUN,,
MECHANISM.WOODEN.SHAFT.TOOLTIP,,
MENU.CONTINUE_GAME,,Continuar jogo
MENU.CREDITS,,
MENU.JOIN_DISCORD,,
MENU.LINK_TWITCH_ACCOUNT,,
MENU.LOAD_GAME,,
MENU.MODS,,
MENU.NEW_GAME,,Começar outro jogo
MENU.OPTIONS,,Opções
MENU.QUIT,,Sair
MENU.SAVE_AND_QUIT,,
MENU.SOURCE_CODE,,
MENU.TOGGLE_FULLSCREEN,,Alternar tela cheia
METAL.BRONZE.ADJECTIVE,,de bronze
METAL.BRONZE.NOUN,,de bronze
METAL.BRONZE.TOOLTIP,,
METAL.COPPER.ADJECTIVE,,de cobre
METAL.COPPER.NOUN,,de cobre
METAL.COPPER.TOOLTIP,,
METAL.COPPER_PATINA.ADJECTIVE,,de cobre
METAL.COPPER_PATINA.NOUN,,
METAL.COPPER_PATINA.TOOLTIP,,{{METAL.COPPER.TOOLTIP}}
METAL.DURALUMINIUM.ADJECTIVE,,
METAL.DURALUMINIUM.NOUN,,
METAL.DURALUMINIUM.TOOLTIP,,
METAL.GOLD.ADJECTIVE,,de ouro
METAL.GOLD.NOUN,,Ouro
METAL.GOLD.TOOLTIP,,
METAL.IRON.ADJECTIVE,,de ferro
METAL.IRON.NOUN,,de ferro
METAL.IRON.TOOLTIP,,
METAL.PLATINUM.ADJECTIVE,,
METAL.PLATINUM.NOUN,,
METAL.PLATINUM.TOOLTIP,,
METAL.RUSTED_IRON.ADJECTIVE,,
METAL.RUSTED_IRON.NOUN,,
METAL.RUSTED_IRON.TOOLTIP,,
METAL.SILVER.ADJECTIVE,,
METAL.SILVER.NOUN,,Prata
METAL.SILVER.TOOLTIP,,
METAL.STEEL.ADJECTIVE,,de aço
METAL.STEEL.NOUN,,de aço
METAL.STEEL.TOOLTIP,,
METAL.TIN.ADJECTIVE,,
METAL.TIN.NOUN,,Estanho
METAL.TIN.TOOLTIP,,
MILITARY.FORMATION.COLUMN,,
MILITARY.FORMATION.COLUMN_DOUBLE,,
MILITARY.FORMATION.COLUMN_SINGLE,,
MILITARY.FORMATION.GRID,,
MILITARY.FORMATION.GRID_DOUBLE,,
MILITARY.FORMATION.GRID_SINGLE,,
MILITARY.FORMATION.LINE,,
MILITARY.FORMATION.LINE_DOUBLE,,
MILITARY.FORMATION.LINE_SINGLE,,
MILITARY.SQUAD.DEFAULT_NAME,,
MILITARY.SQUAD.ORDER_DESCRIPTION.COMBAT,,
MILITARY.SQUAD.ORDER_DESCRIPTION.GUARDING,,
MILITARY.SQUAD.ORDER_DESCRIPTION.OFF_DUTY,,
MILITARY.SQUAD.ORDER_DESCRIPTION.RETREATING,,
MILITARY.SQUAD.ORDER_DESCRIPTION.TRAINING,,
MILITARY.SQUAD.SHIFT.DAYTIME,,
MILITARY.SQUAD.SHIFT.NIGHTTIME,,
MODS.APPLY,,
MODS.BUTTON.BROWSE,,
MODS.BUTTON.REFRESH,,
MODS.COMPATIBILITY.COMPATIBLE,,
MODS.COMPATIBILITY.INCOMPATIBLE,,
MODS.COMPATIBILITY.UNKNOWN,,
MODS.EMAIL_LOGIN.CHECK_EMAIL,,
MODS.EMAIL_LOGIN.CODE_LABEL,,
MODS.EMAIL_LOGIN.EMAIL,,
MODS.EMAIL_LOGIN.EMAIL_LABEL,,
MODS.EMAIL_LOGIN.ERROR,,
MODS.EMAIL_LOGIN.INFO,,
MODS.EMAIL_LOGIN.REQUEST_CODE,,
MODS.EMAIL_LOGIN.SUBMIT_CODE,,
MODS.INCOMPATIBLE_VERSION_DESCRIPTION,,
MODS.MISSING_HOMEPAGE_URL,,
MODS.MISSING_MODS_DIALOG_TEXT,,
MODS.MISSING_MODS_SAVE_EXCEPTION_DIALOG_TEXT,,
MODS.SYNC_IN_PROGRESS,,
MODS.TABLE.COMPATIBILITY,,
MODS.TABLE.ENABLED,,
MODS.TABLE.NAME,,
MODS.TABLE.ORDERING,,
MODS.TABLE.VERSION,,
MUSHROOM.DESCRIPTION,,
NEEDS.DRINK,,
NEEDS.FOOD,,
NEEDS.SLEEP,,
NOTIFICATION.AREA_REVEALED.DESCRIPTION,,
NOTIFICATION.AREA_REVEALED.TITLE,,
NOTIFICATION.DEATH.DESCRIPTION,,
NOTIFICATION.DEATH.KILLED_BY_DESCRIPTION,,
NOTIFICATION.DEATH.SHORT_DESCRIPTION,,
NOTIFICATION.DEATH.TITLE,,
NOTIFICATION.FIRE_STARTED.DESCRIPTION,,
NOTIFICATION.FIRE_STARTED.TITLE,,
NOTIFICATION.FISH_EXHAUSTED.DESCRIPTION,,
NOTIFICATION.FISH_EXHAUSTED.TITLE,,
NOTIFICATION.GAME_OVER.DESCRIPTION,,
NOTIFICATION.GAME_OVER.TITLE,,
NOTIFICATION.IMMIGRANTS_ARRIVED.DESCRIPTION,,
NOTIFICATION.IMMIGRANTS_ARRIVED.TITLE,,
NOTIFICATION.INVASION.DESCRIPTION,,
NOTIFICATION.INVASION.TITLE,,
NOTIFICATION.MINING_COLLAPSE.DESCRIPTION,,
NOTIFICATION.MINING_COLLAPSE.TITLE,,
NOTIFICATION.OXIDISATION_DESTRUCTION.DESCRIPTION,,
NOTIFICATION.OXIDISATION_DESTRUCTION.TITLE,,
NOTIFICATION.PIRATE_INVASION.DESCRIPTION,,
NOTIFICATION.PIRATE_INVASION.TITLE,,
NOTIFICATION.ROOFING_COLLAPSE.DESCRIPTION,,
NOTIFICATION.ROOFING_COLLAPSE.TITLE,,
NOTIFICATION.SETTLER_MENTAL_BREAK.DESCRIPTION,,
NOTIFICATION.SETTLER_MENTAL_BREAK.TITLE,,
NOTIFICATION.SETTLER_STUCK.DESCRIPTION,,
NOTIFICATION.SETTLER_STUCK.TITLE,,
NOTIFICATION.SETTLER_TANTRUM.DESCRIPTION,,
NOTIFICATION.SETTLER_TANTRUM.TITLE,,
NOTIFICATION.TRADER_ARRIVED.DESCRIPTION,,
NOTIFICATION.TRADER_ARRIVED.TITLE,,
NOTIFICATION.TRADER_ARRIVED_NO_DEPOT.DESCRIPTION,,
NOTIFICATION.TRADER_ARRIVED_NO_DEPOT.TITLE,,
ORE.BAUXITE.ADJECTIVE,,
ORE.BAUXITE.NOUN,,
ORE.BAUXITE.TOOLTIP,,
ORE.BITUMINOUS_COAL.ADJECTIVE,,
ORE.BITUMINOUS_COAL.NOUN,,Carvão betuminoso
ORE.BITUMINOUS_COAL.TOOLTIP,,
ORE.CASSITERITE.ADJECTIVE,,
ORE.CASSITERITE.NOUN,,Cassiterita
ORE.CASSITERITE.TOOLTIP,,
ORE.CHARCOAL.ADJECTIVE,,
ORE.CHARCOAL.NOUN,,
ORE.CHARCOAL.TOOLTIP,,
ORE.CHRYSOCOLLA.ADJECTIVE,,
ORE.CHRYSOCOLLA.NOUN,,
ORE.CHRYSOCOLLA.TOOLTIP,,
ORE.COKE.ADJECTIVE,,
ORE.COKE.NOUN,,
ORE.COKE.TOOLTIP,,
ORE.GALENA.ADJECTIVE,,
ORE.GALENA.NOUN,,Galena
ORE.GALENA.TOOLTIP,,
ORE.HEMATITE.ADJECTIVE,,
ORE.HEMATITE.NOUN,,Hematita
ORE.HEMATITE.TOOLTIP,,
ORE.ILMENITE.ADJECTIVE,,
ORE.ILMENITE.NOUN,,
ORE.ILMENITE.TOOLTIP,,
ORE.MALACHITE.ADJECTIVE,,
ORE.MALACHITE.NOUN,,Malaquita
ORE.MALACHITE.TOOLTIP,,
ORE.NATIVE_COPPER.ADJECTIVE,,
ORE.NATIVE_COPPER.NOUN,,Cobre nativo
ORE.NATIVE_COPPER.TOOLTIP,,
ORE.NATIVE_GOLD.ADJECTIVE,,
ORE.NATIVE_GOLD.NOUN,,Ouro nativo
ORE.NATIVE_GOLD.TOOLTIP,,
ORE.NATIVE_PLATINUM.ADJECTIVE,,
ORE.NATIVE_PLATINUM.NOUN,,
ORE.NATIVE_PLATINUM.TOOLTIP,,
ORE.NATIVE_SILVER.ADJECTIVE,,
ORE.NATIVE_SILVER.NOUN,,Prata nativa
ORE.NATIVE_SILVER.TOOLTIP,,
ORE.POLLUCITE.ADJECTIVE,,
ORE.POLLUCITE.NOUN,,
ORE.POLLUCITE.TOOLTIP,,
ORE.PYRITE.ADJECTIVE,,
ORE.PYRITE.NOUN,,
ORE.PYRITE.TOOLTIP,,
ORE.THORIUM.ADJECTIVE,,
ORE.THORIUM.NOUN,,
ORE.THORIUM.TOOLTIP,,
ORE.WOLFRAMITE.ADJECTIVE,,
ORE.WOLFRAMITE.NOUN,,
ORE.WOLFRAMITE.TOOLTIP,,
OTHER.ASH,,
OTHER.BRICK.NOUN,,Tijolo
OTHER.CLAY_SOIL.NOUN,,Solo de argila
OTHER.GRASS.NOUN,,
PRIORITY.DISABLED,,
PRIORITY.HIGHER,,
PRIORITY.HIGHEST,,
PRIORITY.LOWER,,
PRIORITY.LOWEST,,
PRIORITY.NORMAL,,
PRIVACY.OPT_IN.ACCEPT_BUTTON,,
PRIVACY.OPT_IN.DATA_POINT.1,,
PRIVACY.OPT_IN.DATA_POINT.2,,
PRIVACY.OPT_IN.DATA_POINT.3,,
PRIVACY.OPT_IN.DESCRIPTION,,
PRIVACY.OPT_IN.DO_NOT_ACCEPT_BUTTON,,
PRODUCT.ANVIL,,
PRODUCT.ANVIL.PLURAL,,
PRODUCT.ANVIL.TOOLTIP,,
PRODUCT.BARREL.HOOPS,,Arcos de barril
PRODUCT.BARREL.HOOPS.TOOLTIP,,
PRODUCT.BARREL.NOUN,,Barril
PRODUCT.BARREL.PLURAL,,
PRODUCT.BARREL.STAVES,,Aduelas de barril
PRODUCT.BARREL.STAVES.TOOLTIP,,
PRODUCT.BARREL.TOOLTIP,,
PRODUCT.BOWL,,Tigela
PRODUCT.BOWL.DESCRIPTION,,Tigela de {{cooking.soup.description}}
PRODUCT.BOWL.PLURAL,,
PRODUCT.BREAD.DOUGH.NOUN,,
PRODUCT.BREAD.DOUGH.PLURAL,,
PRODUCT.BREAD.DOUGH.TOOLTIP,,
PRODUCT.BREAD.LOAF.NOUN,,Pão
PRODUCT.BREAD.LOAF.PLURAL,,Pão
PRODUCT.BREAD.LOAF.TOOLTIP,,
PRODUCT.BUCKET.NOUN,,Balde
PRODUCT.BUCKET.PLURAL,,
PRODUCT.BUCKET.TOOLTIP,,
PRODUCT.CAULDRON,,Caldeirão
PRODUCT.CAULDRON.PLURAL,,
PRODUCT.CAULDRON.TOOLTIP,,
PRODUCT.CHEST.NOUN,,
PRODUCT.CHEST.PLURAL,,
PRODUCT.CHEST.TOOLTIP,,
PRODUCT.LEATHER.NOUN,,
PRODUCT.LEATHER.PLURAL,,
PRODUCT.LINEN.NOUN,,
PRODUCT.LINEN.PLURAL,,
PRODUCT.LINEN.TOOLTIP,,
PRODUCT.LIQUID.TANK,,
PRODUCT.LIQUID.TANK.PLURAL,,
PRODUCT.LIQUID.TANK.TOOLTIP,,
PRODUCT.MILLSTONE,,
PRODUCT.MILLSTONE.PLURAL,,
PRODUCT.MILLSTONE.TOOLTIP,,
PRODUCT.RATION.DOUGH.NOUN,,
PRODUCT.RATION.DOUGH.PLURAL,,
PRODUCT.RATION.DOUGH.TOOLTIP,,
PRODUCT.RATION.NOUN,,
PRODUCT.RATION.PLURAL,,
PRODUCT.RATION.TOOLTIP,,
PRODUCT.ROPE.NOUN,,
PRODUCT.ROPE.PLURAL,,
PRODUCT.STONE.GEAR.NOUN,,
PRODUCT.STONE.GEAR.PLURAL,,
PRODUCT.STONE.GEAR.TOOLTIP,,
PRODUCT.STONE.PIPE.NOUN,,
PRODUCT.STONE.PIPE.PLURAL,,
PRODUCT.STONE.PIPE.TOOLTIP,,
PRODUCT.WATERSKIN.NOUN,,
PRODUCT.WATERSKIN.PLURAL,,
PRODUCT.WOODEN.SHAFT.HORIZONTAL.NOUN,,
PRODUCT.WOODEN.SHAFT.HORIZONTAL.PLURAL,,
PRODUCT.WOODEN.SHAFT.HORIZONTAL.TOOLTIP,,
PRODUCT.WOODEN.SHAFT.VERTICAL.NOUN,,
PRODUCT.WOODEN.SHAFT.VERTICAL.PLURAL,,
PRODUCT.WOODEN.SHAFT.VERTICAL.TOOLTIP,,
PROFESSION.ARTISAN.FEMALE_NOUN,,
PROFESSION.ARTISAN.MALE_NOUN,,
PROFESSION.ARTISAN.PLURAL,,
PROFESSION.ARTISAN.VERB,,
PROFESSION.BAKER.VERB,,Assando
PROFESSION.BLACKSMITH.FEMALE_NOUN,,Ferreira
PROFESSION.BLACKSMITH.MALE_NOUN,,Ferreiro
PROFESSION.BLACKSMITH.PLURAL,,
PROFESSION.BLACKSMITH.TOOLTIP,,
PROFESSION.BLACKSMITH.VERB,,Forjando
PROFESSION.BREWER.FEMALE_NOUN,,
PROFESSION.BREWER.MALE_NOUN,,
PROFESSION.BREWER.PLURAL,,
PROFESSION.BREWER.TOOLTIP,,
PROFESSION.BREWER.VERB,,
PROFESSION.CARPENTER.FEMALE_NOUN,,Carpinteira
PROFESSION.CARPENTER.MALE_NOUN,,Carpinteiro
PROFESSION.CARPENTER.PLURAL,,
PROFESSION.CARPENTER.TOOLTIP,,
PROFESSION.CARPENTER.VERB,,Carpintejando
PROFESSION.CHEF.FEMALE_NOUN,,Chef
PROFESSION.CHEF.MALE_NOUN,,Chef
PROFESSION.CHEF.PLURAL,,
PROFESSION.CHEF.TOOLTIP,,
PROFESSION.CHEF.VERB,,Cozinhando
PROFESSION.DESCRIPTION,,
PROFESSION.FARMER.FEMALE_NOUN,,Fazendeira
PROFESSION.FARMER.MALE_NOUN,,Fazendeiro
PROFESSION.FARMER.PLURAL,,
PROFESSION.FARMER.TOOLTIP,,
PROFESSION.FARMER.VERB,,Cultivando
PROFESSION.FISHER.FEMALE_NOUN,,Pescadora
PROFESSION.FISHER.MALE_NOUN,,Pescador
PROFESSION.FISHER.TOOLTIP,,
PROFESSION.FISHER.VERB,,Pescando
PROFESSION.HUNTER.FEMALE_NOUN,,Caçadora
PROFESSION.HUNTER.MALE_NOUN,,Caçador
PROFESSION.HUNTER.TOOLTIP,,
PROFESSION.HUNTER.VERB,,Caçando
PROFESSION.LEATHERWORKER.FEMALE_NOUN,,
PROFESSION.LEATHERWORKER.MALE_NOUN,,
PROFESSION.LEATHERWORKER.PLURAL,,
PROFESSION.LEATHERWORKER.TOOLTIP,,
PROFESSION.LEATHERWORKER.VERB,,
PROFESSION.MAYOR.FEMALE_NOUN,,Prefeita
PROFESSION.MAYOR.MALE_NOUN,,Prefeito
PROFESSION.MAYOR.VERB,,Governando
PROFESSION.MERCHANT.FEMALE_NOUN,,Mercadora
PROFESSION.MERCHANT.MALE_NOUN,,Mercador
PROFESSION.MERCHANT.VERB,,Comercializando
PROFESSION.MILLER.VERB,,
PROFESSION.MINER.FEMALE_NOUN,,Mineradora
PROFESSION.MINER.MALE_NOUN,,Minerador
PROFESSION.MINER.PLURAL,,
PROFESSION.MINER.TOOLTIP,,
PROFESSION.MINER.VERB,,Minerando
PROFESSION.NOBLE.FEMALE_NOUN,,Nobre
PROFESSION.NOBLE.MALE_NOUN,,Nobre
PROFESSION.NOBLE.TOOLTIP,,
PROFESSION.NOBLE.VERB,,Reinando
PROFESSION.PIRATE.FEMALE_NOUN,,
PROFESSION.PIRATE.MALE_NOUN,,
PROFESSION.PIRATE.VERB,,
PROFESSION.RUNESMITH.FEMALE_NOUN,,Runeira
PROFESSION.RUNESMITH.MALE_NOUN,,Runeiro
PROFESSION.RUNESMITH.TOOLTIP,,
PROFESSION.RUNESMITH.VERB,,Encantando
PROFESSION.SKILL_LEVEL.1,,
PROFESSION.SKILL_LEVEL.1.TOOLTIP,,
PROFESSION.SKILL_LEVEL.2,,
PROFESSION.SKILL_LEVEL.2.TOOLTIP,,
PROFESSION.SKILL_LEVEL.3,,
PROFESSION.SKILL_LEVEL.3.TOOLTIP,,
PROFESSION.SKILL_LEVEL.4,,
PROFESSION.SKILL_LEVEL.4.TOOLTIP,,
PROFESSION.SKILL_LEVEL.5,,
PROFESSION.SKILL_LEVEL.5.TOOLTIP,,
PROFESSION.SKILL_LEVEL.6,,
PROFESSION.SKILL_LEVEL.6.TOOLTIP,,
PROFESSION.SKILL_LEVEL.7,,
PROFESSION.SKILL_LEVEL.7.TOOLTIP,,
PROFESSION.SKILL_LEVEL.8,,
PROFESSION.SKILL_LEVEL.8.TOOLTIP,,
PROFESSION.SKILL_LEVEL.9,,
PROFESSION.SKILL_LEVEL.9.TOOLTIP,,
PROFESSION.STONEMASON.FEMALE_NOUN,,Pedreira
PROFESSION.STONEMASON.MALE_NOUN,,Pedreiro
PROFESSION.STONEMASON.PLURAL,,
PROFESSION.STONEMASON.TOOLTIP,,
PROFESSION.STONEMASON.VERB,,Talhando
PROFESSION.VILLAGER.FEMALE_NOUN,,Aldeã
PROFESSION.VILLAGER.MALE_NOUN,,Aldeão
PROFESSION.VILLAGER.TOOLTIP,,
PROFESSION.VILLAGER.VERB,,Trabalhando
PROFESSION.WEAVER.FEMALE_NOUN,,
PROFESSION.WEAVER.MALE_NOUN,,
PROFESSION.WEAVER.PLURAL,,
PROFESSION.WEAVER.TOOLTIP,,
PROFESSION.WEAVER.VERB,,
PROFESSION.WOODCUTTER.FEMALE_NOUN,,Lenhadora
PROFESSION.WOODCUTTER.MALE_NOUN,,Lenhador
PROFESSION.WOODCUTTER.PLURAL,,
PROFESSION.WOODCUTTER.TOOLTIP,,
PROFESSION.WOODCUTTER.VERB,,Cortando
QUOTA.FIXED_AMOUNT,,
QUOTA.PER_SETTLER,,
RACE.BOAR.NOUN,,
RACE.CARP.NOUN,,
RACE.DEER.FEMALE_NOUN,,
RACE.DEER.MALE_NOUN,,
RACE.DEER.TOOLTIP,,
RACE.DWARF.FEMALE_ADJECTIVE,,Enânica
RACE.DWARF.FEMALE_NOUN,,Anã
RACE.DWARF.FEMALE_PLURAL,,Anãs
RACE.DWARF.MALE_ADJECTIVE,,Enânico
RACE.DWARF.MALE_NOUN,,Anão
RACE.DWARF.MALE_PLURAL,,Anões
RACE.DWARF.TOOLTIP,,
RACE.ELEPHANT.NOUN,,
RACE.FOX.FEMALE_NOUN,,
RACE.FOX.MALE_NOUN,,
RACE.FUNGOLEM,,
RACE.HORSE.NOUN,,
RACE.ORC.MALE_ADJECTIVE,,
RACE.ORC.MALE_NOUN,,
RACE.PERCH.NOUN,,
RACE.PIKE.NOUN,,
RACE.SPIDER,,
RACE.UNDEAD_DWARF,,
RACE.WURM,,
RESOURCE.BONE.LARGE.NOUN,,
RESOURCE.BONE.LARGE.PLURAL,,
RESOURCE.BONE.MEDIUM.NOUN,,
RESOURCE.BONE.MEDIUM.PLURAL,,
RESOURCE.BONE.SMALL.NOUN,,
RESOURCE.BONE.SMALL.PLURAL,,
RESOURCE.FLOUR.SACK.NOUN,,
RESOURCE.FLOUR.SACK.PLURAL,,
RESOURCE.FLOUR.SACK.TOOLTIP,,
RESOURCE.GEMS.UNREFINED.NOUN,,Gema bruta
RESOURCE.GEMS.UNREFINED.PLURAL,,Gemas brutas
RESOURCE.GEMS.UNREFINED.TOOLTIP,,
RESOURCE.GRAIN.SACK.NOUN,,
RESOURCE.GRAIN.SACK.PLURAL,,
RESOURCE.HEMP.BUNDLE.NOUN,,
RESOURCE.HEMP.BUNDLE.PLURAL,,
RESOURCE.HEMP.FIBRE.BUNDLE.NOUN,,
RESOURCE.HEMP.FIBRE.BUNDLE.PLURAL,,
RESOURCE.LOGS.NOUN,,Tronco
RESOURCE.LOGS.PLURAL,,Troncos
RESOURCE.LOGS.TOOLTIP,,
RESOURCE.METAL.BLOOM.NOUN,,
RESOURCE.METAL.BLOOM.PLURAL,,
RESOURCE.METAL.BLOOM.TOOLTIP,,
RESOURCE.METAL.INGOT.NOUN,,Lingote
RESOURCE.METAL.INGOT.PLURAL,,Lingotes
RESOURCE.METAL.INGOT.TOOLTIP,,
RESOURCE.METAL.PLATE.NOUN,,
RESOURCE.METAL.PLATE.PLURAL,,
RESOURCE.METAL.PLATE.TOOLTIP,,
RESOURCE.MUSHROOM.LOG.NOUN,,
RESOURCE.MUSHROOM.LOG.PLURAL,,
RESOURCE.MUSHROOM.LOG.TOOLTIP,,
RESOURCE.MUSHROOM.LUMBER.NOUN,,Tronco
RESOURCE.MUSHROOM.LUMBER.PLURAL,,Troncos
RESOURCE.MUSHROOM.LUMBER.TOOLTIP,,
RESOURCE.ORE.CRUSHED.NOUN,,
RESOURCE.ORE.CRUSHED.PLURAL,,
RESOURCE.ORE.CRUSHED.TOOLTIP,,
RESOURCE.ORE.UNREFINED.NOUN,,Minério
RESOURCE.ORE.UNREFINED.PLURAL,,Minérios
RESOURCE.ORE.UNREFINED.TOOLTIP,,
RESOURCE.PLANKS.NOUN,,Tábua
RESOURCE.PLANKS.PLURAL,,Tábuas
RESOURCE.PLANKS.TOOLTIP,,
RESOURCE.SHOCKED.MUSHROOM.LOG.NOUN,,
RESOURCE.SHOCKED.MUSHROOM.LOG.PLURAL,,
RESOURCE.SHOCKED.MUSHROOM.LOG.TOOLTIP,,
RESOURCE.STONE.BLOCK.NOUN,,Bloco
RESOURCE.STONE.BLOCK.PLURAL,,Blocos
RESOURCE.STONE.BLOCK.TOOLTIP,,
RESOURCE.STONE.UNREFINED.NOUN,,Pedregulho de pedra bruta
RESOURCE.STONE.UNREFINED.PLURAL,,Pedregulhos de pedra bruta
RESOURCE.STONE.UNREFINED.TOOLTIP,,
RESOURCE.WHEAT.SACK.NOUN,,
RESOURCE.WHEAT.SACK.PLURAL,,
RESOURCE.WHEAT.SACK.TOOLTIP,,
ROOMS.ARMOURY,,
ROOMS.ARMOURY.TOOLTIP,,
ROOMS.ARTISAN_WORKSHOP,,
ROOMS.ARTISAN_WORKSHOP.TOOLTIP,,
ROOMS.BAKERY,,
ROOMS.BAKERY.TOOLTIP,,
ROOMS.BARRACKS,,
ROOMS.BARRACKS.TOOLTIP,,
ROOMS.BEDROOM,,Dormitório
ROOMS.BEDROOM.TOOLTIP,,
ROOMS.BREWERY,,
ROOMS.BREWERY.TOOLTIP,,
ROOMS.BRIDGE,,
ROOMS.BRIDGE.TOOLTIP,,
ROOMS.CARPENTRY_WORKSHOP,,Oficina de carpintaria
ROOMS.CARPENTRY_WORKSHOP.TOOLTIP,,
ROOMS.COMPONENT.STOCKPILE.DESCRIPTION,,
ROOMS.FARM,,Fazenda
ROOMS.FARM.PLURAL,,
ROOMS.FARM.TOOLTIP,,
ROOMS.FEASTING_HALL,,Refeitório 
ROOMS.FEASTING_HALL.TOOLTIP,,
ROOMS.FUEL_REFINERY,,
ROOMS.FUEL_REFINERY.TOOLTIP,,
ROOMS.GRAVEYARD,,
ROOMS.GRAVEYARD.TOOLTIP,,
ROOMS.ITERATIVE_NAMED_ROOM,,
ROOMS.KITCHEN,,Cozinha
ROOMS.KITCHEN.TOOLTIP,,
ROOMS.LEATHER_WORKSHOP,,
ROOMS.LEATHER_WORKSHOP.TOOLTIP,,
ROOMS.MASONRY_WORKSHOP,,Oficina de pedreiro
ROOMS.MASONRY_WORKSHOP.TOOLTIP,,
ROOMS.MUSHROOM_FARM,,
ROOMS.MUSHROOM_FARM.TOOLTIP,,
ROOMS.SAWMILL,,Madeireira
ROOMS.SAWMILL.TOOLTIP,,
ROOMS.SMELTERY,,
ROOMS.SMELTERY.TOOLTIP,,
ROOMS.SMITHY,,
ROOMS.SMITHY.TOOLTIP,,
ROOMS.STOCKPILE,,
ROOMS.STOCKPILE.TOOLTIP,,
ROOMS.STOCKPILES,,Estocagens
ROOMS.STOCKPILES.TOOLTIP,,
ROOMS.STOCKPILE_WITH_GROUP_NAME,,
ROOMS.TEXTILE_WORKSHOP,,
ROOMS.TEXTILE_WORKSHOP.TOOLTIP,,
ROOMS.TRADING_DEPOT,,
ROOMS.TRADING_DEPOT.TOOLTIP,,
ROPE.AGED_ROPE,,
ROPE.BRONZED_ROPE,,
ROPE.GRAY_ROPE,,
ROPE.HEMP-ROPE,,
ROPE.TOBACCO_ROPE,,
RUSTED_SCRAP.NOUN,,
RUSTED_SCRAP.TOOLTIP,,
SEASON.AUTUMN,,Outono
SEASON.SPRING,,Primavera
SEASON.SUMMER,,Verão
SEASON.WINTER,,Inverno
SEED.BARLEY_SEED,,Cevada
SEED.BARLEY_SEED.TOOLTIP,,
SEED.BERSERKER_MUSHROOM_SPAWN,,
SEED.BERSERKER_MUSHROOM_SPAWN.TOOLTIP,,
SEED.CARROT_SEED,,Cenoura
SEED.CARROT_SEED.TOOLTIP,,
SEED.CORN_SEED,,Milho
SEED.CORN_SEED.TOOLTIP,,
SEED.DEATH_CAP_SPAWN,,
SEED.DEATH_CAP_SPAWN.TOOLTIP,,
SEED.ELFSBANE_SPAWN,,
SEED.ELFSBANE_SPAWN.TOOLTIP,,
SEED.FIST_SPAWN,,
SEED.FIST_SPAWN.TOOLTIP,,
SEED.GLOW_SPAWN,,
SEED.GLOW_SPAWN.TOOLTIP,,
SEED.HEMP_SEED,,
SEED.HEMP_SEED.TOOLTIP,,
SEED.HOPS_SEED,,Lúpulo
SEED.HOPS_SEED.TOOLTIP,,
SEED.MILTONIA_SPAWN,,
SEED.MILTONIA_SPAWN.TOOLTIP,,
SEED.POTATO_SEED,,Batata
SEED.POTATO_SEED.TOOLTIP,,
SEED.PURPLE_HELMET_SPAWN,,
SEED.PURPLE_HELMET_SPAWN.TOOLTIP,,
SEED.ROCIOMYCOTA_MUSHROOM_SPAWN,,
SEED.ROCIOMYCOTA_MUSHROOM_SPAWN.TOOLTIP,,
SEED.SUNGLOW_SPAWN,,
SEED.SUNGLOW_SPAWN.TOOLTIP,,
SEED.SYRUP_POWDER_SPAWN,,
SEED.SYRUP_POWDER_SPAWN.TOOLTIP,,
SEED.TOMATO_SEED,,Tomate
SEED.TOMATO_SEED.TOOLTIP,,
SEED.WHEAT_SEED,,Trigo
SEED.WHEAT_SEED.TOOLTIP,,
SHRUB.DESCRIPTION,,Arbusto
SKILL.ARCHERY.FEMALE_NOUN,,
SKILL.ARCHERY.MALE_NOUN,,
SKILL.ARCHERY.TOOLTIP,,
SKILL.AXES.FEMALE_NOUN,,
SKILL.AXES.MALE_NOUN,,
SKILL.AXES.TOOLTIP,,
SKILL.CROSSBOWS.FEMALE_NOUN,,
SKILL.CROSSBOWS.MALE_NOUN,,
SKILL.CROSSBOWS.TOOLTIP,,
SKILL.MACES.FEMALE_NOUN,,
SKILL.MACES.MALE_NOUN,,
SKILL.MACES.TOOLTIP,,
SKILL.SWORDSMANSHIP.FEMALE_NOUN,,
SKILL.SWORDSMANSHIP.MALE_NOUN,,
SKILL.SWORDSMANSHIP.TOOLTIP,,
SKILL.UNARMED_COMBAT.FEMALE_NOUN,,
SKILL.UNARMED_COMBAT.MALE_NOUN,,
SKILL.UNARMED_COMBAT.TOOLTIP,,
SKIN.BOAR_HIDE,,
SKIN.DEER_HIDE,,
SKIN.DWARF_HIDE,,
SKIN.ELEPHANT_HIDE,,
SKIN.HORSE_HIDE,,
STATUS.ALCOHOL_WITHDRAWL,,
STATUS.BLEEDING,,
STATUS.BLINDED,,
STATUS.DEATH,,
STATUS.DRUNK,,
STATUS.DYING_OF_HUNGER,,
STATUS.DYING_OF_THIRST,,
STATUS.EXHAUSTED,,
STATUS.INTERNAL_BLEEDING,,
STATUS.KNOCKED_UNCONSCIOUS,,
STATUS.LOSS_MAIN_HAND,,
STATUS.LOSS_OFF_HAND,,
STATUS.MOVEMENT_IMPAIRED,,
STATUS.ON_FIRE,,
STATUS.POISONED,,
STATUS.TEMPORARILY_BLINDED,,
STATUS.VERY_HUNGRY,,
STATUS.VERY_THIRSTY,,
STOCKPILE.GROUP.FOOD,,
STOCKPILE.GROUP.FOOD.TOOLTIP,,
STOCKPILE.GROUP.FUEL,,
STOCKPILE.GROUP.GRANARY,,Celeiro
STOCKPILE.GROUP.GRANARY.TOOLTIP,,
STOCKPILE.GROUP.PRODUCTS,,
STOCKPILE.GROUP.RAW_MATERIALS,,
STOCKPILE.GROUP.SEEDS,,
STOCKPILE.GROUP.TOOLS,,Ferramentas
STOCKPILE.GROUP.TOOLS.TOOLTIP,,
STOCKPILE.GROUP.TREASURE,,
STOCKPILE.GROUP.WEAPONS,,
STOCKPILE.GROUP.WEAPONS.TOOLTIP,,
STONE.BASALT.ADJECTIVE,,de basalto
STONE.BASALT.NOUN,,de basalto
STONE.BASALT.TOOLTIP,,
STONE.DOLOSTONE.ADJECTIVE,,de dolomita
STONE.DOLOSTONE.NOUN,,de dolomita
STONE.DOLOSTONE.TOOLTIP,,
STONE.FRONITE.ADJECTIVE,,
STONE.FRONITE.NOUN,,
STONE.FRONITE.TOOLTIP,,
STONE.GRANITE.ADJECTIVE,,de granito
STONE.GRANITE.NOUN,,de granito
STONE.GRANITE.TOOLTIP,,
STONE.LIMESTONE.ADJECTIVE,,de calcário
STONE.LIMESTONE.NOUN,,de calcário
STONE.LIMESTONE.TOOLTIP,,
STONE.MARBLE.ADJECTIVE,,de mármore
STONE.MARBLE.NOUN,,de mármore
STONE.MARBLE.TOOLTIP,,
STONE.SANDSTONE.ADJECTIVE,,de arenito
STONE.SANDSTONE.NOUN,,de arenito
STONE.SANDSTONE.TOOLTIP,,
STONE.SHALE.ADJECTIVE,,de xisto
STONE.SHALE.NOUN,,de xisto
STONE.SHALE.TOOLTIP,,
STONE.SLATE.ADJECTIVE,,de ardósia
STONE.SLATE.NOUN,,de ardósia
STONE.SLATE.TOOLTIP,,
TOOL.AXE.NOUN,,Machado
TOOL.AXE.PLURAL,,
TOOL.AXE.TOOLTIP,,
TOOL.CHISEL.NOUN,,Cinzel
TOOL.CHISEL.PLURAL,,
TOOL.CHISEL.TOOLTIP,,
TOOL.FISHING.ROD.NOUN,,Vara de pescar
TOOL.FISHING.ROD.PLURAL,,
TOOL.FISHING.ROD.TOOLTIP,,
TOOL.KITCHEN.KNIFE.NOUN,,Faca de cozinha
TOOL.KITCHEN.KNIFE.PLURAL,,
TOOL.KITCHEN.KNIFE.TOOLTIP,,
TOOL.LARGE.HAMMER.NOUN,,Martelo grande
TOOL.LARGE.HAMMER.PLURAL,,
TOOL.LARGE.HAMMER.TOOLTIP,,
TOOL.PICKAXE.NOUN,,Picareta
TOOL.PICKAXE.PLURAL,,
TOOL.PICKAXE.TOOLTIP,,
TOOL.PLANE.NOUN,,Plaina
TOOL.PLANE.PLURAL,,
TOOL.PLANE.TOOLTIP,,
TOOL.ROLLING.PIN.NOUN,,Rolo de massa
TOOL.ROLLING.PIN.PLURAL,,
TOOL.ROLLING.PIN.TOOLTIP,,
TOOL.SAW.NOUN,,Serrote
TOOL.SAW.PLURAL,,
TOOL.SAW.TOOLTIP,,
TOOL.SMALL.HAMMER.NOUN,,Martelo
TOOL.SMALL.HAMMER.PLURAL,,
TOOL.SMALL.HAMMER.TOOLTIP,,
TOOL.TONGS.NOUN,,Tenazes
TOOL.TONGS.PLURAL,,
TOOL.TONGS.TOOLTIP,,
TREASURE.COIN.NOUN,,
TREASURE.COIN.PLURAL,,
TREASURE.COIN.TOOLTIP,,
TREASURE.GEM.NOUN,,
TREASURE.GEM.PLURAL,,
TREASURE.GEM.TOOLTIP,,
TREE.DESCRIPTION,,árvore de {{materialType.noun}}
TUTORIAL.COMPLETED.A,,
TUTORIAL.COMPLETED.B,,
TUTORIAL.COMPLETED.C,,
TUTORIAL.COMPLETED.D,,
TUTORIAL.CRAFTING.A,,
TUTORIAL.CRAFTING.B,,
TUTORIAL.CRAFTING.C,,
TUTORIAL.CRAFTING_SELECTION.A,,
TUTORIAL.CRAFTING_SELECTION.B,,
TUTORIAL.CRAFTING_SELECTION.C,,
TUTORIAL.DISMISS_DIALOG.CONFIRM_TEXT,,
TUTORIAL.DISMISS_DIALOG.DESCRIPTION,,
TUTORIAL.DISMISS_DIALOG.TITLE,,
TUTORIAL.FARMING.A,,
TUTORIAL.FARMING.B,,
TUTORIAL.FARMING_2.A,,
TUTORIAL.FARMING_2.A.STEAMDECK,,
TUTORIAL.FARMING_2.B,,
TUTORIAL.FEASTING_HALL.A,,
TUTORIAL.FEASTING_HALL.B,,
TUTORIAL.FEASTING_HALL.C,,
TUTORIAL.FOOD_COMPLETE.A,,
TUTORIAL.FOOD_COMPLETE.B,,
TUTORIAL.KITCHEN.A,,
TUTORIAL.KITCHEN.B,,
TUTORIAL.KITCHEN.C,,
TUTORIAL.MAIN_VIEW.A,,
TUTORIAL.MAIN_VIEW.B,,
TUTORIAL.MAIN_VIEW.C,,
TUTORIAL.MAIN_VIEW.C.STEAMDECK,,
TUTORIAL.MANAGEMENT_BUTTONS.DESCRIPTION,,
TUTORIAL.MANAGEMENT_BUTTONS.RESOURCE_MANAGEMENT,,
TUTORIAL.MANAGEMENT_BUTTONS.SETTLER_MANAGEMENT,,
TUTORIAL.MINIMAP.DESCRIPTION,,
TUTORIAL.MINIMAP.PROGRESS,,
TUTORIAL.MINIMAP.PROGRESS.STEAMDECK,,
TUTORIAL.NEEDS.A,,
TUTORIAL.NEEDS.B,,
TUTORIAL.NEEDS.C,,
TUTORIAL.PROFESSIONS.A,,
TUTORIAL.PROFESSIONS.B,,
TUTORIAL.PROFESSIONS.C,,
TUTORIAL.PROGRESS_DESCRIPTION.FARM_PLOT_SELECTIONS,,
TUTORIAL.PROGRESS_DESCRIPTION.PROFESSIONS_ASSIGNED,,
TUTORIAL.PROGRESS_DESCRIPTION.TEXT,,
TUTORIAL.PROGRESS_DESCRIPTION.TILES,,
TUTORIAL.RESOURCES.A,,
TUTORIAL.RESOURCES.B,,
TUTORIAL.RESOURCES.C,,
TUTORIAL.RESOURCE_COLLECTION.A,,
TUTORIAL.RESOURCE_COLLECTION.B,,
TUTORIAL.SAVING.A,,
TUTORIAL.SAVING.A.STEAMDECK,,
TUTORIAL.SAVING.B,,
TUTORIAL.SAVING.B.STEAMDECK,,
TUTORIAL.SAVING.C,,
TUTORIAL.SHOW_LABEL,,
TUTORIAL.START.CAMERA_CONTROLS_1,,
TUTORIAL.START.CAMERA_CONTROLS_1.STEAMDECK,,
TUTORIAL.START.CAMERA_CONTROLS_2,,
TUTORIAL.START.CAMERA_CONTROLS_2.STEAMDECK,,
TUTORIAL.START.INTRO_1,,
TUTORIAL.START.INTRO_2,,
TUTORIAL.STOCKPILES.A,,
TUTORIAL.STOCKPILES.B,,
TUTORIAL.TIME_AND_DATE.DESCRIPTION,,
TUTORIAL.TIME_AND_DATE.FAST_SPEED_STEP,,
TUTORIAL.TIME_AND_DATE.FAST_SPEED_STEP.STEAMDECK,,
TUTORIAL.TIME_AND_DATE.NORMAL_SPEED_STEP,,
TUTORIAL.TIME_AND_DATE.NORMAL_SPEED_STEP.STEAMDECK,,
TUTORIAL.TIME_AND_DATE.PAUSE_STEP,,
TUTORIAL.TIME_AND_DATE.PAUSE_STEP.STEAMDECK,,
TUTORIAL.VIEW_MODES.DEFAULT_STEP,,
TUTORIAL.VIEW_MODES.DEFAULT_STEP.STEAMDECK,,
TUTORIAL.VIEW_MODES.DESCRIPTION,,
TUTORIAL.VIEW_MODES.OTHER_STEP,,
TUTORIAL.VIEW_MODES.OTHER_STEP.STEAMDECK,,
TUTORIAL.WORKSHOPS.A,,
TUTORIAL.WORKSHOPS.B,,
TUTORIAL.WORKSHOPS.C,,
TUTORIAL.WORKSHOPS.C.STEAMDECK,,
TUTORIAL.WORKSHOPS.D,,
VEGETABLE.BARLEY,,Cevada
VEGETABLE.BARLEY.PLURAL,,Cevada
VEGETABLE.BARLEY.TOOLTIP,,
VEGETABLE.BERSERKER_MUSHROOM,,
VEGETABLE.BERSERKER_MUSHROOM.PLURAL,,
VEGETABLE.BERSERKER_MUSHROOM.TOOLTIP,,
VEGETABLE.CARROT,,Cenoura
VEGETABLE.CARROT.PLURAL,,Cenouras
VEGETABLE.CARROT.TOOLTIP,,
VEGETABLE.CORN,,Milho verde
VEGETABLE.CORN.PLURAL,,Milho verde
VEGETABLE.CORN.TOOLTIP,,
VEGETABLE.DEATH_CAP_MUSHROOM,,
VEGETABLE.DEATH_CAP_MUSHROOM.PLURAL,,
VEGETABLE.DEATH_CAP_MUSHROOM.TOOLTIP,,
VEGETABLE.DRAGONFRUIT,,
VEGETABLE.DRAGONFRUIT.PLURAL,,
VEGETABLE.ELFSBANE_MUSHROOM,,
VEGETABLE.ELFSBANE_MUSHROOM.PLURAL,,
VEGETABLE.ELFSBANE_MUSHROOM.TOOLTIP,,
VEGETABLE.FIST_MUSHROOM,,
VEGETABLE.FIST_MUSHROOM.PLURAL,,
VEGETABLE.FIST_MUSHROOM.TOOLTIP,,
VEGETABLE.FOR_BEER.USAGE,,
VEGETABLE.FUNGOLEM_MUSHROOM,,
VEGETABLE.FUNGOLEM_MUSHROOM.PLURAL,,
VEGETABLE.FUNGOLEM_MUSHROOM.TOOLTIP,,
VEGETABLE.GLOW_MUSHROOM,,
VEGETABLE.GLOW_MUSHROOM.PLURAL,,
VEGETABLE.GLOW_MUSHROOM.TOOLTIP,,
VEGETABLE.HEMP,,
VEGETABLE.HEMP.PLURAL,,
VEGETABLE.HEMP.TOOLTIP,,
VEGETABLE.HEMP.USAGE,,
VEGETABLE.HEMP_FIBRE,,
VEGETABLE.HEMP_FIBRE.PLURAL,,
VEGETABLE.HOPS,,Lúpulo
VEGETABLE.HOPS.PLURAL,,Lúpulo
VEGETABLE.HOPS.TOOLTIP,,
VEGETABLE.INGREDIENT.USAGE,,
VEGETABLE.LOQUAT,,
VEGETABLE.LOQUAT.PLURAL,,
VEGETABLE.MILTONIA_MUSHROOM,,
VEGETABLE.MILTONIA_MUSHROOM.PLURAL,,
VEGETABLE.MILTONIA_MUSHROOM.TOOLTIP,,
VEGETABLE.POTATO,,Batata
VEGETABLE.POTATO.PLURAL,,Batatas
VEGETABLE.POTATO.TOOLTIP,,
VEGETABLE.PURPLE_HELMET_MUSHROOM,,
VEGETABLE.PURPLE_HELMET_MUSHROOM.PLURAL,,
VEGETABLE.PURPLE_HELMET_MUSHROOM.TOOLTIP,,
VEGETABLE.ROCIOMYCOTA_MUSHROOM,,
VEGETABLE.ROCIOMYCOTA_MUSHROOM.PLURAL,,
VEGETABLE.ROCIOMYCOTA_MUSHROOM.TOOLTIP,,
VEGETABLE.SUNGLOW_MUSHROOM,,
VEGETABLE.SUNGLOW_MUSHROOM.PLURAL,,
VEGETABLE.SUNGLOW_MUSHROOM.TOOLTIP,,
VEGETABLE.SYRUP_POWDER_MUSHROOM,,
VEGETABLE.SYRUP_POWDER_MUSHROOM.PLURAL,,
VEGETABLE.SYRUP_POWDER_MUSHROOM.TOOLTIP,,
VEGETABLE.TAMARILLO,,
VEGETABLE.TAMARILLO.PLURAL,,
VEGETABLE.THIMBLEBERRY,,
VEGETABLE.THIMBLEBERRY.PLURAL,,
VEGETABLE.TOMATO,,Tomate
VEGETABLE.TOMATO.PLURAL,,Tomates
VEGETABLE.TOMATO.TOOLTIP,,
VEGETABLE.WHEAT,,Trigo
VEGETABLE.WHEAT.PLURAL,,Trigo
VEGETABLE.WHEAT.TOOLTIP,,
VEGETABLE.WHEAT.USAGE,,
VEHICLE.DESCRIPTION,,
WALL.DESCRIPTION,,{{wallType.noun}} {{materialType.adjective}}
WALL.GEMS.NOUN,,Gemas
WALL.ORE.NOUN,,Minério
WALL.ROUGH_STONE.NOUN,,Parede de rocha
WALL.STONE_BLOCK.NOUN,,Parede de rocha polida
WALL.WOODEN.NOUN,,Parede de madeira
WEAPON.BATTLE.AXE,,
WEAPON.BATTLE.HAMMER,,
WEAPON.BONE.ARROW.HEADS.NOUN,,
WEAPON.BONE.ARROW.HEADS.PLURAL,,
WEAPON.BONE.ARROWS.NOUN,,
WEAPON.BONE.ARROWS.PLURAL,,
WEAPON.BOW,,
WEAPON.CROSSBOW,,
WEAPON.METAL.ARROW.HEADS.NOUN,,
WEAPON.METAL.ARROW.HEADS.PLURAL,,
WEAPON.METAL.ARROWS.NOUN,,
WEAPON.METAL.ARROWS.PLURAL,,
WEAPON.METAL.BOLTS.NOUN,,
WEAPON.METAL.BOLTS.PLURAL,,
WEAPON.METAL.SHIELD,,
WEAPON.NONE,,
WEAPON.NO_ARMOUR,,
WEAPON.NO_SHIELD,,
WEAPON.SWORD,,
WEAPON.UNARMED,,
WEAPON.WOODEN.SHIELD,,
WEATHER.TYPE.CLOUDY,,
WEATHER.TYPE.COLD_WINDS,,
WEATHER.TYPE.PERFECT,,
WEATHER.TYPE.RAIN,,
WEATHER.TYPE.SNOW,,
WEATHER.TYPE.THUNDERSTORM,,
WOOD.ASPEN.ADJECTIVE,,
WOOD.ASPEN.NOUN,,
WOOD.BAOBAB.ADJECTIVE,,
WOOD.BAOBAB.NOUN,,
WOOD.BARKSHROOM.ADJECTIVE,,
WOOD.BARKSHROOM.NOUN,,
WOOD.BEECH.ADJECTIVE,,de faia
WOOD.BEECH.NOUN,,de faia
WOOD.BIRCH.ADJECTIVE,,de bétula
WOOD.BIRCH.NOUN,,de bétula
WOOD.EBONY.ADJECTIVE,,
WOOD.EBONY.NOUN,,
WOOD.FIR.ADJECTIVE,,de abeto
WOOD.FIR.NOUN,,de abeto
WOOD.FUNGIWOOD.ADJECTIVE,,
WOOD.FUNGIWOOD.NOUN,,
WOOD.IRONWOOD.ADJECTIVE,,
WOOD.IRONWOOD.NOUN,,
WOOD.MAPLE.ADJECTIVE,,de bordo
WOOD.MAPLE.NOUN,,de bordo
WOOD.NUYTSIA.ADJECTIVE,,
WOOD.NUYTSIA.NOUN,,
WOOD.OAK.ADJECTIVE,,de carvalho
WOOD.OAK.NOUN,,Carvalho
WOOD.PECAN.ADJECTIVE,,
WOOD.PECAN.NOUN,,
WOOD.PINE.ADJECTIVE,,de pinheiro
WOOD.PINE.NOUN,,de pinheiro
WOOD.RED_CEDAR.ADJECTIVE,,
WOOD.RED_CEDAR.NOUN,,
WOOD.RED_EMPEROR.ADJECTIVE,,
WOOD.RED_EMPEROR.NOUN,,
WOOD.ROSEWOOD.ADJECTIVE,,
WOOD.ROSEWOOD.NOUN,,
WOOD.SPRUCE.ADJECTIVE,,
WOOD.SPRUCE.NOUN,,
WOOD.STAR_PINE.ADJECTIVE,,
WOOD.STAR_PINE.NOUN,,
WOOD.SYCAMORE.ADJECTIVE,,
WOOD.SYCAMORE.NOUN,,
