KEY,NOTES,SIMPLIFIED CHINESE
ACTION.DRINK_FROM_RIVER,,河水
ACTION.JOB.BUTCHER_CREATURE,,屠宰
ACTION.JOB.CLEAR_GROUND,,正在清除{{targetPlant}}
ACTION.JOB.CONSTRUCT_FLOORING,,正在铺设地板
ACTION.JOB.CONSTRUCT_FURNITURE,,{{profession.verb}} {{targetDescription}}
ACTION.JOB.CONSTRUCT_MECHANISM,,正在安放机械装置
ACTION.JOB.CONSTRUCT_PIPING,,铺设管道
ACTION.JOB.CONSTRUCT_ROOFING,,建造屋顶
ACTION.JOB.CREATE_GENERIC,,正在生产{{targetDescription}}
ACTION.JOB.DECONSTRUCT,,正在移除{{targetDescription}}
ACTION.JOB.DECONSTRUCT_MECHANISM,,正在移除机械装置
ACTION.JOB.DECONSTRUCT_PIPING,,移除管道
ACTION.JOB.DECONSTRUCT_ROOFING,,移除屋顶
ACTION.JOB.DIGGING,,正在挖掘{{targetDescription}}
ACTION.JOB.DUMP_LIQUID_FROM_CONTAINER,,正在清空{{targetDescription}}
ACTION.JOB.EXTINGUISH_FLAMES,,正在灭火
ACTION.JOB.FILL_GRAVE,,正在填埋{{targetDescription}}
ACTION.JOB.FISHING,,钓鱼
ACTION.JOB.GENERIC,,{{profession.verb}} {{targetDescription}}
ACTION.JOB.HARVESTING,,正在收割{{targetPlant}}
ACTION.JOB.INNOCULATE_MUSHROOM_LOG,,正在注入菌种
ACTION.JOB.LOGGING,,{{profession.verb}} {{targetPlant}}
ACTION.JOB.PLANTING,,正在种植{{requiredItem}}
ACTION.JOB.REMOVE_PESTS_FROM_CROP,,正在为{{targetPlant}}除虫
ACTION.JOB.SHOVELLING,,正在铲{{targetDescription}}
ACTION.JOB.TILLING,,正在耕地
ACTION.JOB.TRANSFER_LIQUID,,正在填装{{targetDescription}}
ACTION.KNOCKED_UNCONSCIOUS,,失去知觉
ACTION.MALTING.VERB,,制作麦芽
ACTION.PREPARATION.VERB,,准备
ACTION.SELECT_JOB.DESCRIPTION,,正在找活儿做
ACTION.SLEEP_ON_FLOOR.DESCRIPTION,,在{{tileDescription}}上睡觉
ACTION.STUNNED,,昏迷
ARMOUR.LEATHER,,皮甲
ARMOUR.LEATHER.TOOLTIP,,轻便、简易的防具，能在战斗中保护你。
ARMOUR.ORC.HEAVY,,兽人盔甲
ARMOUR.ORC.LIGHT,,兽人皮甲
ARMOUR.PLATE,,板甲
ARMOUR.PLATE.TOOLTIP,,厚重的防具，能在战斗中提供极强的防御。
ASHES.NOUN,,灰烬
BODY_STRUCTURE.ABDOMEN,,腹部
BODY_STRUCTURE.ARM,,胳膊
BODY_STRUCTURE.CEPHALOTHORAX,,头胸部
BODY_STRUCTURE.DAMAGE.BLEEDING,,流血
BODY_STRUCTURE.DAMAGE.BROKENBONES,,断裂
BODY_STRUCTURE.DAMAGE.BRUISED,,擦伤
BODY_STRUCTURE.DAMAGE.DESTROYED,,摧毁
BODY_STRUCTURE.DAMAGE.NOT_INJURED,,未受伤
BODY_STRUCTURE.DISCRIMINATOR.BACKLEFT,,左后
BODY_STRUCTURE.DISCRIMINATOR.BACKRIGHT,,右后
BODY_STRUCTURE.DISCRIMINATOR.FIRSTLEFT,,左一
BODY_STRUCTURE.DISCRIMINATOR.FIRSTRIGHT,,右一
BODY_STRUCTURE.DISCRIMINATOR.FOURTHLEFT,,左四
BODY_STRUCTURE.DISCRIMINATOR.FOURTHRIGHT,,右四
BODY_STRUCTURE.DISCRIMINATOR.FRONTLEFT,,左前
BODY_STRUCTURE.DISCRIMINATOR.FRONTRIGHT,,右前
BODY_STRUCTURE.DISCRIMINATOR.LEFT,,左
BODY_STRUCTURE.DISCRIMINATOR.RIGHT,,右
BODY_STRUCTURE.DISCRIMINATOR.SECONDLEFT,,左二
BODY_STRUCTURE.DISCRIMINATOR.SECONDRIGHT,,右二
BODY_STRUCTURE.DISCRIMINATOR.THIRDLEFT,,左三
BODY_STRUCTURE.DISCRIMINATOR.THIRDRIGHT,,右三
BODY_STRUCTURE.FOOT,,脚
BODY_STRUCTURE.HAND,,手
BODY_STRUCTURE.HEAD,,头
BODY_STRUCTURE.HOOF,,蹄子
BODY_STRUCTURE.LEFT-ARM,,左臂
BODY_STRUCTURE.LEFT-HAND,,左手
BODY_STRUCTURE.LEG,,腿
BODY_STRUCTURE.ORGAN.BRAIN,,大脑
BODY_STRUCTURE.ORGAN.EYE,,眼
BODY_STRUCTURE.ORGAN.HEART,,心脏
BODY_STRUCTURE.ORGAN.INTESTINES,,内脏
BODY_STRUCTURE.ORGAN.KIDNEY,,肾
BODY_STRUCTURE.ORGAN.LUNG,,肺
BODY_STRUCTURE.ORGAN_DAMAGE.DESTROYED,,摧毁
BODY_STRUCTURE.ORGAN_DAMAGE.HEAVY,,重伤：
BODY_STRUCTURE.ORGAN_DAMAGE.LIGHT,,轻伤：
BODY_STRUCTURE.PAW,,爪子
BODY_STRUCTURE.RIGHT-ARM,,右臂
BODY_STRUCTURE.RIGHT-HAND,,右手
BODY_STRUCTURE.TORSO,,胸
BODY_STRUCTURE.TRUNK,,躯干
BONE.BONE,,骨头
CARCASS.CARP.PREPARED.NOUN,,鲤鱼柳
CARCASS.CARP.PREPARED.PLURAL,,鲤鱼柳
CARCASS.GROUP,,尸体
CARCASS.HIDE.NOUN,,隐藏
CARCASS.HIDE.PLURAL,,隐藏
CARCASS.MEAT.LARGE,,肉（大）
CARCASS.MEAT.MEDIUM,,肉（中）
CARCASS.MEAT.SMALL,,肉（小）
CARCASS.PERCH.PREPARED.NOUN,,鲈鱼柳
CARCASS.PERCH.PREPARED.PLURAL,,鲈鱼柳
CARCASS.PIKE.PREPARED.NOUN,,梭鱼柳
CARCASS.PIKE.PREPARED.PLURAL,,梭鱼柳
CLOTH.BRONZED_HEMP,,火麻
CLOTH.HEMP-LINEN,,火麻
CLOTH.LIGHT_HEMP,,火麻
CLOTH.TOBACCO_CLOTH,,
COMBAT.DAMAGE_TYPE.CRUSHING,,
COMBAT.DAMAGE_TYPE.SLASHING,,
COMBAT.DAMAGE_TYPE.STABBING,,
COMBAT.DESCRIPTION.FLEEING,,逃离战斗
COMBAT.DESCRIPTION.GENERIC,,正在战斗
COMBAT.DESCRIPTION.VERSUS_OPPONENT,,正在与{{targetDescription}}战斗
CONSTRUCTION.DESCRIPTION,,建造{{materialType.adjective}} {{furnitureType.noun}}
CONSTRUCTION.REQUIREMENT_ALLOCATION,,{{numRequired}}需要{{\n}}{{numAvailable}} 可用{{\n}}{{numAssigned}}已分配
CONSTRUCTION.REQUIREMENT_RECIPE_MULTIPLE,,{{outputItemType}}由{{profession}}在{{furnitureType}}加工{{inputItemTypes}}和{{lastInputItemType}}而成。
CONSTRUCTION.REQUIREMENT_RECIPE_SINGULAR,,{{outputItemType}}由{{profession}}在{{furnitureType}}加工{{lastInputItemType}}而成。
CONSTRUCTION.STATUS.CLEARING_WORK_SITE,,正在移除其他物品
CONSTRUCTION.STATUS.CLEARING_WORK_SITE.TOOLTIP,,需要清除此家具建造区，否则无法继续。
CONSTRUCTION.STATUS.SELECTING_MATERIALS,,等待更多的{{materialType}} {{itemDescription.plural}}
CONSTRUCTION.STATUS.WAITING_FOR_COMPLETION,,正在施工
CONSTRUCTION.STATUS.WAITING_FOR_RESOURCES,,等待资源到达
COOKING.BREAD.DESCRIPTION,,{{materialDescription}}面包
COOKING.DUAL_INGREDIENT.DESCRIPTION,,{{materialOne}}和{{materialTwo}}
COOKING.RATION.DESCRIPTION,,{{materialDescription}}配给粮
COOKING.SOUP.DESCRIPTION,,{{materialDescription}}汤食
COOKING.TRIPLE_INGREDIENT.DESCRIPTION,,{{materialOne}}，{{materialTwo}}和{{materialThree}}
CRAFTING_TYPE.BAKING,,烘焙
CRAFTING_TYPE.BLACKSMITHING,,锻造
CRAFTING_TYPE.BONE_CRAFTING,,骨头制作
CRAFTING_TYPE.CARPENTRY,,木工
CRAFTING_TYPE.CARVING_VERB,,雕刻
CRAFTING_TYPE.COKE_OVEN_BAKING,,炼焦
CRAFTING_TYPE.FERMENTING,,发酵
CRAFTING_TYPE.FINE_DETAIL_CRAFTING,,打磨细节
CRAFTING_TYPE.FLETCHING,,制箭
CRAFTING_TYPE.LEATHERWORKING,,制革
CRAFTING_TYPE.MALTING,,制作麦芽
CRAFTING_TYPE.MALT_MASHING,,糖化
CRAFTING_TYPE.MILLING,,磨粉
CRAFTING_TYPE.MINTING,,铸造
CRAFTING_TYPE.ORE_CRUSHING,,碎石
CRAFTING_TYPE.SMELTING,,熔炼
CRAFTING_TYPE.STONEMASONRY,,石雕
CRAFTING_TYPE.TANNING_HIDE,,鞣革
CRAFTING_TYPE.WEAPONSMITHING,,武器锻造
CRAFTING_TYPE.WEAVING,,纺织
CRAFTING_TYPE.WOODCUTTING,,伐木
CRAFTING_TYPE.WORT_BREWING,,酿制
CREATURE.DAMAGE.DESCRIPTION_A,,{{damageType}} {{bodyPart}}
CREATURE.DAMAGE.DESCRIPTION_B,,{{damageType}} {{discriminator}} {{bodyPart}}
CREATURE.DESCRIPTION,,{{gender.adjective}} {{race.noun}}
CREATURE.STATUS.BLINDED,,失明
CREATURE.STATUS.DEAD,,死亡
CROP.AFFLICTED_BY_PESTS,,虫害
CROP.AFFLICTED_BY_PESTS.TOOLTIP,,该农作物的虫害情况非常严重，需要{{PROFESSION.FARMER}}为其除虫，否则将会影响生长。若不及时除害，农作物甚至可能会死亡！
CROP.DESCRIPTION,,{{materialType.noun}}植物
CROP.HARVEST_PROGRESS,,距收获的进度({{progress}}%):
CROP.MOISTURE_STATE.DROUGHTED,,该植物由于长时间缺水，已经停止生长
CROP.MOISTURE_STATE.NEEDS_WATERING,,该植物由于没有浇水而生长缓慢
CROP.MOISTURE_STATE.NEEDS_WATERING.TOOLTIP,,你可以用水渠灌溉农作物
CROP.MOISTURE_STATE.WATERED,,近期已浇灌该植物，长势迅猛
DEATH_REASON.BURNING,,燃烧
DEATH_REASON.CRITICAL_ORGAN_DAMAGE,,严重器官损伤
DEATH_REASON.CRUSHED_BY_FALLING_DEBRIS,,崩塌
DEATH_REASON.DEHYDRATION,,脱水
DEATH_REASON.EXHAUSTION,,力竭
DEATH_REASON.EXTENSIVE_INJURIES,,重伤
DEATH_REASON.FOOD_POISONING,,食物中毒
DEATH_REASON.FROZEN,,受冻
DEATH_REASON.GIVEN_UP_ON_LIFE,,放弃生活
DEATH_REASON.INTERNAL_BLEEDING,,内出血
DEATH_REASON.KILLED_BY_ENTITY,,在战斗中受伤
DEATH_REASON.MURDERED.UNKNOWN_KILLER,,
DEATH_REASON.STARVATION,,饥饿
DEATH_REASON.SUFFOCATION,,窒息
DEATH_REASON.UNKNOWN,,神秘环境
EARTH.DIRT,,泥土
EARTH.GRASS,,青草
EFFECT.FIRE,,
ENTITY.DESTRUCTION_DESCRIPTION.BURNED,,毁于一场大火
ENTITY.DESTRUCTION_DESCRIPTION.COMBAT_DAMAGE,,在战斗中被摧毁
ENTITY.DESTRUCTION_DESCRIPTION.OXIDISED,,由于长期日晒雨淋损坏了
FACTION.HOSTILE_INVASION,,
FACTION.MERCHANTS,,商人
FACTION.MONSTERS,,怪物
FACTION.PIRATES,,
FACTION.SETTLEMENT,,
FACTION.SETTLEMENT.ANIMAL,,驯养动物
FACTION.WILD_ANIMALS,,野生动物
FLOOR.CHANNEL.DESCRIPTION,,灌溉渠
FLOOR.CHANNEL.DESCRIPTION.TOOLTIP,,灌溉渠能为2格内的农作物提供水源。建造水泵，然后用管道连接灌溉渠。
FLOOR.CHANNEL.STATE.EMPTY,,空
FLOOR.CHANNEL.STATE.FULL,,满
FLOOR.CHANNEL.STATE.PARTIALLY_FILLED,,部分
FLOOR.COBBLESTONE,,鹅卵石
FLOOR.DESCRIPTION,,{{floorType.noun}}
FLOOR.DIRT,,泥土
FLOOR.GRASS,,青草
FLOOR.GRAVEL,,砂砾
FLOOR.PIPE.DESCRIPTION,,{{material}} 管道 ({{state}})
FLOOR.POWER.DESCRIPTION,,{{entity}} - 可用动能：{{powerAmount}}
FLOOR.RIVER,,河流
FLOOR.ROUGH_STONE,,粗糙的石地
FLOOR.SNOW,,积雪
FLOOR.STONE_PAVING,,石头路
FLOOR.STONE_SLAB,,石板
FLOOR.TILLED_EARTH,,耕土
FLOOR.UNEXPLORED,,未探索
FLOOR.WOODEN,,木地板
FOODSTUFF.ROCKBREAD,,石面包
FOODSTUFF.ROCKBREAD.TOOLTIP,,硬到难以下嘴的面包，经过非常久的时间后才会发霉。人类探险家J.A.莫法特称它的口感就像是“从沼泽里捞出来的砂砾”。幸好绝大多数矮人似乎并不在意。
FOODSTUFF.WHEAT-BREAD,,小麦
FUEL.SACK,,燃料
FUEL.SACK.TOOLTIP,,{{FURNITURE.BLOOMERY_FURNACE}}和{{FURNITURE.FORGE}}的金属生产工序需要用到燃料。
FURNITURE.ARCHERY_TARGET,,射垛
FURNITURE.ARCHERY_TARGET.TOOLTIP,,士兵能用来练习远程作战能力。
FURNITURE.ARMOUR_STAND,,盔甲架
FURNITURE.ARMOUR_STAND.TOOLTIP,,能用来存放盔甲。
FURNITURE.ARTISAN_WORKSTATION,,手工站
FURNITURE.ARTISAN_WORKSTATION.TOOLTIP,,{{PROFESSION.ARTISAN}}能在此处生产精密物品。
FURNITURE.BAKERS_WORKTOP,,面包房
FURNITURE.BAKERS_WORKTOP.TOOLTIP,,{{PROFESSION.CHEF}}的工作场所，他们能将{{RESOURCE.FLOUR.SACK.PLURAL}}做成{{INGREDIENT.DOUGH}}。
FURNITURE.BAKING_OVEN,,烤箱
FURNITURE.BAKING_OVEN.TOOLTIP,,经过{{PROFESSION.CHEF}}的辛勤劳动，{{INGREDIENT.DOUGH}}就变成了面包。
FURNITURE.BEER_TAPPER,,啤酒龙头
FURNITURE.BEER_TAPPER.STATE.BEER_AVAILABLE,,有啤酒可以饮用
FURNITURE.BEER_TAPPER.STATE.BEER_BARREL_INCOMING,,啤酒桶正在路上
FURNITURE.BEER_TAPPER.STATE.BEER_EXHAUSTED,,啤酒全都没了！
FURNITURE.BEER_TAPPER.STATE.IDLE,,闲置（无啤酒）
FURNITURE.BEER_TAPPER.TOOLTIP,,已经发酵的{{LIQUID.BEER}}流淌而出。
FURNITURE.BLOOMERY_FURNACE,,炼铁炉
FURNITURE.BLOOMERY_FURNACE.TOOLTIP,,{{PROFESSION.BLACKSMITH}}使用这种手动操作的熔炉将{{RESOURCE.ORE.CRUSHED.PLURAL}}和{{FUEL.SACK}}冶炼成{{RESOURCE.METAL.INGOT.PLURAL}}。
FURNITURE.BONE_CRAFTING_BENCH,,骨制品工作台
FURNITURE.BONE_CRAFTING_BENCH.TOOLTIP,,打造骨制品的地方。
FURNITURE.BREW_KETTLE,,酿造锅
FURNITURE.BREW_KETTLE.TOOLTIP,,这种器具能将{{VEGETABLE.HOPS}}和利用{{FURNITURE.MASH_TUN}}获得的麦芽汁做成未发酵的啤酒。
FURNITURE.BUTCHERY_WORKTOP,,屠宰台
FURNITURE.BUTCHERY_WORKTOP.TOOLTIP,,鱼类和动物骨肉经过处理后成为可食用的肉。
FURNITURE.BUYING_PALLET,,
FURNITURE.BUYING_PALLET.TOOLTIP,,
FURNITURE.CARPENTRY_WORKBENCH,,木工工作台
FURNITURE.CARPENTRY_WORKBENCH.TOOLTIP,,大多数的木制品和工具都产自这里，比如{{PRODUCT.BUCKET.PLURAL}}和{{PRODUCT.BARREL.PLURAL}}。
FURNITURE.CAULDRON,,坩埚
FURNITURE.CAULDRON.TOOLTIP,,盛汤用的器皿，可供许多饥饿的殖民者填饱肚子。汤食在{{ROOMS.KITCHEN}}制作，然后送往{{ROOMS.FEASTING_HALL}}。
FURNITURE.CHAIR,,椅子
FURNITURE.CHAIR.TOOLTIP,,
FURNITURE.CHARCOAL_CLAMP,,制炭垛
FURNITURE.CHARCOAL_CLAMP.TOOLTIP,,用{{MATERIAL_TYPE.EARTH}}盖在成堆的{{RESOURCE.LOGS.PLURAL}}上面，经过慢慢的燃烧能生成{{ORE.CHARCOAL.NOUN}}，然后可以当作{{FUEL.SACK}}使用。
FURNITURE.COKE_OVEN,,炼焦炉
FURNITURE.COKE_OVEN.TOOLTIP,,炼焦炉能将{{ORE.BITUMINOUS_COAL.NOUN}}转化成{{ORE.COKE.NOUN}}，从而可以当做{{FUEL.SACK}}使用。
FURNITURE.DESCRIPTION,,{{materialType.adjective}} {{furnitureType.noun}}
FURNITURE.DESCRIPTION.GENERIC_PROGRESS,,完成进度：{{progress}}%
FURNITURE.DESCRIPTION.MUSHROOM_INNOCULATION_IN_PROGRESS,,距离完全接种：{{progress}}%
FURNITURE.DESCRIPTION.SHOCKING_IN_PROGRESS,,进度：{{progress}}%
FURNITURE.DESCRIPTION.WAITING_FOR_ITEM,,等待{{itemType.noun}}
FURNITURE.DESCRIPTION.WAITING_FOR_LIQUID,,等待填充
FURNITURE.DESCRIPTION.WAITING_FOR_MUSHROOM_SPAWN,,等待注入菌种
FURNITURE.DOUGH_PROOFING_TABLE,,发酵台
FURNITURE.DOUGH_PROOFING_TABLE.TOOLTIP,,{{FURNITURE.BAKERS_WORKTOP}}制作的生面团会储存于此处，然后再送到{{FURNITURE.BAKING_OVEN}}。
FURNITURE.EXPORT_PALLET,,出口托板
FURNITURE.EXPORT_PALLET.TOOLTIP,,决定从房间运出的物品。
FURNITURE.FEASTING_TABLE,,宴会桌
FURNITURE.FEASTING_TABLE.TOOLTIP,,再加上{{FURNITURE.CHAIR}}，你的殖民者们就可以在桌子前享用食物了。
FURNITURE.FERMENTATION_TANK,,发酵罐
FURNITURE.FERMENTATION_TANK.TOOLTIP,,{{LIQUID.HOPPED_WORT}}发酵成{{LIQUID.BEER}}的容器。
FURNITURE.FISH_BARREL,,鱼桶
FURNITURE.FISH_BARREL.TOOLTIP,,储存鱼的容器，既整洁，又便于之后用作烹饪。
FURNITURE.FLETCHERS_WORKBENCH,,制箭台
FURNITURE.FLETCHERS_WORKBENCH.TOOLTIP,,用来制作远程武器和弹药的工作台。
FURNITURE.FLOUR_MILL,,磨坊
FURNITURE.FLOUR_MILL.TOOLTIP,,磨坊能将{{VEGETABLE.WHEAT}}磨碎成{{PROFESSION.CHEF}}使用的{{RESOURCE.FLOUR.SACK.NOUN}}。
FURNITURE.FORGE,,锻造间
FURNITURE.FORGE.TOOLTIP,,{{PROFESSION.BLACKSMITH}}将{{RESOURCE.METAL.INGOT.PLURAL}}和{{FUEL.SACK}}制作武器和其他物品的地方。
FURNITURE.GRAVE,,坟墓
FURNITURE.GRAVE.TOOLTIP,,匆匆挖掘的坟墓，仅可在{{MATERIAL_TYPE.EARTH}}。
FURNITURE.HITCHING_POST,,拴马柱
FURNITURE.HITCHING_POST.TOOLTIP,,来访的商人可以把马车停于此处。
FURNITURE.IMPORT_PALLET,,进口托板
FURNITURE.IMPORT_PALLET.TOOLTIP,,决定运进房间的物品。
FURNITURE.INVADER_CAMPFIRE,,营火
FURNITURE.KITCHEN_WORKTOP,,厨房台面
FURNITURE.KITCHEN_WORKTOP.TOOLTIP,,{{PROFESSION.CHEF}}摆放做汤用的食材的地方。
FURNITURE.LANTERN,,提灯
FURNITURE.LANTERN.TOOLTIP,,便携式的灯具，游戏内尚未实装效果。
FURNITURE.LEATHERWORKING_STATION,,制皮台
FURNITURE.LEATHERWORKING_STATION.TOOLTIP,,用来生产皮制品的工作台，比如防具和水袋。
FURNITURE.LEDGER_TABLE,,账簿桌
FURNITURE.LEDGER_TABLE.TOOLTIP,,{{ROOMS.TRADING_DEPOT}}的标志性设施。目前在游戏内暂无效果。
FURNITURE.LOOM,,织布机
FURNITURE.LOOM.TOOLTIP,,制作布料的工具，比如把{{RESOURCE.HEMP.FIBRE.BUNDLE.PLURAL}}加工成{{PRODUCT.LINEN.NOUN}}。
FURNITURE.MALTING_STATION,,麦芽屋
FURNITURE.MALTING_STATION.TOOLTIP,,酿酒师在这里将大麦浸泡在水中，等待出芽后迅速地加热干燥，最后就能获得麦芽了。 
FURNITURE.MASH_TUN,,糖化桶
FURNITURE.MASH_TUN.TOOLTIP,,用它能将磨碎的麦芽和水制作成麦芽汁（未发酵的啤酒）
FURNITURE.MUSHROOM_LOG,,蘑菇木
FURNITURE.MUSHROOM_LOG.TOOLTIP,,增添了{{INGREDIENT.MUSHROOM.SPAWN.PLURAL}}的原木，能用来培养美味、多汁的蘑菇。
FURNITURE.MUSHROOM_SHOCK_TANK,,刺激培养箱
FURNITURE.MUSHROOM_SHOCK_TANK.TOOLTIP,,接种后的{{FURNITURE.MUSHROOM_LOG}}放在培养箱内刺激菌落，促成它长成蘑菇。
FURNITURE.ORE_CRUSHING_STATION,,碎矿处理站
FURNITURE.ORE_CRUSHING_STATION.TOOLTIP,,原生的{{RESOURCE.ORE.UNREFINED.PLURAL}}经过处理后变成较小的尺寸，以便经过{{FURNITURE.BLOOMERY_FURNACE}}继续加工处理。
FURNITURE.PILLAR,,支柱
FURNITURE.PILLAR.TOOLTIP,,支柱能有效的阻止挖空区的坍塌。如果没有支柱或其他支撑，7x7的挖空区最终必定会坍塌。
FURNITURE.RETTING_TANK,,沤麻池
FURNITURE.RETTING_TANK.TOOLTIP,,能将{{VEGETABLE.HEMP}}加工处理成火麻纤维，从而能制作成各种有用的材料。
FURNITURE.SARCOPHAGUS,,石棺
FURNITURE.SARCOPHAGUS.TOOLTIP,,这口精美的石制棺椁是殖民者最后的安息之处。
FURNITURE.SELLING_PALLET,,
FURNITURE.SELLING_PALLET.TOOLTIP,,
FURNITURE.SERVING_TABLE,,餐桌
FURNITURE.SERVING_TABLE.TOOLTIP,,{{FURNITURE.BAKING_OVEN}}烘焙的{{PRODUCT.BREAD.LOAF.PLURAL}}放在这里供所有人享用。
FURNITURE.SINGLE_BED,,床
FURNITURE.SINGLE_BED.TOOLTIP,,安逸睡觉用的家具。 
FURNITURE.SINGLE_DOOR,,门
FURNITURE.SINGLE_DOOR_FRAME,,门框
FURNITURE.SLEEPING_SPOT,,睡觉地点
FURNITURE.SLEEPING_SPOT.TOOLTIP,,殖民者睡在地上。不太舒服！
FURNITURE.STONEMASON_WORKBENCH,,石工工作台
FURNITURE.STONEMASON_WORKBENCH.TOOLTIP,,{{PROFESSION.STONEMASON}}处理{{MATERIAL_TYPE.STONE.ADJECTIVE}}资源的工作场所。
FURNITURE.TANNING_FRAME,,鞣革架
FURNITURE.TANNING_FRAME.TOOLTIP,,能把{{CARCASS.HIDE.PLURAL}}加工成{{PRODUCT.LEATHER.PLURAL}}。
FURNITURE.TRADE_BANNER,,横幅
FURNITURE.TRADE_BANNER.TOOLTIP,,用来装饰贸易站点的横幅。
FURNITURE.TRAINING_DUMMY,,训练假人
FURNITURE.TRAINING_DUMMY.TOOLTIP,,士兵能用来练习近战格斗能力。
FURNITURE.WAGON_PARKED,,马车
FURNITURE.WATERWHEEL,,水车
FURNITURE.WATERWHEEL.PLURAL,,水车
FURNITURE.WATERWHEEL.TOOLTIP,,通过{{PRODUCT.STONE.GEAR.PLURAL}}和轴为其他装置提供动力。必须建造在河流附近。
FURNITURE.WATER_BARREL,,水桶
FURNITURE.WATER_BARREL.TOOLTIP,,有了水桶，殖民者就无需寻找河水这类自然水资源饮用了。
FURNITURE.WATER_PUMP,,水泵
FURNITURE.WATER_PUMP.PLURAL,,水泵
FURNITURE.WATER_PUMP.TOOLTIP,,它能将河水运送至管道系统。
FURNITURE.WEAPON_RACK,,武器架
FURNITURE.WEAPON_RACK.TOOLTIP,,能用来存放武器。
FURNITURE.WELL,,水井
FURNITURE.WELL.TOOLTIP,,井能提供水资源，但必须与切实有效的管道系统相连。
FURNITURE.WINDMILL,,风车
FURNITURE.WINDMILL.PLURAL,,风车
FURNITURE.WINDMILL.TOOLTIP,,通过{{PRODUCT.STONE.GEAR.PLURAL}}和轴为其他装置提供动力。
FURNITURE.WOODCUTTERS_BENCH,,伐木台
FURNITURE.WOODCUTTERS_BENCH.TOOLTIP,,{{PROFESSION.WOODCUTTER}}在这里将{{RESOURCE.LOGS.PLURAL}}加工成{{RESOURCE.PLANKS.PLURAL}}。
GEM.AMETHYST.ADJECTIVE,,紫水晶
GEM.AMETHYST.NOUN,,紫水晶
GEM.AMETHYST.TOOLTIP,,紫色的水晶。古人相信它具有防止让人酩酊大醉的奇妙效果。因此，紫水晶在矮人文化中不太受欢迎。
GEM.AMMOLITE.ADJECTIVE,,斑彩石
GEM.AMMOLITE.NOUN,,斑彩石
GEM.AMMOLITE.TOOLTIP,,发乳光的稀有宝石，拥有红色向绿色转变的晕彩。它也被称为“狩猎石”，用它制作的首饰据说能给狩猎带去好运。
GEM.AQUAMARINE.ADJECTIVE,,海蓝宝石
GEM.AQUAMARINE.NOUN,,海蓝宝石
GEM.AQUAMARINE.TOOLTIP,,蓝色或海蓝色的绿柱石。有些人觉得它能保护免受海上的危险。因为有一位古老的魔法师曾用天和冰系魔法保护黑暗时代的贸易船。
GEM.BIXBITE.ADJECTIVE,,红绿柱石
GEM.BIXBITE.NOUN,,红绿柱石
GEM.BIXBITE.TOOLTIP,,一种非常稀有的宝石。常常会与其他红色的绿柱石混淆。
GEM.CINNABAR.ADJECTIVE,,朱砂
GEM.CINNABAR.NOUN,,朱砂
GEM.CINNABAR.TOOLTIP,,硫化汞矿物，深红的色调使其常见于珠宝首饰。同时也会用来生产染料。
GEM.CITRINE.ADJECTIVE,,黄水晶
GEM.CITRINE.NOUN,,黄水晶
GEM.CITRINE.TOOLTIP,,黄色的石英。它也是颜色最接近黄金的宝石，所以大多数矮人觉得黄水晶会带来好运。
GEM.DIAMOND.ADJECTIVE,,钻石
GEM.DIAMOND.NOUN,,钻石
GEM.DIAMOND.TOOLTIP,,世界上最硬的物质，也是七圣石中最重要的宝石。钻石是有着“灵”或“以太”之名的中立元素最凝练的形态。
GEM.EMERALD.ADJECTIVE,,祖母绿
GEM.EMERALD.NOUN,,祖母绿
GEM.EMERALD.TOOLTIP,,充满活力的绿柱石。据说在祖母绿上雕刻会导致大祸临头。祖母绿与生命元素及相关的魔法息息相关。
GEM.GARNET.ADJECTIVE,,石榴石
GEM.GARNET.NOUN,,石榴石
GEM.GARNET.TOOLTIP,,石榴石包含多种用作宝石的矿物，但颜色都呈现深红色。有些石榴石其实是火元素的凝聚形态。
GEM.JADE.ADJECTIVE,,玉
GEM.JADE.NOUN,,玉
GEM.JADE.TOOLTIP,,浅绿色的矿物，常用来雕琢成装饰品。此外，精灵会使用玉制作治疗肠胃疾病的药物。
GEM.JASPER.ADJECTIVE,,碧玉
GEM.JASPER.NOUN,,碧玉
GEM.JASPER.TOOLTIP,,不纯的石英品种，呈现的颜色较多，但最常见的为红色。由于碧玉的多样性，兽人很喜欢把它当做装饰品。
GEM.LABRADORITE.ADJECTIVE,,富拉玄武岩
GEM.LABRADORITE.NOUN,,富拉玄武岩
GEM.LABRADORITE.TOOLTIP,,这种矿物拥有很有特色的淡蓝色虹彩。更稀有的也会呈现其他的颜色。
GEM.LAPIS.ADJECTIVE,,天青石
GEM.LAPIS.NOUN,,天青石
GEM.LAPIS.TOOLTIP,,常用做珍贵宝石的湛蓝色矿物。
GEM.MAGNESITE.ADJECTIVE,,菱镁矿
GEM.MAGNESITE.NOUN,,菱镁矿
GEM.MAGNESITE.TOOLTIP,,能够打磨成珠子制作珠宝首饰的矿物。而且能够染成各种不同的颜色。
GEM.MOONSTONE.ADJECTIVE,,月长石
GEM.MOONSTONE.NOUN,,月长石
GEM.MOONSTONE.TOOLTIP,,人们认为岩石中的月光形成了这种宝石，因此深受精灵的喜爱。
GEM.MORGANITE.ADJECTIVE,,摩根石
GEM.MORGANITE.NOUN,,摩根石
GEM.MORGANITE.TOOLTIP,,呈现玫红色的绿柱石。在神话时代，一名腰缠万贯的富人推广了这种宝石，它也因此得名。
GEM.OPAL.ADJECTIVE,,蛋白石
GEM.OPAL.NOUN,,蛋白石
GEM.OPAL.TOOLTIP,,蕴含海洋的魔力，因此深受水手和渔夫的喜爱。
GEM.PAINITE.ADJECTIVE,,红硅硼铝钙石
GEM.PAINITE.NOUN,,红硅硼铝钙石
GEM.PAINITE.TOOLTIP,,非常稀有的宝石，通常会被误以为颜色不佳的蓝宝石。天然的六方晶系，谋略家的最爱。
GEM.RHODOCHROSITE.ADJECTIVE,,红纹石
GEM.RHODOCHROSITE.NOUN,,红纹石
GEM.RHODOCHROSITE.TOOLTIP,,典型颜色为粉红色到红色。硬度不及许多宝石，因此不适合用来制作戒指和其他高强度珠宝首饰。
GEM.ROCK_CRYSTAL.ADJECTIVE,,水晶
GEM.ROCK_CRYSTAL.NOUN,,水晶
GEM.ROCK_CRYSTAL.TOOLTIP,,最纯粹的石英。由于水晶是凝练的冰元素，因此常见于各种魔法器具。
GEM.RUBY.ADJECTIVE,,红宝石
GEM.RUBY.NOUN,,红宝石
GEM.RUBY.TOOLTIP,,七圣石之一，凝练成固态的火焰元素。
GEM.SAPPHIRE.ADJECTIVE,,蓝宝石
GEM.SAPPHIRE.NOUN,,蓝宝石
GEM.SAPPHIRE.TOOLTIP,,人们普遍认为佩戴蓝宝石能避开邪魔，对于使用天和风系魔法的法师而言，这种宝石深受他们的追捧。
GEM.SPINEL.ADJECTIVE,,尖晶石
GEM.SPINEL.NOUN,,尖晶石
GEM.SPINEL.TOOLTIP,,经常会与红宝石和蓝宝石这类真正的圣石混淆，尖晶石可以与任何元素有关，视其颜色而定。
GEM.TANZANITE.ADJECTIVE,,坦桑石
GEM.TANZANITE.NOUN,,坦桑石
GEM.TANZANITE.TOOLTIP,,稀有的宝石，浓郁略带紫色调的蓝色。人们认为它是死亡神明的血肉形成的。
GEM.TOPAZ.ADJECTIVE,,黄玉
GEM.TOPAZ.NOUN,,黄玉
GEM.TOPAZ.TOOLTIP,,有时候容易与更常见的{{GEM.CITRINE.NOUN}}混淆，呈现的颜色较多，但最常见的为黄褐色。最初发现的地方是一座已经不复存在的岛屿。
GEM.TOURMALINE.ADJECTIVE,,电气石
GEM.TOURMALINE.NOUN,,电气石
GEM.TOURMALINE.TOOLTIP,,通常能在{{ORE.CASSITERITE.ADJECTIVE}}附近发现。它有时候与土系魔法有关。
GEM.TURQUOISE.ADJECTIVE,,绿松石
GEM.TURQUOISE.NOUN,,绿松石
GEM.TURQUOISE.TOOLTIP,,蓝绿色的矿物，可作首饰。据说能为佩戴者带来好运。通常为它灌注土系元素。
GOAL.ABANDON_JOB.DESCRIPTION,,放弃任务
GOAL.ADD_TO_INVENTORY.DESCRIPTION,,正在采集{{targetDescription}}
GOAL.COMBAT.DESCRIPTION,,正在攻击{{targetDescription}}
GOAL.DRINK.DESCRIPTION,,正在饮用{{targetDescription}}
GOAL.DUMP_LIQUID.DESCRIPTION,,正在清空{{targetDescription}}
GOAL.EAT.DESCRIPTION,,正在吃{{targetDescription}}
GOAL.EXTINGUISH_FIRE.DESCRIPTION,,正在灭火
GOAL.FLEE_FROM_AGGRESSOR.DESCRIPTION,,正在逃离{{targetDescription}}
GOAL.HAULING.DESCRIPTION,,正在搬运{{targetDescription}}
GOAL.IDLE.DESCRIPTION,,闲置
GOAL.INVADER.CREATE_CAMP.DESCRIPTION,,正在搭建营地
GOAL.INVADER.RETREAT.DESCRIPTION,,正在撤离地图
GOAL.INVADER.STEAL_RESOURCES.DESCRIPTION,,正在劫掠仓库
GOAL.MILITARY.ATTACK_TARGET.DESCRIPTION,,正在奔赴战斗
GOAL.MILITARY.STAND_IN_FORMATION.DESCRIPTION,,正在防守
GOAL.MILITARY.TRAINING.DESCRIPTION,,正在训练武器
GOAL.ON_FIRE.DESCRIPTION,,着火了！
GOAL.REFILL_WATERSKIN.DESCRIPTION,,正在装水
GOAL.SLEEP.DESCRIPTION,,去睡觉
GOAL.TRANSFER_LIQUID.DESCRIPTION,,正在转移{{targetZoneMaterial}}
GUI.ADD_REMOVE_TILES,,添加/移除区格
GUI.ADD_TILES,,添加区格
GUI.AMBIENT_EFFECT_VOLUME,,环境氛围
GUI.AVAILABLE_PROGRESS_BAR,,可用{{item}}：
GUI.BACK_LABEL,,返回
GUI.BUILD.BRIDGE,,桥
GUI.BUILD.DOORS,,门
GUI.BUILD.FLOOR,,地板
GUI.BUILD.PILLARS,,柱子
GUI.BUILD.PIPING,,管道
GUI.BUILD.POWER,,动力
GUI.BUILD.ROOFING,,屋顶
GUI.BUILD.WALLS,,墙壁
GUI.BUILD_FURNITURE,,家具
GUI.BUILD_LABEL,,建造
GUI.CANCEL_LABEL,,取消
GUI.CHANGE_PROFESSION_LABEL,,更改职业
GUI.CHANGE_WEAPON_LABEL,,选择武器
GUI.COMBAT_LABEL,,战斗
GUI.CONSTRUCTION_LABEL,,建筑
GUI.CRAFTING_MANAGEMENT.MAINTAINING_TEXT,,维持
GUI.CRAFTING_MANAGEMENT.SUBTITLE,,{{craftingType}} ({{profession}})
GUI.CRAFTING_MANAGEMENT.TABLE.CRAFTED_WITH,,制作材料：
GUI.CRAFTING_MANAGEMENT.TABLE.ITEM,,物品
GUI.CRAFTING_MANAGEMENT.TABLE.MANAGEMENT,,
GUI.CRAFTING_MANAGEMENT.TABLE.MANAGEMENT.LIMIT,,
GUI.CRAFTING_MANAGEMENT.TABLE.MANAGEMENT.QUANTITY,,
GUI.CRAFTING_MANAGEMENT.TABLE.MANAGEMENT.QUANTITY.DECREMENT,,
GUI.CRAFTING_MANAGEMENT.TABLE.MANAGEMENT.QUANTITY.INCREMENT,,
GUI.CRAFTING_MANAGEMENT.TITLE,,制作
GUI.CRAFTING_MANAGEMENT.TOTAL_QUANTITY_ACTUAL,,目前总数：{{quantity}}
GUI.CRAFTING_MANAGEMENT.TOTAL_QUANTITY_HINT,,（总计{{quantity}}）
GUI.CREDITS.AND_YOU_TITLE,,
GUI.CREDITS.DEVELOPERS.CHARACTER_ART,,
GUI.CREDITS.DEVELOPERS.CONCEPT_ART,,
GUI.CREDITS.DEVELOPERS.ENVIRONMENT_ART,,
GUI.CREDITS.DEVELOPERS.LEAD_DESIGN,,
GUI.CREDITS.DEVELOPERS.LEAD_UI,,
GUI.CREDITS.DEVELOPERS.MUSIC,,
GUI.CREDITS.DEVELOPERS.MUSIC_ADDITIONAL,,
GUI.CREDITS.DEVELOPERS.PROGRAMMING,,
GUI.CREDITS.DEVELOPERS.SPECIAL_THANKS,,
GUI.CREDITS.FOUNDING_BACKERS_TITLE,,
GUI.CREDITS.PATREON_KICKSTARTER_TITLE,,
GUI.CREDITS.TRANSLATORS_TITLE,,
GUI.CROP_SELECTION,,农作物：
GUI.CROP_SELECTION.DESCRIPTION,,{{plantDescription}} - {{planting}} - {{usage}}
GUI.CROP_SELECTION.PLANTING_HINT.SEASONS_0,,无法种植
GUI.CROP_SELECTION.PLANTING_HINT.SEASONS_1,,在{{season1}}种植
GUI.CROP_SELECTION.PLANTING_HINT.SEASONS_2,,在{{season1}}或{{season2}}种植
GUI.CROP_SELECTION.PLANTING_HINT.SEASONS_3,,在{{season1}}，{{season2}}或{{season3}}种植
GUI.CROP_SELECTION.PLANTING_HINT.SEASONS_4,,全年种植
GUI.DATE_TIME_YEAR_LABEL,,{{timeOfDay}}，第{{dayNumber}}天，第{{year}}年
GUI.DAY_LABEL,,第{{dayNumber}}天
GUI.DECONSTRUCT_LABEL,,拆除
GUI.DIALOG.CANCEL_BUTTON,,取消
GUI.DIALOG.CONFIRM,,确认
GUI.DIALOG.CONFIRM_DELETE_SAVE,,确定删除{{name}}？
GUI.DIALOG.DISMISS,,遣散
GUI.DIALOG.ERROR_ROOM_NAME_ALREADY_EXISTS,,已存在相同名字的房间。
GUI.DIALOG.ERROR_SAVE_INCOMPATIBLE,,存档与游戏版本不兼容，无法加载。
GUI.DIALOG.ERROR_TITLE,,出现错误
GUI.DIALOG.ERROR_WHILE_LOADING,,加载游戏的时候出现了意外错误。
GUI.DIALOG.ERROR_WHILE_SAVING,,保存游戏的时候出现了意外错误。
GUI.DIALOG.HIDE_FURTHER_NOTIFICATIONS,,隐藏提示
GUI.DIALOG.INFO_TITLE,,信息
GUI.DIALOG.JUMP_TO,,前往地点
GUI.DIALOG.LANGUAGE_TRANSLATION_INCOMPLETE,,所选的本地化目前尚不完整，仍然有部分缺失。将使用备用的语言。
GUI.DIALOG.MOD_CHANGES_OUTSTANDING,,你已选择不同的MOD应用至游戏。重启游戏后会生效。
GUI.DIALOG.MOD_INCOMPATIBLE,,MOD与游戏版本不兼容，因此无效。你可以在MOD菜单中查看更新。
GUI.DIALOG.OK_BUTTON,,Ok
GUI.DIALOG.RENAME_ROOM_TITLE,,重命名房间
GUI.DIALOG.RENAME_SETTLER_TITLE,,重命名殖民者
GUI.DIALOG.RESTART_REQUIRED,,必须重启游戏让变更生效
GUI.DIALOG.SETTLEMENT_NAME_ALREADY_IN_USE,,你已经拥有殖民地为{{name}}的存档。开始新游戏将覆盖现有的存档。是否继续？
GUI.DIALOG.SETTLEMENT_NAME_NOT_SPECIFIED,,必须制定殖民地的名字。
GUI.DIALOG.STOCKPILE_MANAGEMENT.TITLE,,贮存处设置
GUI.EMBARK.DISCORD_LINK,,点击此处加入Discord频道
GUI.EMBARK.MAP_SEED,,随机种子
GUI.EMBARK.MAP_SIZE,,地图尺寸
GUI.EMBARK.MAP_SIZE.LARGE,,大
GUI.EMBARK.MAP_SIZE.MEDIUM,,中
GUI.EMBARK.MAP_SIZE.SMALL,,小
GUI.EMBARK.PEACEFUL_MODE,,和平模式
GUI.EMBARK.SETTLEMENT_NAME,,名称
GUI.EMBARK.START,,开始！
GUI.EMBARK.TITLE,,选择王国
GUI.EMPTY_CONTAINER_LABEL,,空
GUI.EMPTY_CONTAINER_LABEL.BEING_ACTIONED,,正在清空中。
GUI.EMPTY_CONTAINER_LABEL.HINT,,将此容器内的东西放在地上。
GUI.FURNITURE_ASSIGNED_TO,,分配给{{name}}
GUI.FURNITURE_BEING_REMOVED,,正在移除
GUI.FURNITURE_REQUIREMENT.ALL_MATERIALS,,{{amount}}可用
GUI.FURNITURE_REQUIREMENT.SPECIFIED_MATERIALS,,{{amount}} {{material}}可用
GUI.GRAPHICS.FULLSCREEN,,全屏
GUI.GRAPHICS.RESOLUTION,,分辨率
GUI.INVASION_LABEL,,入侵
GUI.ITEM.WEAPON_ARMOR_NEGATION_DESCRIPTION,,
GUI.ITEM.WEAPON_ATTACK_DESCRIPTION,,
GUI.KEY_BINDING.DEBUG_FRAME_BUFFER_0,,
GUI.KEY_BINDING.DEBUG_FRAME_BUFFER_1,,
GUI.KEY_BINDING.DEBUG_FRAME_BUFFER_2,,
GUI.KEY_BINDING.DEBUG_FRAME_BUFFER_3,,
GUI.KEY_BINDING.DEBUG_FRAME_BUFFER_4,,
GUI.KEY_BINDING.DEBUG_FRAME_BUFFER_5,,
GUI.KEY_BINDING.DEBUG_FRAME_BUFFER_6,,
GUI.KEY_BINDING.DEBUG_FRAME_BUFFER_7,,
GUI.KEY_BINDING.DEBUG_FRAME_BUFFER_8,,
GUI.KEY_BINDING.DEBUG_FRAME_BUFFER_9,,
GUI.KEY_BINDING.DEBUG_GAME_SPEED_SLOW,,
GUI.KEY_BINDING.DEBUG_GAME_SPEED_ULTRA_FAST,,
GUI.KEY_BINDING.DEBUG_HIDE_GUI,,
GUI.KEY_BINDING.DEBUG_SHOW_INDIVIDUAL_LIGHTING_BUFFERS,,
GUI.KEY_BINDING.DEBUG_SHOW_JOB_STATUS,,
GUI.KEY_BINDING.DEBUG_SHOW_LIQUID_FLOW,,
GUI.KEY_BINDING.DEBUG_SHOW_MENU,,
GUI.KEY_BINDING.DEBUG_SHOW_PATHFINDING_NODES,,
GUI.KEY_BINDING.DEBUG_SHOW_ZONES,,
GUI.KEY_BINDING.DEBUG_TOGGLE_FLOOR_OVERLAP_RENDERING,,
GUI.KEY_BINDING.FAST_PAN,,快速平移
GUI.KEY_BINDING.GAME_SPEED_FAST,,快游戏速度
GUI.KEY_BINDING.GAME_SPEED_FASTER,,更快游戏速度
GUI.KEY_BINDING.GAME_SPEED_FASTEST,,最快游戏速度
GUI.KEY_BINDING.GAME_SPEED_NORMAL,,普通游戏速度
GUI.KEY_BINDING.PAN_CAMERA_DOWN,,向下平移
GUI.KEY_BINDING.PAN_CAMERA_LEFT,,向左平移
GUI.KEY_BINDING.PAN_CAMERA_RIGHT,,向右平移
GUI.KEY_BINDING.PAN_CAMERA_UP,,向上平移
GUI.KEY_BINDING.PAUSE,,暂停
GUI.KEY_BINDING.QUICKLOAD,,快速加载
GUI.KEY_BINDING.QUICKSAVE,,快速保存
GUI.KEY_BINDING.ROTATE,,旋转
GUI.KEY_BINDING.ZOOM_IN,,放大
GUI.KEY_BINDING.ZOOM_OUT,,缩小
GUI.LEAVE_CROP_FALLOW,,无（休耕）
GUI.LOAD_GAME.TABLE.COPY_SEED,,
GUI.LOAD_GAME.TABLE.DATE_TIME,,上次修改
GUI.LOAD_GAME.TABLE.DELETE,,删除
GUI.LOAD_GAME.TABLE.GAME_TIME,,世界时间
GUI.LOAD_GAME.TABLE.PLAY,,开始游戏
GUI.LOAD_GAME.TABLE.SETTLEMENT_NAME,,名字
GUI.LOAD_GAME.TABLE.VERSION,,版本
GUI.LOAD_GAME.TITLE,,加载游戏
GUI.MAP_SEED.COPY_TO_CLIPBOARD,,复制到剪贴板
GUI.MAP_SEED_DISPLAY,,当前的地图种子： 
GUI.MECHANISM.SHAFT.HORIZONTAL,,水平
GUI.MECHANISM.SHAFT.VERTICAL,,垂直
GUI.MILITARY.DIALOG.ADD_SQUAD,,命名新分队
GUI.MILITARY.DIALOG.CHOOSE_EMBLEM,,为{{squadName}}选择队徽
GUI.MILITARY.DIALOG.RENAME_SQUAD,,重命名分队
GUI.MILITARY.DIALOG.SELECT_SQUAD,,分配至新分队
GUI.MILITARY.NEW_SQUAD,,新分队
GUI.MILITARY.ORDERS,,命令
GUI.MILITARY.ORDERS.ATTACK,,进攻
GUI.MILITARY.ORDERS.CANCEL_ATTACK,,取消进攻
GUI.MILITARY.ORDERS.GUARD,,防御
GUI.MILITARY.ORDERS.RETREAT,,撤退
GUI.MILITARY.ORDERS.TRAIN,,训练
GUI.MILITARY.REMOVE_SQUAD,,移除分队
GUI.MILITARY.REMOVE_SQUAD.DIALOG,,确定移除该分队？
GUI.MILITARY.SET_FORMATION,,设置阵型
GUI.MILITARY.SET_ORDERS,,下达命令
GUI.MILITARY.TAB.DWARVES,,矮人军队
GUI.MILITARY.TAB.SQUADS,,军事小队
GUI.MILITARY.TAB.TRAINED_CIVILIANS,,训练有素的平民
GUI.MINIMAP.LABEL,,小地图
GUI.MUSIC_VOLUME,,音乐
GUI.NEXT_LABEL,,下一个
GUI.NON_ROTATABLE_FURNITURE.HINT,,此家具在该游戏版本中无法旋转
GUI.OK_LABEL,,Ok
GUI.OPTIONS.AUDIO.TITLE,,声音设置
GUI.OPTIONS.GAMEPLAY.HIDE_TREES_OBSCURING_SETTLERS,,让遮挡殖民者的树木透明化
GUI.OPTIONS.GAMEPLAY.TITLE,,游戏设置 
GUI.OPTIONS.GAMEPLAY.USE_EDGE_SCROLLING,,当光标在屏幕边缘时滚动
GUI.OPTIONS.GAMEPLAY.ZOOM_TO_CURSOR,,缩放时是否基于光标所在位置
GUI.OPTIONS.GRAPHICS.FULLSCREENMODE.BORDERLESS_FULLSCREEN,,无边框
GUI.OPTIONS.GRAPHICS.FULLSCREENMODE.EXCLUSIVE_FULLSCREEN,,独占全屏
GUI.OPTIONS.GRAPHICS.FULLSCREENMODE.WINDOWED,,窗口化
GUI.OPTIONS.GRAPHICS.TITLE,,图像设置 
GUI.OPTIONS.GRAPHICS.WEATHER_EFFECTS,,天气效果
GUI.OPTIONS.GRAPHICS.WEATHER_EFFECTS_TOOLTIP,,显示天气效果，比如家具上的积雪
GUI.OPTIONS.KEY_BINDINGS,,按键绑定
GUI.OPTIONS.MISC.CRASH_REPORTING_ENABLED,,选择参与崩溃报告
GUI.OPTIONS.MISC.TITLE,,其他
GUI.OPTIONS.MISC.TUTORIAL_ENABLED,,从教程开始游戏
GUI.OPTIONS.RESET,,重置
GUI.OPTIONS.TAB.AUDIO,,声音
GUI.OPTIONS.TAB.GAMEPLAY,,游戏
GUI.OPTIONS.TAB.GRAPHICS,,图像
GUI.OPTIONS.TAB.MISC,,其他
GUI.OPTIONS.TAB.TWITCH,,Twitch
GUI.OPTIONS.TWITCH.ACCOUNT_LABEL,,Twitch账户：
GUI.OPTIONS.TWITCH.CODE_LABEL,,代码
GUI.OPTIONS.TWITCH.CONNECTED_LABEL,,已连接Twitch账户
GUI.OPTIONS.TWITCH.DISCONNECT,,断开连接
GUI.OPTIONS.TWITCH.DISCONNECTED_LABEL,,Twitch账户断开连接
GUI.OPTIONS.TWITCH.ENABLED,,开启Twitch整合
GUI.OPTIONS.TWITCH.GENERAL_ERROR,,连接Twitch时发生错误
GUI.OPTIONS.TWITCH.LINK_ACCOUNT_BUTTON,,关联Twitch账户
GUI.OPTIONS.TWITCH.PRIORITISE_SUBSCRIBERS,,优先订阅者
GUI.OPTIONS.TWITCH.SUBMIT_BUTTON,,提交
GUI.OPTIONS.TWITCH.TITLE,,Twitch整合
GUI.OPTIONS.TWITCH.VIEWERS_AS_SETTLERS,,将观众的名字为殖民者取名
GUI.OPTIONS.TWITCH.VIEWERS_LABEL,,{{numViewers}}观众
GUI.ORDERS.CHOP_WOOD,,伐木
GUI.ORDERS.CLEAR_GROUND,,清理
GUI.ORDERS.DIG_CHANNELS,,灌溉
GUI.ORDERS.DIG_CHANNELS.TOOLTIP,,使用该指令能在地面挖掘通渠。
GUI.ORDERS.EXTINGUISH_FLAMES,,灭火
GUI.ORDERS.EXTINGUISH_FLAMES.TOOLTIP,,使用该指令能扑灭燃烧的火焰。
GUI.ORDERS.HARVEST_PLANTS,,收割
GUI.ORDERS.HUNT,,狩猎
GUI.ORDERS.HUNT.TOOLTIP,,使用该指令选择狩猎的动物。
GUI.ORDERS.MINE,,挖矿
GUI.ORDERS_LABEL,,指令
GUI.PLACE_BRIDGE.HINT,,桥必须覆盖河流的两岸且规格不低于3x3
GUI.POWER_LABEL,,动力&水
GUI.POWER_WATER_INFO,,
GUI.PRIORITY_LABEL,,优先级
GUI.PRODUCTION_EXPORT.CHOOSE_ITEM_TYPE,,选择运出的物品
GUI.PRODUCTION_EXPORT.LIMIT.REACHED,,
GUI.PRODUCTION_IMPORT.CHOOSE_ITEM_TYPE,,选择运进的物品
GUI.REMOVE_LABEL,,移除
GUI.REMOVE_TILES,,移除区格
GUI.RESOURCE_MANAGEMENT.ALL_OF,,所有{{item}}
GUI.RESOURCE_MANAGEMENT.AVAILABLE,,可用
GUI.RESOURCE_MANAGEMENT.AVAILABLE_OF_TOTAL,,{{available}} / {{total}}可用
GUI.RESOURCE_MANAGEMENT.ITEM_ALLOCATION_PURPOSE.CONTENTS_TO_BE_DUMPED,,{{item}}已清空：
GUI.RESOURCE_MANAGEMENT.ITEM_ALLOCATION_PURPOSE.CONTENTS_TO_BE_DUMPED.PLURAL,,{{item}}已清空：
GUI.RESOURCE_MANAGEMENT.ITEM_ALLOCATION_PURPOSE.DUE_TO_BE_HAULED,,{{item}}在等待运送
GUI.RESOURCE_MANAGEMENT.ITEM_ALLOCATION_PURPOSE.DUE_TO_BE_HAULED.PLURAL,,{{item}}在等待运送
GUI.RESOURCE_MANAGEMENT.ITEM_ALLOCATION_PURPOSE.EQUIPPED,,{{item}}已被装备：
GUI.RESOURCE_MANAGEMENT.ITEM_ALLOCATION_PURPOSE.EQUIPPED.PLURAL,,{{item}}已被装备：
GUI.RESOURCE_MANAGEMENT.ITEM_ALLOCATION_PURPOSE.FOOD_ALLOCATION,,{{item}}被分配给
GUI.RESOURCE_MANAGEMENT.ITEM_ALLOCATION_PURPOSE.FOOD_ALLOCATION.PLURAL,,{{item}}被分配给
GUI.RESOURCE_MANAGEMENT.ITEM_ALLOCATION_PURPOSE.HAULING,,{{item}}在运送中：
GUI.RESOURCE_MANAGEMENT.ITEM_ALLOCATION_PURPOSE.HAULING.PLURAL,,{{item}}在运送中：
GUI.RESOURCE_MANAGEMENT.ITEM_ALLOCATION_PURPOSE.HELD_IN_INVENTORY,,{{item}}存放于：
GUI.RESOURCE_MANAGEMENT.ITEM_ALLOCATION_PURPOSE.HELD_IN_INVENTORY.PLURAL,,{{item}}存放于：
GUI.RESOURCE_MANAGEMENT.ITEM_ALLOCATION_PURPOSE.ON_FIRE,,{{item}}着火了
GUI.RESOURCE_MANAGEMENT.ITEM_ALLOCATION_PURPOSE.ON_FIRE.PLURAL,,{{item}}着火了
GUI.RESOURCE_MANAGEMENT.ITEM_ALLOCATION_PURPOSE.PLACED_FOR_CONSTRUCTION,,{{item}}已部署，等待修建
GUI.RESOURCE_MANAGEMENT.ITEM_ALLOCATION_PURPOSE.PLACED_FOR_CONSTRUCTION.PLURAL,,{{item}}已部署，等待修建
GUI.RESOURCE_MANAGEMENT.ITEM_ALLOCATION_PURPOSE.PRODUCTION_IMPORT,,{{item}}在进口托架上
GUI.RESOURCE_MANAGEMENT.ITEM_ALLOCATION_PURPOSE.PRODUCTION_IMPORT.PLURAL,,{{item}}在进口托架上
GUI.RESOURCE_MANAGEMENT.ITEM_ALLOCATION_PURPOSE.PRODUCTION_OUTPUT,,
GUI.RESOURCE_MANAGEMENT.ITEM_ALLOCATION_PURPOSE.PRODUCTION_OUTPUT.PLURAL,,
GUI.RESOURCE_MANAGEMENT.QUANTIFIED_ITEM,,{{quantity}} {{item}}
GUI.RESOURCE_MANAGEMENT.SEARCH,,搜索
GUI.RESOURCE_MANAGEMENT.SORT_BY,,排序
GUI.RESOURCE_MANAGEMENT.TITLE,,资源
GUI.RESOURCE_MANAGEMENT.TOTAL,,总共
GUI.RESOURCE_MANAGEMENT.UNALLOCATED_LABEL,,可用：{{count}}
GUI.ROOFING.ADD,,添加
GUI.ROOMS_LABEL,,房间
GUI.ROTATE_FURNITURE.HINT,,按R旋转家具
GUI.SAVING_PROMPT,,正在保存…
GUI.SELECT_WEAPON.LABEL,,选择武器
GUI.SETTINGS.LABEL,,设置
GUI.SETTLER_MANAGEMENT.CHOOSE_ARMOUR,,选择盔甲
GUI.SETTLER_MANAGEMENT.CHOOSE_SHIELD,,选择盾牌
GUI.SETTLER_MANAGEMENT.CHOOSE_WEAPON,,选择武器
GUI.SETTLER_MANAGEMENT.HAPPINESS,,{{happinessValue}}幸福度
GUI.SETTLER_MANAGEMENT.IMMIGRATION,,移民
GUI.SETTLER_MANAGEMENT.MAIN_HAND.STATUS,,无法使用主手。{{status}}
GUI.SETTLER_MANAGEMENT.OFF_HAND.STATUS,,无法使用副手。{{status}}
GUI.SETTLER_MANAGEMENT.OFF_HAND.TWO_HANDED_WEAPON,,{{weaponName}}需要双手使用
GUI.SETTLER_MANAGEMENT.POPULATION_STATISTICS,,平民人口 {{civilianCount}} (平民床铺 {{civilianBedCount}}) - 军人人口 {{militaryCount}} (军人床铺 {{militaryBedCount}}) - 总人数 {{populationCount}}
GUI.SETTLER_MANAGEMENT.PROFESSION.CIVILIAN,,平民
GUI.SETTLER_MANAGEMENT.PROFESSION.MILITARY,,军人
GUI.SETTLER_MANAGEMENT.PROFESSION.VILLAGER,,村民
GUI.SETTLER_MANAGEMENT.SEARCH,,搜索
GUI.SETTLER_MANAGEMENT.SORT.HAPPINESS,,幸福度
GUI.SETTLER_MANAGEMENT.SORT.MILITARY_CIVILIAN,,军人/平民
GUI.SETTLER_MANAGEMENT.SORT.NAME,,名字
GUI.SETTLER_MANAGEMENT.SORT.SKILL_LEVEL,,技能等级
GUI.SETTLER_MANAGEMENT.SORT_BY,,排序
GUI.SETTLER_MANAGEMENT.TITLE,,殖民者
GUI.SOUND_EFFECT_VOLUME,,声音效果
GUI.UI_SCALE,,UI缩放：
GUI.VIEW_MODE.DEFAULT,,默认视图
GUI.VIEW_MODE.JOB_PRIORITY,,优先级视图
GUI.VIEW_MODE.MECHANISMS,,动力视图
GUI.VIEW_MODE.PIPING,,管道视图
GUI.VIEW_MODE.ROOFING_INFO,,屋顶视图
GUI.VIEW_ROADMAP,,查看开发路线图
GUI.YEAR_LABEL,,第{{year}}年
HAPPINESS_MODIFIER.ALCOHOL_WITHDRAWAL,,戒酒
HAPPINESS_MODIFIER.ATE_NICELY_PREPARED_FOOD,,享用了美味的食物
HAPPINESS_MODIFIER.BLEEDING,,大量出血
HAPPINESS_MODIFIER.CARRIED_DEAD_BODY,,搬运尸体
HAPPINESS_MODIFIER.CAUGHT_IN_RAIN,,淋了雨
HAPPINESS_MODIFIER.DRANK_ALCOHOL,,喝醉了
HAPPINESS_MODIFIER.DRANK_FROM_RIVER,,饮用河水
HAPPINESS_MODIFIER.DYING_OF_HUNGER,,肚子饿了
HAPPINESS_MODIFIER.DYING_OF_THIRST,,严重脱水
HAPPINESS_MODIFIER.HAD_A_TANTRUM,,在乱发脾气
HAPPINESS_MODIFIER.NEW_SETTLEMENT_OPTIMISM,,对新的殖民地很乐观
HAPPINESS_MODIFIER.ON_FIRE,,严重烧伤
HAPPINESS_MODIFIER.POISONED,,中毒
HAPPINESS_MODIFIER.SAW_DEAD_BODY,,看到了死尸
HAPPINESS_MODIFIER.SLEEPING_IN_RAIN,,在雨中睡觉
HAPPINESS_MODIFIER.SLEEPING_IN_SNOW,,在雪中睡觉
HAPPINESS_MODIFIER.SLEPT_IN_BED,,在舒适的床上睡觉
HAPPINESS_MODIFIER.SLEPT_ON_GROUND,,在地上睡觉
HAPPINESS_MODIFIER.SLEPT_OUTSIDE,,以天为被
HAPPINESS_MODIFIER.TITLE,,幸福度：
HAPPINESS_MODIFIER.VERY_HUNGRY,,饥饿
HAPPINESS_MODIFIER.VERY_THIRSTY,,口渴
HAPPINESS_MODIFIER.VERY_TIRED,,极度疲惫
HAPPINESS_MODIFIER.WORKED_IN_ENCLOSED_ROOM,,在室内工作
HAPPINESS_MODIFIER.WORKED_IN_RAIN,,在雨中工作
HAULING.ASSIGNMENT.DESCRIPTION,,{{quantity}}分配给{{targetDescription}}
HINT.BUILD_PIPES.1,,你可以使用该视图在出入口之间铺设管道，灌溉渠同样如此。
HINT.BUILD_PIPES.2,,它们铺设在地底，所以务必保证殖民者能从侧边使用每个区格。
HINT.BUILD_PIPES.3,,拥有液体输入或输出的家具会以蓝色或绿色的图标标明。
HINT.BUILD_POWER.1,,使用该视图可以将需要动能的设施与用{{PRODUCT.STONE.GEAR.PLURAL}}和连接杆建造的机械装置相连。
HINT.BUILD_POWER.2,,它们铺设在地底，所以务必保证殖民者能从侧边使用每个区格。
HINT.BUILD_POWER.3,,需要或生产动能的建筑物会用红色或绿色的图标标明。
HINT.BUILD_ROOFING.1,,该视图能让你查看没有屋顶（浅蓝色）以及拥有屋顶（深褐色）的区格。
HINT.BUILD_ROOFING.2,,你可以使用{{GUI.ROOFING.ADD}}和{{GUI.CANCEL_LABEL}}功能将屋顶加入建造队列，还可以用{{GUI.DECONSTRUCT_LABEL}}拆除现有的屋顶区格。
HINT.BUILD_ROOFING.3,,屋顶只能在墙壁或{{FURNITURE.PILLAR}}的三格范围内建造。
HINT.BUTTON.BEGIN_TUTORIAL,,
HINT.BUTTON.DISABLE_ALL,,禁用所有提示
HINT.BUTTON.DISMISS,,遣散
HINT.BUTTON.HINTS_ONLY,,仅限提示。
HINT.BUTTON.NEXT,,下一个
HINT.OPEN_PRIORITY_MENU.1,,你可以使用此菜单更改工作和差事的优先级，分配的顺序按优先级处理。
HINT.OPEN_PRIORITY_MENU.2,,打开优先级菜单的时候，游戏中会显示图标，代表需要完成的任务或工作，或者以后会需要工作的房间、家具。
HINT.TOOL_DEPLETED.AXE1,,你的殖民地没有可以使用的{{TOOL.AXE}}了。殖民者们将无法砍伐树木。
HINT.TOOL_DEPLETED.AXE2,,使用{{FURNITURE.FORGE}}可以锻造斧头。如果没有{{FURNITURE.FORGE}}，你或许需要移除{{FURNITURE.WOODCUTTERS_BENCH}}。
HINT.TOOL_DEPLETED.CHISEL1,,你的殖民地没有可以使用的{{TOOL.CHISEL}}了。它是建造石材家具的必备工具。
HINT.TOOL_DEPLETED.CHISEL2,,使用{{FURNITURE.FORGE}}可以锻造凿子。如果没有{{FURNITURE.FORGE}}，你或许需要移除{{FURNITURE.STONEMASON_WORKBENCH}}。
HINT.TOOL_DEPLETED.PLANE1,,你的殖民地没有可以使用的{{TOOL.PLANE}}了。它是建造木材家具的必备工具。
HINT.TOOL_DEPLETED.PLANE2,,使用{{RESOURCE.PLANKS.NOUN}}即可在{{FURNITURE.CARPENTRY_WORKBENCH}}制造刨子。
HINT.TOOL_DEPLETED.SAW1,,你的殖民地没有可以使用的{{TOOL.SAW}}了。它是建造{{FURNITURE.WOODCUTTERS_BENCH}}或{{FURNITURE.CARPENTRY_WORKBENCH}}的必备工具。
HINT.TOOL_DEPLETED.SAW2,,使用{{FURNITURE.FORGE}}可以制造手锯。如果没有{{FURNITURE.FORGE}}，你或许需要移除{{FURNITURE.WOODCUTTERS_BENCH}}或{{FURNITURE.CARPENTRY_WORKBENCH}}。
HINT.WEAPON_SELECTION.1,,使用此界面可以为殖民者选择存放在背包的武器，以备不时之需。
HINT.WEAPON_SELECTION.2,,强烈建议将{{WEAPON.BOW}}或{{WEAPON.CROSSBOW}}这类远程武器分配给{{PROFESSION.HUNTER}}。
HINT.WEAPON_SELECTION.3,,尚未拥有的武器显示为红色。
HINT.WELCOME.NEXT_STEPS,,点击“教程”熟悉游戏的基础知识，“仅限提示”会跳过教程，但在游戏中会提供各类信息，“禁用所有提示”会不再显示这类信息。
HINT.WELCOME.PRE_SPAWN,,在地图上点击任意地点，然后点击'{{GUI.EMBARK.START}}'即可开始游戏。
HUMANOID.BROKEN.DESCRIPTION,,"{{name}}, {{madness.adjective}} {{race.noun}}"
HUMANOID.DESCRIPTION,,"{{name}}, {{race.adjective}} {{profession.noun}}"
INGREDIENT.DOUGH,,面团
INGREDIENT.FLOUR,,面粉
INGREDIENT.LOAF,,（条）
INGREDIENT.LOAF.PLURAL,,（条）
INGREDIENT.MALT.SACK.NOUN,,麦芽
INGREDIENT.MALT.SACK.TOOLTIP,,需要研磨后才能进行酿制。
INGREDIENT.MILLED.MALT.SACK.NOUN,,磨碎的麦芽
INGREDIENT.MILLED.MALT.SACK.TOOLTIP,,与水共同加入{{FURNITURE.MASH_TUN}}后能生产{{LIQUID.WORT}}。
INGREDIENT.MUSHROOM.SPAWN.NOUN,,菌种
INGREDIENT.MUSHROOM.SPAWN.PLURAL,,菌种
INGREDIENT.MUSHROOM.SPAWN.TOOLTIP,,也称为菌丝体，可以将它们比作在{{ROOMS.MUSHROOM_FARM}}用来培养蘑菇的“种子”。
INGREDIENT.SEEDS.NOUN,,种子
INGREDIENT.SEEDS.PLURAL,,种子
INGREDIENT.SEEDS.TOOLTIP,,类型合适的种子可以在{{ROOMS.FARM}}种植。另外还需要它们能通过{{STOCKPILE.GRANARY}}获得。
INGREDIENT.VEGETABLE.CRATE.NOUN,,蔬菜（箱）
INGREDIENT.VEGETABLE.CRATE.PLURAL,,蔬菜（箱）
INGREDIENT.VEGETABLE.SACK.NOUN,,蔬菜（袋）
INGREDIENT.VEGETABLE.SACK.PLURAL,,蔬菜（袋）
INVENTORY.CONTAINS.LABEL,,背包：
ITEM.AVAILABILITY.DESCRIPTION,,{{quantity}} {{materialType.adjective}} {{itemType.noun_or_plural}}可用
ITEM.DESCRIPTION,,{{quantity_if_multiple}}{{materialType.adjective}} {{itemType.noun_or_plural}}
ITEM.INGREDIENT.DESCRIPTION,,{{quantity_if_multiple}}{{materialType.noun_or_plural}}
ITEM.NONE_SELECTED,,未选择
ITEM.QUALITY.PREFIX.AWFUL.ADJECTIVE,,劣质
ITEM.QUALITY.PREFIX.AWFUL.TOOLTIP,,该物品质量低劣，难以使用，没有太大的价值。
ITEM.QUALITY.PREFIX.MASTERWORK.ADJECTIVE,,杰作
ITEM.QUALITY.PREFIX.MASTERWORK.TOOLTIP,,这件物品显然由大师级的工匠打造，各方面都相当不错。
ITEM.QUALITY.PREFIX.POOR.ADJECTIVE,,次品
ITEM.QUALITY.PREFIX.POOR.TOOLTIP,,这件物品造价低廉，使用它或许会略微受到影响。
ITEM.QUALITY.PREFIX.SUPERIOR.ADJECTIVE,,优秀
ITEM.QUALITY.PREFIX.SUPERIOR.TOOLTIP,,这件物品的制作工艺相当不错，因此价值珍贵，便于使用。
ITEM_GROUP.FUEL.PLURAL,,燃料
ITEM_GROUP.PRODUCT.PLURAL,,产品
ITEM_GROUP.RESOURCE.PLURAL,,资源
ITEM_GROUP.TOOL.PLURAL,,工具
LANGUAGE.LABEL,,语言
LIQUID.BEER.NOUN,,啤酒
LIQUID.BEER.TOOLTIP,,矮人的最爱，啤酒能让他们短时间内获得充足的幸福感。但唯一的问题是最终他们需要酒精渡过工作日。
LIQUID.HOPPED_WORT.NOUN,,麦芽汁（加酒花）
LIQUID.HOPPED_WORT.TOOLTIP,,未发酵啤酒的最终阶段，之后便可以放入{{FERMENTATION_TANK}}制作可以饮用的啤酒。
LIQUID.WATER.NOUN,,水
LIQUID.WORT.NOUN,,麦芽汁
LIQUID.WORT.TOOLTIP,,未发酵的啤酒，需要将{{VEGETABLE.HOPS}}添加至{{FURNITURE.BREW_KETTLE}}中增添风味，然后再进行发酵。
MADNESS.BROKEN.ADJECTIVE,,颓丧
MADNESS.BROKEN.TOOLTIP,,这名殖民者的情绪非常低落，已经到了崩溃的程度，无心工作，茶饭不思！ 
MATERIAL,,材料
MATERIAL_TYPE,,类型
MATERIAL_TYPE.ANY,,任意
MATERIAL_TYPE.CLOTH.ADJECTIVE,, 
MATERIAL_TYPE.CLOTH.NOUN,, 
MATERIAL_TYPE.EARTH.ADJECTIVE,,土制的
MATERIAL_TYPE.EARTH.NOUN,,泥土
MATERIAL_TYPE.FOODSTUFF.NOUN,,食物
MATERIAL_TYPE.GEM.NOUN,,宝石
MATERIAL_TYPE.METAL.ADJECTIVE,,金属
MATERIAL_TYPE.METAL.NOUN,,金属
MATERIAL_TYPE.ORE.NOUN,,矿石
MATERIAL_TYPE.OTHER.NOUN,,其他
MATERIAL_TYPE.ROPE.ADJECTIVE,, 
MATERIAL_TYPE.ROPE.NOUN,, 
MATERIAL_TYPE.SEED.NOUN,,种子
MATERIAL_TYPE.SKIN.ADJECTIVE,,
MATERIAL_TYPE.SKIN.NOUN,,
MATERIAL_TYPE.STONE.ADJECTIVE,,
MATERIAL_TYPE.STONE.NOUN,,石头
MATERIAL_TYPE.VEGETABLE.NOUN,,蔬菜
MATERIAL_TYPE.VITRIOL.ADJECTIVE,,硫酸盐
MATERIAL_TYPE.VITRIOL.NOUN,,硫酸盐
MATERIAL_TYPE.WOOD.ADJECTIVE,,木头
MATERIAL_TYPE.WOOD.NOUN,,木头
MEAT.BOAR_MEAT,,野猪
MEAT.CARP_MEAT.NOUN,,鲤鱼
MEAT.CARP_MEAT.PLURAL,,鲤鱼
MEAT.DEER_MEAT,,鹿
MEAT.DWARF_FLESH,,矮人血肉
MEAT.ELEPHANT_MEAT,,大象
MEAT.FOX_MEAT,,狐狸
MEAT.HORSE_MEAT,,
MEAT.PERCH_MEAT.NOUN,,鲈鱼
MEAT.PERCH_MEAT.PLURAL,,鲈鱼
MEAT.PIKE_MEAT.NOUN,,梭子鱼
MEAT.PIKE_MEAT.PLURAL,,梭子鱼
MECHANISM.FURNITURE.CONSUMING_POWER,,正在运转 - 消耗{{power}}动能
MECHANISM.FURNITURE.CRAFTING_STATION_REQUIRES_POWER,,缓慢运转 - 动能不足
MECHANISM.FURNITURE.CRAFTING_STATION_REQUIRES_POWER.TOOLTIP,,此家具需要与动力源相连，比如{{FURNITURE.WINDMILL}}或{{FURNITURE.WATERWHEEL}}。
MECHANISM.FURNITURE.PRODUCING_POWER,,正在运行 - 生产{{power}}动能
MECHANISM.FURNITURE.REQUIRES_OUTSIDE_PLACEMENT,,必须在室外才能正常运转
MECHANISM.FURNITURE.REQUIRES_POWER,,停用 - 动力不足
MECHANISM.FURNITURE.REQUIRES_POWER.TOOLTIP,,此家具需要与动力源相连，比如{{FURNITURE.WINDMILL}}或{{FURNITURE.WATERWHEEL}}。
MECHANISM.FURNITURE.REQUIRES_POWER_GRID,,停用 - 与地下动能网络连接
MECHANISM.FURNITURE.REQUIRES_POWER_GRID.TOOLTIP,,此家具需要地下动能连接 - 在{{GUI.BUILD_LABEL}}菜单中查看{{GUI.BUILD.POWER}}设置。
MECHANISM.STONE.GEAR.NOUN,,齿轮组件
MECHANISM.STONE.GEAR.TOOLTIP,,此装置能连接4个方向的机械动力。
MECHANISM.WOODEN.SHAFT.NOUN,,连接杆
MECHANISM.WOODEN.SHAFT.TOOLTIP,,木杆，能连接2个方向的机械动能。
MENU.CONTINUE_GAME,,继续游戏
MENU.CREDITS,,制作组
MENU.JOIN_DISCORD,,加入Discord
MENU.LINK_TWITCH_ACCOUNT,,关联Twitch账户
MENU.LOAD_GAME,,加载游戏
MENU.MODS,,MOD
MENU.NEW_GAME,,开始新游戏
MENU.OPTIONS,,设置
MENU.QUIT,,退出
MENU.SAVE_AND_QUIT,,保存&退出
MENU.SOURCE_CODE,,
MENU.TOGGLE_FULLSCREEN,,切换全屏
METAL.BRONZE.ADJECTIVE,,青铜
METAL.BRONZE.NOUN,,青铜
METAL.BRONZE.TOOLTIP,,铜和锡的合金。比铜更硬、更耐用。（合金尚未在游戏内实装）
METAL.COPPER.ADJECTIVE,,铜
METAL.COPPER.NOUN,,铜
METAL.COPPER.TOOLTIP,,自然界中就有{{ORE.NATIVE_COPPER.NOUN}}，通过熔炼{{ORE.MALACHITE.NOUN}}也可以轻松获得。铜具有非常广泛的用途，尤其是制作货币，但由于硬度不够，无法做出较好的武器。
METAL.COPPER_PATINA.ADJECTIVE,,铜
METAL.COPPER_PATINA.NOUN,,铜（绿锈）
METAL.COPPER_PATINA.TOOLTIP,,{{METAL.COPPER.TOOLTIP}}
METAL.DURALUMINIUM.ADJECTIVE,,
METAL.DURALUMINIUM.NOUN,,
METAL.DURALUMINIUM.TOOLTIP,,
METAL.GOLD.ADJECTIVE,,黄金
METAL.GOLD.NOUN,,黄金
METAL.GOLD.TOOLTIP,,金属中的王者。尽管并非最稀有或最珍贵，但依旧是大多数种族梦寐以求的东西，尤其是矮人。
METAL.IRON.ADJECTIVE,,铁
METAL.IRON.NOUN,,铁
METAL.IRON.TOOLTIP,,贫穷的军队没有铁资源。矮人的铁匠知道将它打造成{{METAL.STEEL.NOUN}}的秘诀。
METAL.PLATINUM.ADJECTIVE,,白金
METAL.PLATINUM.NOUN,,白金
METAL.PLATINUM.TOOLTIP,,银白色的金属，具有较强的抗腐蚀性。白金更加稀有，所以比{{METAL.GOLD.NOUN}}更加珍贵。
METAL.RUSTED_IRON.ADJECTIVE,,锈铁
METAL.RUSTED_IRON.NOUN,,铁锈
METAL.RUSTED_IRON.TOOLTIP,,铁长时间暴露在雨中会生锈。最终它会彻底衰败。
METAL.SILVER.ADJECTIVE,,白银
METAL.SILVER.NOUN,,白银
METAL.SILVER.TOOLTIP,,白银与{{METAL.GOLD.NOUN}}类似，通常熔炼成货币和条状用于交易。 
METAL.STEEL.ADJECTIVE,,钢
METAL.STEEL.NOUN,,钢
METAL.STEEL.TOOLTIP,,强度远胜于{{METAL.IRON.NOUN}}，制作精良武器和工具的材料。只有矮人掌握了冶炼钢的技术。
METAL.TIN.ADJECTIVE,,锡
METAL.TIN.NOUN,,锡
METAL.TIN.TOOLTIP,,熔炼{{ORE.CASSITERITE.NOUN}}可获得锡，与{{METAL.COPPER.NOUN}}混合熔化能生产{{METAL.BRONZE.NOUN}}。（合金尚未在游戏内实装）
MILITARY.FORMATION.COLUMN,,纵队 - 窄
MILITARY.FORMATION.COLUMN_DOUBLE,,纵队 - 宽
MILITARY.FORMATION.COLUMN_SINGLE,,纵队
MILITARY.FORMATION.GRID,,方格 - 窄
MILITARY.FORMATION.GRID_DOUBLE,,方格 - 宽
MILITARY.FORMATION.GRID_SINGLE,,方格
MILITARY.FORMATION.LINE,,线形 - 窄
MILITARY.FORMATION.LINE_DOUBLE,,线形 - 宽
MILITARY.FORMATION.LINE_SINGLE,,线形
MILITARY.SQUAD.DEFAULT_NAME,,小队
MILITARY.SQUAD.ORDER_DESCRIPTION.COMBAT,,战斗中
MILITARY.SQUAD.ORDER_DESCRIPTION.GUARDING,,防守中
MILITARY.SQUAD.ORDER_DESCRIPTION.OFF_DUTY,,未值勤
MILITARY.SQUAD.ORDER_DESCRIPTION.RETREATING,,撤退中
MILITARY.SQUAD.ORDER_DESCRIPTION.TRAINING,,训练中
MILITARY.SQUAD.SHIFT.DAYTIME,,日班
MILITARY.SQUAD.SHIFT.NIGHTTIME,,夜班
MODS.APPLY,,应用
MODS.BUTTON.BROWSE,,浏览MOD
MODS.BUTTON.REFRESH,,刷新
MODS.COMPATIBILITY.COMPATIBLE,,是
MODS.COMPATIBILITY.INCOMPATIBLE,,否
MODS.COMPATIBILITY.UNKNOWN,,未知
MODS.EMAIL_LOGIN.CHECK_EMAIL,,查看邮件中的验证码。如果未收到邮件，请检查垃圾箱。
MODS.EMAIL_LOGIN.CODE_LABEL,,6位数代码：
MODS.EMAIL_LOGIN.EMAIL,,输入邮箱即可收取验证码。
MODS.EMAIL_LOGIN.EMAIL_LABEL,,邮箱地址：
MODS.EMAIL_LOGIN.ERROR,,连接至服务器时发生错误。或许服务器已关闭，或许邮箱地址无效，或许你未连接至网络。
MODS.EMAIL_LOGIN.INFO,,若需要下载和更新MOD，必须连接至Mod.io平台。
MODS.EMAIL_LOGIN.REQUEST_CODE,,请求代码
MODS.EMAIL_LOGIN.SUBMIT_CODE,,提交
MODS.INCOMPATIBLE_VERSION_DESCRIPTION,,MOD的游戏版本({{modGameVersion}})与当前的游戏版本({{gameVersion}})不兼容
MODS.MISSING_HOMEPAGE_URL,,该MOD的创作者未列出网站
MODS.MISSING_MODS_DIALOG_TEXT,,该存档最近使用时应用了如下MOD。但现在缺失或禁用了这些MOD，导致无法正确加载存档。
MODS.MISSING_MODS_SAVE_EXCEPTION_DIALOG_TEXT,,无法加载存档，可能不兼容游戏版本，或部分MOD遭到禁用或移除。无法生效的MOD如下：
MODS.SYNC_IN_PROGRESS,,请等待MOD列表更新，此过程或许会需要数分钟的时间。
MODS.TABLE.COMPATIBILITY,,兼容
MODS.TABLE.ENABLED,,启用
MODS.TABLE.NAME,,名字
MODS.TABLE.ORDERING,,重新排序
MODS.TABLE.VERSION,,版本
MUSHROOM.DESCRIPTION,,{{materialType.noun}}
NEEDS.DRINK,,饮水
NEEDS.FOOD,,食物
NEEDS.SLEEP,,睡觉
NOTIFICATION.AREA_REVEALED.DESCRIPTION,,你的矿工发现了新区域！
NOTIFICATION.AREA_REVEALED.TITLE,,探索
NOTIFICATION.DEATH.DESCRIPTION,,{{character}}死于{{reason}}。
NOTIFICATION.DEATH.KILLED_BY_DESCRIPTION,,被{{killer}}杀死
NOTIFICATION.DEATH.SHORT_DESCRIPTION,,死因：{{reason}}
NOTIFICATION.DEATH.TITLE,,殖民者死亡
NOTIFICATION.FIRE_STARTED.DESCRIPTION,,你的殖民地发生了火灾！
NOTIFICATION.FIRE_STARTED.TITLE,,火！
NOTIFICATION.FISH_EXHAUSTED.DESCRIPTION,,由于过度捕鱼，河流中已经没有鱼了。你必须等到明年春天的产卵季。
NOTIFICATION.FISH_EXHAUSTED.TITLE,,捕捞过度
NOTIFICATION.GAME_OVER.DESCRIPTION,,万事万物都将迎来终结。你的殖民地已经荒废。
NOTIFICATION.GAME_OVER.TITLE,,游戏结束
NOTIFICATION.IMMIGRANTS_ARRIVED.DESCRIPTION,,殖民地的繁荣引来了许多新的外来移民，人口因此增长。
NOTIFICATION.IMMIGRANTS_ARRIVED.TITLE,,移民
NOTIFICATION.INVASION.DESCRIPTION,,一支兽人小队已经到达。做好迎战的准备！他们会在做好准备后发起攻势。
NOTIFICATION.INVASION.TITLE,,你遭到了入侵！
NOTIFICATION.MINING_COLLAPSE.DESCRIPTION,,由于缺少支柱或支撑，区域已坍塌。
NOTIFICATION.MINING_COLLAPSE.TITLE,,矿井坍塌
NOTIFICATION.OXIDISATION_DESTRUCTION.DESCRIPTION,,由于长期暴露在雨中，物品或家具已经损坏。\n诸如铁和钢的材料不应该长时间放在室外。
NOTIFICATION.OXIDISATION_DESTRUCTION.TITLE,,锈蚀
NOTIFICATION.PIRATE_INVASION.DESCRIPTION,,
NOTIFICATION.PIRATE_INVASION.TITLE,,
NOTIFICATION.ROOFING_COLLAPSE.DESCRIPTION,,由于缺少支柱或支撑，屋顶已坍塌。
NOTIFICATION.ROOFING_COLLAPSE.TITLE,,屋顶坍塌
NOTIFICATION.SETTLER_MENTAL_BREAK.DESCRIPTION,,折磨的艰难生活让{{character}}不堪重负。
NOTIFICATION.SETTLER_MENTAL_BREAK.TITLE,,精神崩溃
NOTIFICATION.SETTLER_STUCK.DESCRIPTION,,
NOTIFICATION.SETTLER_STUCK.TITLE,,
NOTIFICATION.SETTLER_TANTRUM.DESCRIPTION,,{{character}}变得闷闷不乐，在乱发脾气！
NOTIFICATION.SETTLER_TANTRUM.TITLE,,发脾气！
NOTIFICATION.TRADER_ARRIVED.DESCRIPTION,,他们将前往你的贸易站点做买卖。
NOTIFICATION.TRADER_ARRIVED.TITLE,,商人已经到达！
NOTIFICATION.TRADER_ARRIVED_NO_DEPOT.DESCRIPTION,,你必须建造贸易站点才能购买和出售货物。
NOTIFICATION.TRADER_ARRIVED_NO_DEPOT.TITLE,,商人已经到达！
ORE.BAUXITE.ADJECTIVE,,铝土矿
ORE.BAUXITE.NOUN,,铝土矿
ORE.BAUXITE.TOOLTIP,,铝土矿是最主要的含铝矿物。但非常可惜，生产铝的途径尚未发现。
ORE.BITUMINOUS_COAL.ADJECTIVE,,烟煤
ORE.BITUMINOUS_COAL.NOUN,,烟煤
ORE.BITUMINOUS_COAL.TOOLTIP,,用{{FURNITURE.COKE_OVEN}}能将它转化为{{ORE.COKE.NOUN}}。
ORE.CASSITERITE.ADJECTIVE,,锡石
ORE.CASSITERITE.NOUN,,锡石
ORE.CASSITERITE.TOOLTIP,,熔炼后可生产{{METAL.TIN.NOUN}}。
ORE.CHARCOAL.ADJECTIVE,,木炭
ORE.CHARCOAL.NOUN,,木炭
ORE.CHARCOAL.TOOLTIP,,使用{{RESOURCE.LOGS.PLURAL}}生产获得的{{FUEL.SACK}}。
ORE.CHRYSOCOLLA.ADJECTIVE,,硅孔雀石
ORE.CHRYSOCOLLA.NOUN,,硅孔雀石
ORE.CHRYSOCOLLA.TOOLTIP,,经常与绿松石混淆，但它其实是一种{{METAL.COPPER}}矿石。
ORE.COKE.ADJECTIVE,,焦炭
ORE.COKE.NOUN,,焦炭
ORE.COKE.TOOLTIP,,精炼{{ORE.BITUMINOUS_COAL}}获得的产物，可用作{{FUEL.SACK}}。
ORE.GALENA.ADJECTIVE,,方铅矿
ORE.GALENA.NOUN,,方铅矿
ORE.GALENA.TOOLTIP,,熔炼后可生产{{METAL.SILVER}}的矿石。
ORE.HEMATITE.ADJECTIVE,,赤铁矿
ORE.HEMATITE.NOUN,,赤铁矿
ORE.HEMATITE.TOOLTIP,,熔炼后可生产{{METAL.IRON}}的矿石。
ORE.ILMENITE.ADJECTIVE,,钛铁矿
ORE.ILMENITE.NOUN,,钛铁矿
ORE.ILMENITE.TOOLTIP,,钛铁矿是提炼钛的主要矿石。但非常可惜，生产钛的途径尚未发现。
ORE.MALACHITE.ADJECTIVE,,孔雀石
ORE.MALACHITE.NOUN,,孔雀石
ORE.MALACHITE.TOOLTIP,,熔炼后可生产{{METAL.COPPER}}的矿石。
ORE.NATIVE_COPPER.ADJECTIVE,,自然铜
ORE.NATIVE_COPPER.NOUN,,自然铜
ORE.NATIVE_COPPER.TOOLTIP,,自然形成的{{METAL.COPPER}}，使用前必须冶炼。
ORE.NATIVE_GOLD.ADJECTIVE,,自然金
ORE.NATIVE_GOLD.NOUN,,自然金
ORE.NATIVE_GOLD.TOOLTIP,,自然形成的{{METAL.GOLD}}，使用前必须冶炼。
ORE.NATIVE_PLATINUM.ADJECTIVE,,自然铂
ORE.NATIVE_PLATINUM.NOUN,,自然铂
ORE.NATIVE_PLATINUM.TOOLTIP,,自然形成的{{METAL.PLATINUM}}，使用前必须冶炼。
ORE.NATIVE_SILVER.ADJECTIVE,,自然银
ORE.NATIVE_SILVER.NOUN,,自然银
ORE.NATIVE_SILVER.TOOLTIP,,自然形成的{{METAL.SILVER}}，使用前必须冶炼。
ORE.POLLUCITE.ADJECTIVE,,铯榴石
ORE.POLLUCITE.NOUN,,铯榴石
ORE.POLLUCITE.TOOLTIP,,铯榴石为含铯矿物，目前危险性太高，无法生产。尤其现在疯狂的矮人铁匠在尝试寻找可靠的生产途径。
ORE.PYRITE.ADJECTIVE,,愚人金
ORE.PYRITE.NOUN,,愚人金
ORE.PYRITE.TOOLTIP,,又名黄铁矿，因浅黄铜色和明亮的金属光泽常被误认为是黄金。碾碎后用途广泛。，但必须注意安全，因为敲击它会产生火星。
ORE.THORIUM.ADJECTIVE,,钍
ORE.THORIUM.NOUN,,钍
ORE.THORIUM.TOOLTIP,,银白色的金属矿物，暴露在大气中会逐渐变为灰色。触摸会感到奇特的温感。
ORE.WOLFRAMITE.ADJECTIVE,,黑钨矿
ORE.WOLFRAMITE.NOUN,,黑钨矿
ORE.WOLFRAMITE.TOOLTIP,,会影响冶炼锡的金属矿物。熔炼太高，用普通方法难以冶炼。
OTHER.ASH,,焦炭
OTHER.BRICK.NOUN,,砖块
OTHER.CLAY_SOIL.NOUN,,粘土
OTHER.GRASS.NOUN,,
PRIORITY.DISABLED,,禁用
PRIORITY.HIGHER,,更高
PRIORITY.HIGHEST,,最高
PRIORITY.LOWER,,较低
PRIORITY.LOWEST,,最低
PRIORITY.NORMAL,,普通
PRIVACY.OPT_IN.ACCEPT_BUTTON,,我接受
PRIVACY.OPT_IN.DATA_POINT.1,,• 游戏客户端版本
PRIVACY.OPT_IN.DATA_POINT.2,,• 你的选项设置
PRIVACY.OPT_IN.DATA_POINT.3,,• 崩溃时的游戏状态
PRIVACY.OPT_IN.DESCRIPTION,,Mountaincore仍处于开发阶段。为了帮助诊断和修复BUG，请点击下方的“我接受”方便自动发送匿名崩溃报告。\n\n仅包含以下数据：
PRIVACY.OPT_IN.DO_NOT_ACCEPT_BUTTON,,禁用报告
PRODUCT.ANVIL,,铁砧
PRODUCT.ANVIL.PLURAL,,铁砧
PRODUCT.ANVIL.TOOLTIP,,用来锻捶金属用的铁铸砧板。建造{{FURNITURE.FORGE}所需的物品。
PRODUCT.BARREL.HOOPS,,桶箍
PRODUCT.BARREL.HOOPS.TOOLTIP,,用来制作{{PRODUCT.BARREL.NOUN}}的金属箍。其他机器可能也会用到。
PRODUCT.BARREL.NOUN,,木桶
PRODUCT.BARREL.PLURAL,,木桶
PRODUCT.BARREL.STAVES,,狭木板
PRODUCT.BARREL.STAVES.TOOLTIP,,具有曲度的木板，能用来制作{{PRODUCT.BARREL.NOUN}}。
PRODUCT.BARREL.TOOLTIP,,圆柱形的液体容器。弧形的外观让它在地上滚着更轻松。
PRODUCT.BOWL,,碗
PRODUCT.BOWL.DESCRIPTION,,{{cooking.soup.description}}碗
PRODUCT.BOWL.PLURAL,,碗
PRODUCT.BREAD.DOUGH.NOUN,,面团
PRODUCT.BREAD.DOUGH.PLURAL,,面团
PRODUCT.BREAD.DOUGH.TOOLTIP,,使用{{FURNITURE.BAKING_OVEN}}能将各种食材烘焙成{{PRODUCT.BREAD.LOAF.PLURAL}}。
PRODUCT.BREAD.LOAF.NOUN,,长条面包
PRODUCT.BREAD.LOAF.PLURAL,,长条面包
PRODUCT.BREAD.LOAF.TOOLTIP,,出炉的面包，准备享用吧！
PRODUCT.BUCKET.NOUN,,水桶
PRODUCT.BUCKET.PLURAL,,水桶
PRODUCT.BUCKET.TOOLTIP,,手拎式的小型液体容器。
PRODUCT.CAULDRON,,坩埚
PRODUCT.CAULDRON.PLURAL,,坩埚
PRODUCT.CAULDRON.TOOLTIP,,{{PROFESSION.CHEF}}在{{ROOMS.KITCHEN}}烹饪的汤羹会送往{{ROOMS.FEASTING_HALL}}。
PRODUCT.CHEST.NOUN,,箱子
PRODUCT.CHEST.PLURAL,,箱子
PRODUCT.CHEST.TOOLTIP,,用来存放交易用的货币。
PRODUCT.LEATHER.NOUN,,皮革
PRODUCT.LEATHER.PLURAL,,皮革
PRODUCT.LINEN.NOUN,,亚麻布
PRODUCT.LINEN.PLURAL,,亚麻布
PRODUCT.LINEN.TOOLTIP,,一卷布料，主要用来制作寝具。
PRODUCT.LIQUID.TANK,,水箱
PRODUCT.LIQUID.TANK.PLURAL,,水箱
PRODUCT.LIQUID.TANK.TOOLTIP,,用来存储液体的金属容器，可以通过{{FURNITURE.FORGE}}制作获得。
PRODUCT.MILLSTONE,,磨石
PRODUCT.MILLSTONE.PLURAL,,磨石
PRODUCT.MILLSTONE.TOOLTIP,,两块巨大的平圆石板，可以用来磨碎谷粒。可以用来制作{{FURNITURE.FLOUR_MILL}}。
PRODUCT.RATION.DOUGH.NOUN,,定量面团
PRODUCT.RATION.DOUGH.PLURAL,,定量面团
PRODUCT.RATION.DOUGH.TOOLTIP,,将这种混合原料放在{{FURNITURE.BAKING_OVEN}}进行烘烤能获得{{PRODUCT.RATION.LOAF.PLURAL}}。
PRODUCT.RATION.NOUN,,干粮
PRODUCT.RATION.PLURAL,,干粮
PRODUCT.RATION.TOOLTIP,,虽然能在较长的时间里保障殖民者不饿肚子，但还需要其他食物来源。
PRODUCT.ROPE.NOUN,,绳索
PRODUCT.ROPE.PLURAL,,绳索
PRODUCT.STONE.GEAR.NOUN,,齿轮
PRODUCT.STONE.GEAR.PLURAL,,齿轮
PRODUCT.STONE.GEAR.TOOLTIP,,各种机械装置都会用到它。
PRODUCT.STONE.PIPE.NOUN,,管道
PRODUCT.STONE.PIPE.PLURAL,,管道
PRODUCT.STONE.PIPE.TOOLTIP,,能用来在地底运输液体。
PRODUCT.WATERSKIN.NOUN,,水袋
PRODUCT.WATERSKIN.PLURAL,,水袋
PRODUCT.WOODEN.SHAFT.HORIZONTAL.NOUN,,连接杆（水平）
PRODUCT.WOODEN.SHAFT.HORIZONTAL.PLURAL,,连接杆（水平）
PRODUCT.WOODEN.SHAFT.HORIZONTAL.TOOLTIP,,能用来连接产生和需求动能的机械装置。
PRODUCT.WOODEN.SHAFT.VERTICAL.NOUN,,连接杆（垂直）
PRODUCT.WOODEN.SHAFT.VERTICAL.PLURAL,,连接杆（垂直）
PRODUCT.WOODEN.SHAFT.VERTICAL.TOOLTIP,,能用来连接产生和需求动能的机械装置。
PROFESSION.ARTISAN.FEMALE_NOUN,,工匠
PROFESSION.ARTISAN.MALE_NOUN,,工匠
PROFESSION.ARTISAN.PLURAL,,工匠
PROFESSION.ARTISAN.VERB,,正在制造
PROFESSION.BAKER.VERB,,烘焙
PROFESSION.BLACKSMITH.FEMALE_NOUN,,铁匠
PROFESSION.BLACKSMITH.MALE_NOUN,,铁匠
PROFESSION.BLACKSMITH.PLURAL,,铁匠
PROFESSION.BLACKSMITH.TOOLTIP,,既能锻造金属制品，也能从矿石中提炼金属。
PROFESSION.BLACKSMITH.VERB,,锻造
PROFESSION.BREWER.FEMALE_NOUN,,酿酒师
PROFESSION.BREWER.MALE_NOUN,,酿酒师
PROFESSION.BREWER.PLURAL,,酿酒师
PROFESSION.BREWER.TOOLTIP,,在{{ROOMS.BREWERY}}制造啤酒。
PROFESSION.BREWER.VERB,,酿制
PROFESSION.CARPENTER.FEMALE_NOUN,,木匠
PROFESSION.CARPENTER.MALE_NOUN,,木匠
PROFESSION.CARPENTER.PLURAL,,木匠
PROFESSION.CARPENTER.TOOLTIP,,制作木制品和家具。
PROFESSION.CARPENTER.VERB,,制作
PROFESSION.CHEF.FEMALE_NOUN,,厨师
PROFESSION.CHEF.MALE_NOUN,,厨师
PROFESSION.CHEF.PLURAL,,厨师
PROFESSION.CHEF.TOOLTIP,,为你的殖民者烹饪各类食物以便充饥。
PROFESSION.CHEF.VERB,,烹饪
PROFESSION.DESCRIPTION,,{{skillLevelDescription.adjective}} {{profession.noun}}
PROFESSION.FARMER.FEMALE_NOUN,,农夫
PROFESSION.FARMER.MALE_NOUN,,农夫
PROFESSION.FARMER.PLURAL,,农夫
PROFESSION.FARMER.TOOLTIP,,种植、养护和收割农作物。
PROFESSION.FARMER.VERB,,务农
PROFESSION.FISHER.FEMALE_NOUN,,渔夫
PROFESSION.FISHER.MALE_NOUN,,渔夫
PROFESSION.FISHER.TOOLTIP,,在水域捕捉鱼类，用作食物和其他用途。
PROFESSION.FISHER.VERB,,钓鱼
PROFESSION.HUNTER.FEMALE_NOUN,,猎人
PROFESSION.HUNTER.MALE_NOUN,,猎人
PROFESSION.HUNTER.TOOLTIP,,追踪和捕杀野生动物获取肉和毛皮。
PROFESSION.HUNTER.VERB,,狩猎
PROFESSION.LEATHERWORKER.FEMALE_NOUN,,皮革匠
PROFESSION.LEATHERWORKER.MALE_NOUN,,皮革匠
PROFESSION.LEATHERWORKER.PLURAL,,皮革匠
PROFESSION.LEATHERWORKER.TOOLTIP,,将动物的毛皮加工成皮革制品。
PROFESSION.LEATHERWORKER.VERB,,正在制作皮革
PROFESSION.MAYOR.FEMALE_NOUN,,市长
PROFESSION.MAYOR.MALE_NOUN,,市长
PROFESSION.MAYOR.VERB,,管理
PROFESSION.MERCHANT.FEMALE_NOUN,,商人
PROFESSION.MERCHANT.MALE_NOUN,,商人
PROFESSION.MERCHANT.VERB,,贸易
PROFESSION.MILLER.VERB,,磨粉
PROFESSION.MINER.FEMALE_NOUN,,矿工
PROFESSION.MINER.MALE_NOUN,,矿工
PROFESSION.MINER.PLURAL,,矿工
PROFESSION.MINER.TOOLTIP,,使用{{TOOL.PICKAXE}}开采新区域。
PROFESSION.MINER.VERB,,开采
PROFESSION.NOBLE.FEMALE_NOUN,,贵族
PROFESSION.NOBLE.MALE_NOUN,,贵族
PROFESSION.NOBLE.TOOLTIP,,贵族不用像普通的殖民者从事劳动，但他们能为你的殖民地带来名望。
PROFESSION.NOBLE.VERB,,统治
PROFESSION.PIRATE.FEMALE_NOUN,,
PROFESSION.PIRATE.MALE_NOUN,,
PROFESSION.PIRATE.VERB,,
PROFESSION.RUNESMITH.FEMALE_NOUN,,符文师
PROFESSION.RUNESMITH.MALE_NOUN,,符文师
PROFESSION.RUNESMITH.TOOLTIP,,为武器、盔甲和其他物品附魔符文来增强它们的性能。
PROFESSION.RUNESMITH.VERB,,附魔
PROFESSION.SKILL_LEVEL.1,,初学者
PROFESSION.SKILL_LEVEL.1.TOOLTIP,,毫无经验的入门新人。
PROFESSION.SKILL_LEVEL.2,,见习
PROFESSION.SKILL_LEVEL.2.TOOLTIP,,他们只知道基础的技术知识。
PROFESSION.SKILL_LEVEL.3,,学徒
PROFESSION.SKILL_LEVEL.3.TOOLTIP,,虽然比较熟练了，但仍然需要积累大量的经验。
PROFESSION.SKILL_LEVEL.4,,熟练工
PROFESSION.SKILL_LEVEL.4.TOOLTIP,,已经出师的学徒工，在相应的行业颇有本领。
PROFESSION.SKILL_LEVEL.5,,技师
PROFESSION.SKILL_LEVEL.5.TOOLTIP,,他们有着高超的技艺，但仍然未达到更高的层次。
PROFESSION.SKILL_LEVEL.6,,工匠
PROFESSION.SKILL_LEVEL.6.TOOLTIP,,技术精湛，能力出众。
PROFESSION.SKILL_LEVEL.7,,专家
PROFESSION.SKILL_LEVEL.7.TOOLTIP,,在自身的领域内，鲜有他们不知道的知识。
PROFESSION.SKILL_LEVEL.8,,大师
PROFESSION.SKILL_LEVEL.8.TOOLTIP,,他们比专家更厉害，掌握了真正的技术。
PROFESSION.SKILL_LEVEL.9,,宗师
PROFESSION.SKILL_LEVEL.9.TOOLTIP,,宗师的技艺巅峰造极，无人能比。
PROFESSION.STONEMASON.FEMALE_NOUN,,石匠
PROFESSION.STONEMASON.MALE_NOUN,,石匠
PROFESSION.STONEMASON.PLURAL,,石匠
PROFESSION.STONEMASON.TOOLTIP,,利用石料制作家具和其他东西。
PROFESSION.STONEMASON.VERB,,雕刻
PROFESSION.VILLAGER.FEMALE_NOUN,,村民
PROFESSION.VILLAGER.MALE_NOUN,,村民
PROFESSION.VILLAGER.TOOLTIP,,这类殖民者没有特定的职业，可以完成任何普通的任务，比如搬运东西。
PROFESSION.VILLAGER.VERB,,劳作
PROFESSION.WEAVER.FEMALE_NOUN,,织工
PROFESSION.WEAVER.MALE_NOUN,,织工
PROFESSION.WEAVER.PLURAL,,织工
PROFESSION.WEAVER.TOOLTIP,,将原材料加工为布料和其他织物。
PROFESSION.WEAVER.VERB,,正在织布
PROFESSION.WOODCUTTER.FEMALE_NOUN,,樵夫
PROFESSION.WOODCUTTER.MALE_NOUN,,樵夫
PROFESSION.WOODCUTTER.PLURAL,,樵夫
PROFESSION.WOODCUTTER.TOOLTIP,,砍伐树木获得供{{ROOMS.SAWMILL}}使用的木材。
PROFESSION.WOODCUTTER.VERB,,砍伐
QUOTA.FIXED_AMOUNT,,总计
QUOTA.PER_SETTLER,,每名殖民者
RACE.BOAR.NOUN,,野猪
RACE.CARP.NOUN,,鲤鱼
RACE.DEER.FEMALE_NOUN,,母鹿
RACE.DEER.MALE_NOUN,,公鹿
RACE.DEER.TOOLTIP,,人畜无害的食草动物，遇到危险会逃跑。
RACE.DWARF.FEMALE_ADJECTIVE,,矮人
RACE.DWARF.FEMALE_NOUN,,矮人
RACE.DWARF.FEMALE_PLURAL,,矮人
RACE.DWARF.MALE_ADJECTIVE,,矮人
RACE.DWARF.MALE_NOUN,,矮人
RACE.DWARF.MALE_PLURAL,,矮人
RACE.DWARF.TOOLTIP,,他们身材矮小，强壮勇猛。精通金属和石料的工艺。大多数矮人不相信天空，对土地青睐有加。
RACE.ELEPHANT.NOUN,,大象
RACE.FOX.FEMALE_NOUN,,雌狐
RACE.FOX.MALE_NOUN,,狐狸
RACE.FUNGOLEM,,蕈魔像
RACE.HORSE.NOUN,,马
RACE.ORC.MALE_ADJECTIVE,,兽人
RACE.ORC.MALE_NOUN,,兽人
RACE.PERCH.NOUN,,鲈鱼
RACE.PIKE.NOUN,,梭子鱼
RACE.SPIDER,,蜘蛛
RACE.UNDEAD_DWARF,,亡灵矮人
RACE.WURM,,亚龙
RESOURCE.BONE.LARGE.NOUN,,大型骨头
RESOURCE.BONE.LARGE.PLURAL,,大型骨头
RESOURCE.BONE.MEDIUM.NOUN,,中型骨头
RESOURCE.BONE.MEDIUM.PLURAL,,中型骨头
RESOURCE.BONE.SMALL.NOUN,,小型骨头
RESOURCE.BONE.SMALL.PLURAL,,小型骨头
RESOURCE.FLOUR.SACK.NOUN,,面粉
RESOURCE.FLOUR.SACK.PLURAL,,面粉
RESOURCE.FLOUR.SACK.TOOLTIP,,由谷物研磨而成的粉状物，能用来生产食物。
RESOURCE.GEMS.UNREFINED.NOUN,,未切割的宝石
RESOURCE.GEMS.UNREFINED.PLURAL,,未切割的宝石
RESOURCE.GEMS.UNREFINED.TOOLTIP,,未经过加工的原石，经过切割和打磨后能获得宝石。
RESOURCE.GRAIN.SACK.NOUN,,谷物（袋）
RESOURCE.GRAIN.SACK.PLURAL,,谷物（袋）
RESOURCE.HEMP.BUNDLE.NOUN,,火麻（捆）
RESOURCE.HEMP.BUNDLE.PLURAL,,火麻（捆）
RESOURCE.HEMP.FIBRE.BUNDLE.NOUN,,火麻纤维（捆）
RESOURCE.HEMP.FIBRE.BUNDLE.PLURAL,,火麻纤维（捆）
RESOURCE.LOGS.NOUN,,木材
RESOURCE.LOGS.PLURAL,,木材
RESOURCE.LOGS.TOOLTIP,,通常会加工成{{RESOURCE.PLANKS.PLURAL}}，但也有其他用途。
RESOURCE.METAL.BLOOM.NOUN,,方坯
RESOURCE.METAL.BLOOM.PLURAL,,方坯
RESOURCE.METAL.BLOOM.TOOLTIP,,混有熔渣的金属块，必须经过锤炼后塑造成可用的形状。
RESOURCE.METAL.INGOT.NOUN,,金属锭
RESOURCE.METAL.INGOT.PLURAL,,金属锭
RESOURCE.METAL.INGOT.TOOLTIP,,精炼的金属块，能用作制作材料。
RESOURCE.METAL.PLATE.NOUN,,金属板
RESOURCE.METAL.PLATE.PLURAL,,金属板
RESOURCE.METAL.PLATE.TOOLTIP,,平整的金属板，部分大型机械会用到。
RESOURCE.MUSHROOM.LOG.NOUN,,蘑菇木
RESOURCE.MUSHROOM.LOG.PLURAL,,蘑菇木
RESOURCE.MUSHROOM.LOG.TOOLTIP,,用来培养{{INGREDIENT.MUSHROOM.SPAWN.NOUN}}的原木。蘑菇的生长会从原木汲取营养。接种工序完成后需要将它浸在{{FURNITURE.MUSHROOM_SHOCK_TANK}}中。
RESOURCE.MUSHROOM.LUMBER.NOUN,,蘑菇木
RESOURCE.MUSHROOM.LUMBER.PLURAL,,蘑菇木
RESOURCE.MUSHROOM.LUMBER.TOOLTIP,,用来培养蘑菇的段木，也可以当普通的{{RESOURCE.LOGS.PLURAL}}使用。
RESOURCE.ORE.CRUSHED.NOUN,,碎矿石
RESOURCE.ORE.CRUSHED.PLURAL,,碎矿石
RESOURCE.ORE.CRUSHED.TOOLTIP,,分解金属原矿时的产物，能送入{{FURNITURE.BLOOMERY_FURNACE}}加工处理。
RESOURCE.ORE.UNREFINED.NOUN,,矿石
RESOURCE.ORE.UNREFINED.PLURAL,,矿石
RESOURCE.ORE.UNREFINED.TOOLTIP,,含有金属矿物的石头，经过处理后能获得可以使用的金属。
RESOURCE.PLANKS.NOUN,,木板
RESOURCE.PLANKS.PLURAL,,木板
RESOURCE.PLANKS.TOOLTIP,,特定尺寸的木材，适合用于各类建造和制作。
RESOURCE.SHOCKED.MUSHROOM.LOG.NOUN,,蘑菇木
RESOURCE.SHOCKED.MUSHROOM.LOG.PLURAL,,蘑菇木
RESOURCE.SHOCKED.MUSHROOM.LOG.TOOLTIP,,注入了菌种的原木在水中受到了“刺激”，应该很快就能收获了。
RESOURCE.STONE.BLOCK.NOUN,,石块
RESOURCE.STONE.BLOCK.PLURAL,,石块
RESOURCE.STONE.BLOCK.TOOLTIP,,切割成方块状的石料，便于施工和建造。
RESOURCE.STONE.UNREFINED.NOUN,,粗糙的巨石
RESOURCE.STONE.UNREFINED.PLURAL,,粗糙的巨石
RESOURCE.STONE.UNREFINED.TOOLTIP,,巨大的石块，必须由{{PROFESSION.STONEMASON}}雕凿后才能发挥实际用处。
RESOURCE.WHEAT.SACK.NOUN,,小麦（袋）
RESOURCE.WHEAT.SACK.PLURAL,,小麦（袋）
RESOURCE.WHEAT.SACK.TOOLTIP,,播撒的小麦种子在农田收获后装入袋中。
ROOMS.ARMOURY,,兵工厂
ROOMS.ARMOURY.TOOLTIP,,生产武器和盔甲的工厂
ROOMS.ARTISAN_WORKSHOP,,手工作坊
ROOMS.ARTISAN_WORKSHOP.TOOLTIP,,生产精密物品的地方。
ROOMS.BAKERY,,烘焙坊
ROOMS.BAKERY.TOOLTIP,,制作面团和烘焙面包的地方。
ROOMS.BARRACKS,,兵营
ROOMS.BARRACKS.TOOLTIP,,军队休息和训练的地方。
ROOMS.BEDROOM,,卧室
ROOMS.BEDROOM.TOOLTIP,,殖民者睡觉的地方。面积不低于9格的独立卧室就很不错，如果13格以上那就最好不过了。
ROOMS.BREWERY,,酿酒厂
ROOMS.BREWERY.TOOLTIP,,酿造啤酒让大伙儿乐翻天！其他酒类将会在未来的更新中实装。
ROOMS.BRIDGE,,桥
ROOMS.BRIDGE.TOOLTIP,,连接河流两岸的建筑。
ROOMS.CARPENTRY_WORKSHOP,,木工车间
ROOMS.CARPENTRY_WORKSHOP.TOOLTIP,,绝大多数的木制工具和物品都产自这间工坊。
ROOMS.COMPONENT.STOCKPILE.DESCRIPTION,,{{allocated}}/{{total}}当前已用空间
ROOMS.FARM,,农田
ROOMS.FARM.PLURAL,,农田
ROOMS.FARM.TOOLTIP,,播种{{INGREDIENT.SEEDS.PLURAL}}种植农作物。必须在{{MATERIAL_TYPE.EARTH.NOUN}}上。
ROOMS.FEASTING_HALL,,宴会厅
ROOMS.FEASTING_HALL.TOOLTIP,,殖民者吃喝玩乐的地方！
ROOMS.FUEL_REFINERY,,精炼厂
ROOMS.FUEL_REFINERY.TOOLTIP,,利用{{RESOURCE.LOGS.PLURAL}}或{{ORE.BITUMINOUS_COAL.NOUN}}生产燃料的地方。
ROOMS.GRAVEYARD,,墓地
ROOMS.GRAVEYARD.TOOLTIP,,死者安息之地。
ROOMS.ITERATIVE_NAMED_ROOM,,{{roomName}} #{{number}}
ROOMS.KITCHEN,,厨房
ROOMS.KITCHEN.TOOLTIP,,烹饪食物的地方，食物会接着送往{{ROOMS.FEASTING_HALL}}。
ROOMS.LEATHER_WORKSHOP,,皮革工坊
ROOMS.LEATHER_WORKSHOP.TOOLTIP,,加工动物毛皮的地方。
ROOMS.MASONRY_WORKSHOP,,石工工坊
ROOMS.MASONRY_WORKSHOP.TOOLTIP,,绝大多数石制品都出自这里。
ROOMS.MUSHROOM_FARM,,蘑菇农场
ROOMS.MUSHROOM_FARM.TOOLTIP,,使用{{INGREDIENT.MUSHROOM.SPAWN.NOUN}}和{{RESOURCE.LOGS.PLURAL}}能培养蘑菇。
ROOMS.SAWMILL,,锯木场
ROOMS.SAWMILL.TOOLTIP,,{{RESOURCE.LOGS.PLURAL}}在这里经过加工后成为{{RESOURCE.PLANKS.PLURAL}}。
ROOMS.SMELTERY,,冶炼厂
ROOMS.SMELTERY.TOOLTIP,,将金属矿物加工为可用的金属锭。
ROOMS.SMITHY,,铁匠铺
ROOMS.SMITHY.TOOLTIP,,打造金属制品的地方。
ROOMS.STOCKPILE,,贮存处
ROOMS.STOCKPILE.TOOLTIP,,存放各类物品的地方，具体根据你的设置而定。
ROOMS.STOCKPILES,,贮存处
ROOMS.STOCKPILES.TOOLTIP,,未使用的物品放在这里便于存取。
ROOMS.STOCKPILE_WITH_GROUP_NAME,,{{stockpileGroupName}} {{roomTypeName}}
ROOMS.TEXTILE_WORKSHOP,,纺织车间
ROOMS.TEXTILE_WORKSHOP.TOOLTIP,,将{{SEED.HEMP_SEED}}加工成用途广泛的纺织品。
ROOMS.TRADING_DEPOT,,贸易站
ROOMS.TRADING_DEPOT.TOOLTIP,,与到访的商人做生意。
ROPE.AGED_ROPE,,老旧
ROPE.BRONZED_ROPE,,古铜色
ROPE.GRAY_ROPE,,灰色
ROPE.HEMP-ROPE,,火麻
ROPE.TOBACCO_ROPE,,浅色
RUSTED_SCRAP.NOUN,,废料
RUSTED_SCRAP.TOOLTIP,,已经彻底锈蚀的无用之物。
SEASON.AUTUMN,,秋季
SEASON.SPRING,,春季
SEASON.SUMMER,,夏季
SEASON.WINTER,,冬季
SEED.BARLEY_SEED,,大麦
SEED.BARLEY_SEED.TOOLTIP,,仅用于酿制啤酒的谷物。{{SEASON.SPRING}}，{{SEASON.SUMMER}}和{{SEASON.AUTUMN}}都可以种植。
SEED.BERSERKER_MUSHROOM_SPAWN,,狂战士
SEED.BERSERKER_MUSHROOM_SPAWN.TOOLTIP,,菌盖呈粉红色且有白色斑点。由于具有致幻性，有时候战士会在准备战斗的时候食用。
SEED.CARROT_SEED,,胡萝卜
SEED.CARROT_SEED.TOOLTIP,,耐寒的根茎类蔬菜，即使在{{SEASON.WINTER}}的森林里也能存活。生长快，但产量较小。{{SEASON.SPRING}}，{{SEASON.SUMMER}}和{{SEASON.AUTUMN}}都可以种植。
SEED.CORN_SEED,,玉米
SEED.CORN_SEED.TOOLTIP,,别名为玉蜀黍的谷物。产量高，但生长需要两季，而且在{{SEASON.WINTER}}无法存活，因此需要在{{SEASON.SPRING}}初期播种。
SEED.DEATH_CAP_SPAWN,,死亡帽
SEED.DEATH_CAP_SPAWN.TOOLTIP,,菌盖宽扁的剧毒蘑菇。即使食用了少量，也会危及生命。
SEED.ELFSBANE_SPAWN,,精灵之祸
SEED.ELFSBANE_SPAWN.TOOLTIP,,对绝大多数类人生物而言，这种蘑菇没有味道。但对精灵来说，它的味道恶心至极，食用后常常会导致剧烈呕吐，甚至极端情况下会引发心脏病。
SEED.FIST_SPAWN,,拳菇
SEED.FIST_SPAWN.TOOLTIP,,蘑菇呈蓝黑色，入口为金属味。黑暗时代的吟游诗人为它取了这个名字。
SEED.GLOW_SPAWN,,微光菇
SEED.GLOW_SPAWN.TOOLTIP,,蕴含魔力的蘑菇，它散发的光芒会随着季节的变化而变色。
SEED.HEMP_SEED,,火麻
SEED.HEMP_SEED.TOOLTIP,,经过处理后能制作绳索和布料。
SEED.HOPS_SEED,,啤酒花
SEED.HOPS_SEED.TOOLTIP,,能为啤酒增添风味的花。必须在{{SEASON.SPRING}}播种。
SEED.MILTONIA_SPAWN,,堇花兰
SEED.MILTONIA_SPAWN.TOOLTIP,,最初人们以为这种植物只存在于哈德斯地区，但如今世界各地都能见到。
SEED.POTATO_SEED,,土豆
SEED.POTATO_SEED.TOOLTIP,,富含淀粉的根茎类蔬菜，由于在{{SEASON.WINTER}}也能生存，所以对大多数殖民者来说都是不错的选择。{{SEASON.SPRING}}，{{SEASON.SUMMER}}和{{SEASON.AUTUMN}}都可以种植。
SEED.PURPLE_HELMET_SPAWN,,紫盔
SEED.PURPLE_HELMET_SPAWN.TOOLTIP,,大帽子、蓬松头巾、圆头盔；这种传说中的蘑菇有许多名字。传说很久以前，许多矮人部落都靠种植这种蘑菇维持生活。
SEED.ROCIOMYCOTA_MUSHROOM_SPAWN,,露菇
SEED.ROCIOMYCOTA_MUSHROOM_SPAWN.TOOLTIP,,黑白相间且有斑点的蘑菇。据说食用后能影响外表。
SEED.SUNGLOW_SPAWN,,霞菇
SEED.SUNGLOW_SPAWN.TOOLTIP,,亮黄色的蘑菇，散发的光宛如阳光。采收后便不会发光。
SEED.SYRUP_POWDER_SPAWN,,糖浆粉菇
SEED.SYRUP_POWDER_SPAWN.TOOLTIP,,橙色或黄色的圆形蘑菇，底部呈白色。据说很久以前的魔法师会使用这种蘑菇，但具体目的不得而知。
SEED.TOMATO_SEED,,番茄
SEED.TOMATO_SEED.TOOLTIP,,草本植物，浆果呈红色，多为扁球状或近球状，用作蔬菜食用。仅能在{{SEASON.SPRING}}播种。
SEED.WHEAT_SEED,,小麦
SEED.WHEAT_SEED.TOOLTIP,,通常用来制作面包的谷物。能在{{SEASON.WINTER}}生存，但生长周期较长，所以通常在{{SEASON.SPRING}}或 {{SEASON.AUTUMN}}播种。
SHRUB.DESCRIPTION,,灌木
SKILL.ARCHERY.FEMALE_NOUN,,弓箭手
SKILL.ARCHERY.MALE_NOUN,,弓箭手
SKILL.ARCHERY.TOOLTIP,,娴熟使用弓箭
SKILL.AXES.FEMALE_NOUN,,女斧兵
SKILL.AXES.MALE_NOUN,,斧兵
SKILL.AXES.TOOLTIP,,娴熟使用斧头
SKILL.CROSSBOWS.FEMALE_NOUN,,弩手
SKILL.CROSSBOWS.MALE_NOUN,,弩手
SKILL.CROSSBOWS.TOOLTIP,,娴熟使用弩箭
SKILL.MACES.FEMALE_NOUN,,战锤手
SKILL.MACES.MALE_NOUN,,战锤手
SKILL.MACES.TOOLTIP,,娴熟使用战锤
SKILL.SWORDSMANSHIP.FEMALE_NOUN,,女剑士
SKILL.SWORDSMANSHIP.MALE_NOUN,,剑士
SKILL.SWORDSMANSHIP.TOOLTIP,,娴熟使用剑
SKILL.UNARMED_COMBAT.FEMALE_NOUN,,格斗家
SKILL.UNARMED_COMBAT.MALE_NOUN,,格斗家
SKILL.UNARMED_COMBAT.TOOLTIP,,娴熟使用徒手战斗
SKIN.BOAR_HIDE,,野猪
SKIN.DEER_HIDE,,鹿
SKIN.DWARF_HIDE,,矮人
SKIN.ELEPHANT_HIDE,,大象
SKIN.HORSE_HIDE,,马
STATUS.ALCOHOL_WITHDRAWL,,酒精戒断症
STATUS.BLEEDING,,流血
STATUS.BLINDED,,失明
STATUS.DEATH,,死亡
STATUS.DRUNK,,醉醺醺
STATUS.DYING_OF_HUNGER,,饥肠辘辘
STATUS.DYING_OF_THIRST,,口干舌燥
STATUS.EXHAUSTED,,疲惫不堪
STATUS.INTERNAL_BLEEDING,,内出血
STATUS.KNOCKED_UNCONSCIOUS,,失去意识
STATUS.LOSS_MAIN_HAND,,失去主手
STATUS.LOSS_OFF_HAND,,失去副手
STATUS.MOVEMENT_IMPAIRED,,行动障碍
STATUS.ON_FIRE,,着火
STATUS.POISONED,,中毒
STATUS.TEMPORARILY_BLINDED,,暂时失明
STATUS.VERY_HUNGRY,,饥饿
STATUS.VERY_THIRSTY,,口渴
STOCKPILE.GROUP.FOOD,,食物
STOCKPILE.GROUP.FOOD.TOOLTIP,,存放会变质的水果和蔬菜。
STOCKPILE.GROUP.FUEL,,燃料
STOCKPILE.GROUP.GRANARY,,粮仓
STOCKPILE.GROUP.GRANARY.TOOLTIP,,存放会变质的谷物和种子。
STOCKPILE.GROUP.PRODUCTS,,产品
STOCKPILE.GROUP.RAW_MATERIALS,,原材料
STOCKPILE.GROUP.SEEDS,,种子
STOCKPILE.GROUP.TOOLS,,工具
STOCKPILE.GROUP.TOOLS.TOOLTIP,,存放工作所需的器具。
STOCKPILE.GROUP.TREASURE,,宝藏
STOCKPILE.GROUP.WEAPONS,,武器
STOCKPILE.GROUP.WEAPONS.TOOLTIP,,存放会变质的水果和蔬菜。
STONE.BASALT.ADJECTIVE,,玄武岩
STONE.BASALT.NOUN,,玄武岩
STONE.BASALT.TOOLTIP,,岩浆快速冷却形成的火成岩。世界上几乎所有的火山岩都是玄武岩。
STONE.DOLOSTONE.ADJECTIVE,,白云岩
STONE.DOLOSTONE.NOUN,,白云岩
STONE.DOLOSTONE.TOOLTIP,,主要由白云石组成的沉积岩，因此而得名。
STONE.FRONITE.ADJECTIVE,,冰原石
STONE.FRONITE.NOUN,,冰原石
STONE.FRONITE.TOOLTIP,,通体泛蓝的矿石，常见于北方冰雪覆盖的岛屿。具有很高的铁含量。
STONE.GRANITE.ADJECTIVE,,花岗岩
STONE.GRANITE.NOUN,,花岗岩
STONE.GRANITE.TOOLTIP,,非常常见的火成岩。石英的含量较高，因此非常适合用来定位寻找特定的宝石。
STONE.LIMESTONE.ADJECTIVE,,石灰岩
STONE.LIMESTONE.NOUN,,石灰岩
STONE.LIMESTONE.TOOLTIP,,灰白色的沉积岩，优良的建筑材料。在冶炼{{METAL.STEEL.NOUN}}的工序中也能当作熔剂。
STONE.MARBLE.ADJECTIVE,,大理石
STONE.MARBLE.NOUN,,大理石
STONE.MARBLE.TOOLTIP,,变质岩，凭借出色的外观成为了雕刻和石工的高质量材料。
STONE.SANDSTONE.ADJECTIVE,,砂岩
STONE.SANDSTONE.NOUN,,砂岩
STONE.SANDSTONE.TOOLTIP,,由各种砂粒胶结而成的沉积岩。 
STONE.SHALE.ADJECTIVE,,页岩
STONE.SHALE.NOUN,,页岩
STONE.SHALE.TOOLTIP,,由黏土沉积经压力形成的细颗粒沉积岩。很容易断裂成较薄的岩层。
STONE.SLATE.ADJECTIVE,,板岩
STONE.SLATE.NOUN,,板岩
STONE.SLATE.TOOLTIP,,通常由{{STONE.SHALE.NOUN}}形成的变质岩。通常用来作为屋顶的瓦或书写用的黑板。
TOOL.AXE.NOUN,,斧头
TOOL.AXE.PLURAL,,斧头
TOOL.AXE.TOOLTIP,,砍伐树木的工具。{{PROFESSION.WOODCUTTER}}的主要工具。
TOOL.CHISEL.NOUN,,凿子
TOOL.CHISEL.PLURAL,,凿子
TOOL.CHISEL.TOOLTIP,,用来将石料雕塑成型的器具。{{PROFESSION.STONEMASON}}使用的工具之一。
TOOL.FISHING.ROD.NOUN,,鱼竿
TOOL.FISHING.ROD.PLURAL,,鱼竿
TOOL.FISHING.ROD.TOOLTIP,,钓鱼用具。{{PROFESSION.FISHER}}的主要工具。
TOOL.KITCHEN.KNIFE.NOUN,,厨刀
TOOL.KITCHEN.KNIFE.PLURAL,,厨刀
TOOL.KITCHEN.KNIFE.TOOLTIP,,制备食材（尤其肉类）的工具。
TOOL.LARGE.HAMMER.NOUN,,大锤
TOOL.LARGE.HAMMER.PLURAL,,大锤
TOOL.LARGE.HAMMER.TOOLTIP,,将较大的石料和金属捶打成型的工具。{{PROFESSION.BLACKSMITH}}的主要工具。
TOOL.PICKAXE.NOUN,,矿镐
TOOL.PICKAXE.PLURAL,,矿镐
TOOL.PICKAXE.TOOLTIP,,用来打碎矿石的工具。{{PROFESSION.MiNER}}的主要工具。
TOOL.PLANE.NOUN,,刨子
TOOL.PLANE.PLURAL,,刨子
TOOL.PLANE.TOOLTIP,,用来修整木制品和家具的工具。{{PROFESSION.CARPENTER}}的主要工具。
TOOL.ROLLING.PIN.NOUN,,擀面杖
TOOL.ROLLING.PIN.PLURAL,,擀面杖
TOOL.ROLLING.PIN.TOOLTIP,,用来捻压面团的烹饪工具。{{PROFESSION.CHEF}}使用的工具。
TOOL.SAW.NOUN,,锯子
TOOL.SAW.PLURAL,,锯子
TOOL.SAW.TOOLTIP,,用来切割木头的工具。{{ROOMS.SAWMILL}}用来切割木材的必备工具。
TOOL.SMALL.HAMMER.NOUN,,锤子
TOOL.SMALL.HAMMER.PLURAL,,锤子
TOOL.SMALL.HAMMER.TOOLTIP,,将较小的石料和金属捶打成型的工具。{{PROFESSION.BLACKSMITH}}使用的工具。
TOOL.TONGS.NOUN,,钳子
TOOL.TONGS.PLURAL,,钳子
TOOL.TONGS.TOOLTIP,,用来夹持滚烫的金属器具。熔炼金属矿物的过程中也会用到。
TREASURE.COIN.NOUN,,钱币
TREASURE.COIN.PLURAL,,钱币
TREASURE.COIN.TOOLTIP,,铸造而成的钱币，交易所用的货币。
TREASURE.GEM.NOUN,,宝石
TREASURE.GEM.PLURAL,,宝石
TREASURE.GEM.TOOLTIP,,经过切割和打磨的宝石能绽放更夺目的美。通常用作装饰品。
TREE.DESCRIPTION,,{{materialType.noun}}树
TUTORIAL.COMPLETED.A,,这包含了游戏的基础知识。
TUTORIAL.COMPLETED.B,,你的目标是修建拥有{{FURNITURE.FORGE}}的{{ROOMS.SMITHY}}，然后提供燃料和精炼的金属矿石来生产金属制品。
TUTORIAL.COMPLETED.C,,另外，你应该把你的殖民地迁至地下或者至少搭建屋顶，为你的居民和铁制品遮风挡雨。
TUTORIAL.COMPLETED.D,,祝你好运！
TUTORIAL.CRAFTING.A,,进出口托板负责产品的运输。
TUTORIAL.CRAFTING.B,,在锯木厂和石工工坊部署至少1个进口托板和出口托板。
TUTORIAL.CRAFTING.C,,此外，修建产品仓库能够帮助存储。
TUTORIAL.CRAFTING_SELECTION.A,,选择进口和出口托板，然后选择从房间运出或运进的物品。
TUTORIAL.CRAFTING_SELECTION.B,,在锯木厂，运进木材，运出木板。
TUTORIAL.CRAFTING_SELECTION.C,,在石工工坊，运进石料，运出石块。
TUTORIAL.DISMISS_DIALOG.CONFIRM_TEXT,,关闭教程
TUTORIAL.DISMISS_DIALOG.DESCRIPTION,,确定要结束教程？
TUTORIAL.DISMISS_DIALOG.TITLE,,结束教程？
TUTORIAL.FARMING.A,,点击房间并选择农田，它们是按字母顺序排列的。
TUTORIAL.FARMING.B,,在草地圈出4块单独的农田。
TUTORIAL.FARMING_2.A,,点击每块农田并选择种植的农作物。
TUTORIAL.FARMING_2.A.STEAMDECK,,对每块农田按R2，然后选择种植的农作物。
TUTORIAL.FARMING_2.B,,暂时跳过火麻、大麦和啤酒花，因为它们是用来纺织和酿酒的原料。
TUTORIAL.FEASTING_HALL.A,,宴会厅是殖民者们的进餐场所。
TUTORIAL.FEASTING_HALL.B,,若宴会厅的坩埚没有汤食，那将是不完整的。
TUTORIAL.FEASTING_HALL.C,,选择房间并放置宴会厅。接着标记坩埚放在宴会厅。
TUTORIAL.FOOD_COMPLETE.A,,这样简单的配置能保证你的殖民者在收获农作物后有食物。
TUTORIAL.FOOD_COMPLETE.B,,在建立军队后，你可以通过钓鱼和狩猎获得更多食物。
TUTORIAL.KITCHEN.A,,农作物在秋季收获，然后储存在食物仓库中。
TUTORIAL.KITCHEN.B,,若想充分利用农作物，最好把蔬菜做成汤或把谷物做成面包。
TUTORIAL.KITCHEN.C,,选择并部署厨房。与农田不同，大多数房间的运转需要家具设备。
TUTORIAL.MAIN_VIEW.A,,屏幕左下角的控制方案是游戏中主要的交互方式。
TUTORIAL.MAIN_VIEW.B,,你可以分配指令，排列修建房间和家具的顺序，以及调整任务的优先级。
TUTORIAL.MAIN_VIEW.C,,你可以点击鼠标右键返回上级菜单或清除当前选择。
TUTORIAL.MAIN_VIEW.C.STEAMDECK,,你可以按L2键返回上级菜单或清除当前选择。
TUTORIAL.MANAGEMENT_BUTTONS.DESCRIPTION,,时间和日期左侧的图标是管理和总览界面。
TUTORIAL.MANAGEMENT_BUTTONS.RESOURCE_MANAGEMENT,,查看资源管理界面
TUTORIAL.MANAGEMENT_BUTTONS.SETTLER_MANAGEMENT,,查看殖民者管理界面
TUTORIAL.MINIMAP.DESCRIPTION,,这是小地图。
TUTORIAL.MINIMAP.PROGRESS,,点击小地图跳转至相应的地点。
TUTORIAL.MINIMAP.PROGRESS.STEAMDECK,,当光标在小地图上时按R2可跳转至相应的地点。
TUTORIAL.NEEDS.A,,殖民者需要食物、水和睡觉。
TUTORIAL.NEEDS.B,,目前而言，他们能饮用河水，睡在地上。
TUTORIAL.NEEDS.C,,但想要填饱肚子，就必须种植农作物。
TUTORIAL.PROFESSIONS.A,,你能为每名殖民者分配最多3种职业，这将影响他们的行为。
TUTORIAL.PROFESSIONS.B,,你可以选中殖民者查看或更改职业，另外从殖民者管理界面也可以做到。
TUTORIAL.PROFESSIONS.C,,分配至少4名殖民者作为农夫。但务必也要分配搬运工，因为四处运送货物需要他们。
TUTORIAL.PROGRESS_DESCRIPTION.FARM_PLOT_SELECTIONS,,{{ROOMS.FARM.PLURAL}}已分配农作物
TUTORIAL.PROGRESS_DESCRIPTION.PROFESSIONS_ASSIGNED,,{{professionPlural}}已分配
TUTORIAL.PROGRESS_DESCRIPTION.TEXT,,{{currentQuantity}}/{{requiredQuantity}} {{targetDescription}}
TUTORIAL.PROGRESS_DESCRIPTION.TILES,,{{roomName}}区格
TUTORIAL.RESOURCES.A,,许多物品的制作都需要用到木板和石块，所以保障充足的存量很重要。
TUTORIAL.RESOURCES.B,,选择命令>采矿。选中山脉区域，命令你的矿工开始采矿。
TUTORIAL.RESOURCES.C,,同理，选择命令>伐木。选中森林区域，命令你的伐木工开始砍木材。
TUTORIAL.RESOURCE_COLLECTION.A,,等这些就绪后，你的工坊就能开始制作木板和石块了。
TUTORIAL.RESOURCE_COLLECTION.B,,继续采集资源，你需要充足的木板和石块。
TUTORIAL.SAVING.A,,午夜时分或退出游戏时会自动保存游戏进度。
TUTORIAL.SAVING.A.STEAMDECK,,每天午夜时都会自动保存进度。
TUTORIAL.SAVING.B,,你也可以按下F5键快速存档。
TUTORIAL.SAVING.B.STEAMDECK,,当你从主菜单退出游戏时也会保存游戏。
TUTORIAL.SAVING.C,,按F5快速存档
TUTORIAL.SHOW_LABEL,,显示教程
TUTORIAL.START.CAMERA_CONTROLS_1,,使用WASD键移动镜头
TUTORIAL.START.CAMERA_CONTROLS_1.STEAMDECK,,使用左摇杆或者十字键移动镜头
TUTORIAL.START.CAMERA_CONTROLS_2,,按Q和E键或者使用鼠标滚轮缩放视野
TUTORIAL.START.CAMERA_CONTROLS_2.STEAMDECK,,按L1和R1缩放视野
TUTORIAL.START.INTRO_1,,欢迎来到Mountaincore！游戏尚处于抢先体验阶段，内容仍在开发中。
TUTORIAL.START.INTRO_2,,英勇无畏的矮人将会在这片土地扎根，建立新的王国。为他们提供食物、住处以及繁荣的生活，或许终有一天这里会成为新的王都。
TUTORIAL.STOCKPILES.A,,殖民者可以通过仓库存放和分享物品，所以修建仓库是个不错的主意。
TUTORIAL.STOCKPILES.B,,选择工具仓库，拖拽鼠标在中心地点圈出工具仓库。
TUTORIAL.TIME_AND_DATE.DESCRIPTION,,此处可查看时间、日期、天气和控制游戏的速度。
TUTORIAL.TIME_AND_DATE.FAST_SPEED_STEP,,"点击图标或按数字键2,3和4提高速度"
TUTORIAL.TIME_AND_DATE.FAST_SPEED_STEP.STEAMDECK,,对图标按R2提高速度
TUTORIAL.TIME_AND_DATE.NORMAL_SPEED_STEP,,点击图标或按数字键1恢复普通速度
TUTORIAL.TIME_AND_DATE.NORMAL_SPEED_STEP.STEAMDECK,,对图标按R2恢复普通速度
TUTORIAL.TIME_AND_DATE.PAUSE_STEP,,按空格键可以暂停游戏和恢复游戏
TUTORIAL.TIME_AND_DATE.PAUSE_STEP.STEAMDECK,,按A键可以暂停游戏和恢复游戏
TUTORIAL.VIEW_MODES.DEFAULT_STEP,,点击最左侧的按钮恢复默认视图
TUTORIAL.VIEW_MODES.DEFAULT_STEP.STEAMDECK,,对最左侧的图标按R2恢复默认视图
TUTORIAL.VIEW_MODES.DESCRIPTION,,时间和日期下方的按钮可以用来切换不同的视图图层。
TUTORIAL.VIEW_MODES.OTHER_STEP,,点击其他的视图模式按钮
TUTORIAL.VIEW_MODES.OTHER_STEP.STEAMDECK,,对其他的师徒模式按钮按R2
TUTORIAL.WORKSHOPS.A,,木板由伐木工在锯木厂生产。石块由石匠在石工工坊生产。
TUTORIAL.WORKSHOPS.B,,选择并部署锯木厂和石工工坊，两者的建造都需要工作台。
TUTORIAL.WORKSHOPS.C,,按R可以旋转大多数家具。
TUTORIAL.WORKSHOPS.C.STEAMDECK,,按X可以旋转大多数家具。
TUTORIAL.WORKSHOPS.D,,
VEGETABLE.BARLEY,,大麦
VEGETABLE.BARLEY.PLURAL,,大麦
VEGETABLE.BARLEY.TOOLTIP,,仅用于酿制啤酒的谷物。{{SEASON.SPRING}}，{{SEASON.SUMMER}}和{{SEASON.AUTUMN}}都可以种植。
VEGETABLE.BERSERKER_MUSHROOM,,狂战士蘑菇
VEGETABLE.BERSERKER_MUSHROOM.PLURAL,,狂战士蘑菇
VEGETABLE.BERSERKER_MUSHROOM.TOOLTIP,,菌盖呈粉红色且有白色斑点。由于具有致幻性，有时候战士会在准备战斗的时候食用。
VEGETABLE.CARROT,,胡萝卜
VEGETABLE.CARROT.PLURAL,,胡萝卜
VEGETABLE.CARROT.TOOLTIP,,耐寒的根茎类蔬菜，即使在{{SEASON.WINTER}}的森林里也能存活。生长快，但产量较小。{{SEASON.SPRING}}，{{SEASON.SUMMER}}和{{SEASON.AUTUMN}}都可以种植。
VEGETABLE.CORN,,甜玉米
VEGETABLE.CORN.PLURAL,,甜玉米
VEGETABLE.CORN.TOOLTIP,,别名为玉蜀黍的谷物。产量高，但生长需要两季，而且在{{SEASON.WINTER}}无法存活，因此需要在{{SEASON.SPRING}}初期播种。
VEGETABLE.DEATH_CAP_MUSHROOM,,死亡帽蘑菇
VEGETABLE.DEATH_CAP_MUSHROOM.PLURAL,,死亡帽蘑菇
VEGETABLE.DEATH_CAP_MUSHROOM.TOOLTIP,,菌盖宽扁的剧毒蘑菇。即使食用了少量，也会危及生命。
VEGETABLE.DRAGONFRUIT,,火龙果
VEGETABLE.DRAGONFRUIT.PLURAL,,火龙果
VEGETABLE.ELFSBANE_MUSHROOM,,精灵之祸
VEGETABLE.ELFSBANE_MUSHROOM.PLURAL,,精灵之祸
VEGETABLE.ELFSBANE_MUSHROOM.TOOLTIP,,对绝大多数类人生物而言，这种蘑菇没有味道。但对精灵来说，它的味道恶心至极，食用后常常会导致剧烈呕吐，甚至极端情况下会引发心脏病。
VEGETABLE.FIST_MUSHROOM,,拳菇
VEGETABLE.FIST_MUSHROOM.PLURAL,,拳菇
VEGETABLE.FIST_MUSHROOM.TOOLTIP,,蘑菇呈蓝黑色，入口为金属味。黑暗时代的吟游诗人为它取了这个名字。
VEGETABLE.FOR_BEER.USAGE,,酿制{{LIQUID.BEER}}所需的材料
VEGETABLE.FUNGOLEM_MUSHROOM,,
VEGETABLE.FUNGOLEM_MUSHROOM.PLURAL,,
VEGETABLE.FUNGOLEM_MUSHROOM.TOOLTIP,,
VEGETABLE.GLOW_MUSHROOM,,微光菇
VEGETABLE.GLOW_MUSHROOM.PLURAL,,微光菇
VEGETABLE.GLOW_MUSHROOM.TOOLTIP,,蕴含魔力的蘑菇，它散发的光芒会随着季节的变化而变色。
VEGETABLE.HEMP,,火麻
VEGETABLE.HEMP.PLURAL,,火麻
VEGETABLE.HEMP.TOOLTIP,,在{{ROOMS.TEXTILE_WORKSHOP}}加工后可获得有用的材料。
VEGETABLE.HEMP.USAGE,, {{ROOMS.TEXTILE_WORKSHOP}}生产{{PRODUCT.LINEN}}所需的材料
VEGETABLE.HEMP_FIBRE,,火麻纤维
VEGETABLE.HEMP_FIBRE.PLURAL,,火麻纤维
VEGETABLE.HOPS,,啤酒花
VEGETABLE.HOPS.PLURAL,,啤酒花
VEGETABLE.HOPS.TOOLTIP,,能为啤酒增添风味的花。必须在{{SEASON.SPRING}}播种。
VEGETABLE.INGREDIENT.USAGE,,能用来做汤，也可以生食
VEGETABLE.LOQUAT,,枇杷
VEGETABLE.LOQUAT.PLURAL,,枇杷
VEGETABLE.MILTONIA_MUSHROOM,,堇蓝菇
VEGETABLE.MILTONIA_MUSHROOM.PLURAL,,堇蓝菇
VEGETABLE.MILTONIA_MUSHROOM.TOOLTIP,,最初人们以为这种植物只存在于哈德斯地区，但如今世界各地都能见到。
VEGETABLE.POTATO,,土豆
VEGETABLE.POTATO.PLURAL,,土豆
VEGETABLE.POTATO.TOOLTIP,,富含淀粉的根茎类蔬菜，由于在{{SEASON.WINTER}}也能生存，所以对大多数殖民者来说都是不错的选择。{{SEASON.SPRING}}，{{SEASON.SUMMER}}和{{SEASON.AUTUMN}}都可以种植。
VEGETABLE.PURPLE_HELMET_MUSHROOM,,紫盔蘑菇
VEGETABLE.PURPLE_HELMET_MUSHROOM.PLURAL,,紫盔蘑菇
VEGETABLE.PURPLE_HELMET_MUSHROOM.TOOLTIP,,大帽子、蓬松头巾、圆头盔；这种传说中的蘑菇有许多名字。传说很久以前，许多矮人部落都靠种植这种蘑菇维持生活。
VEGETABLE.ROCIOMYCOTA_MUSHROOM,,露菇
VEGETABLE.ROCIOMYCOTA_MUSHROOM.PLURAL,,露菇
VEGETABLE.ROCIOMYCOTA_MUSHROOM.TOOLTIP,,黑白相间且有斑点的蘑菇。据说食用后能影响外表。
VEGETABLE.SUNGLOW_MUSHROOM,,霞菇
VEGETABLE.SUNGLOW_MUSHROOM.PLURAL,,霞菇
VEGETABLE.SUNGLOW_MUSHROOM.TOOLTIP,,亮黄色的蘑菇，散发的光宛如阳光。采收后便不会发光。
VEGETABLE.SYRUP_POWDER_MUSHROOM,,糖浆粉菇
VEGETABLE.SYRUP_POWDER_MUSHROOM.PLURAL,,糖浆粉菇
VEGETABLE.SYRUP_POWDER_MUSHROOM.TOOLTIP,,橙色或黄色的圆形蘑菇，底部呈白色。据说很久以前的魔法师会使用这种蘑菇，但具体目的不得而知。
VEGETABLE.TAMARILLO,,树番茄
VEGETABLE.TAMARILLO.PLURAL,,树番茄
VEGETABLE.THIMBLEBERRY,,茅莓
VEGETABLE.THIMBLEBERRY.PLURAL,,茅莓
VEGETABLE.TOMATO,,番茄
VEGETABLE.TOMATO.PLURAL,,番茄
VEGETABLE.TOMATO.TOOLTIP,,草本植物，浆果呈红色，多为扁球状或近球状，用作蔬菜食用。仅能在{{SEASON.SPRING}}播种。
VEGETABLE.WHEAT,,小麦
VEGETABLE.WHEAT.PLURAL,,小麦
VEGETABLE.WHEAT.TOOLTIP,,通常用来制作面包的谷物。能在{{SEASON.WINTER}}生存，但生长周期较长，所以通常在{{SEASON.SPRING}}或 {{SEASON.AUTUMN}}播种。
VEGETABLE.WHEAT.USAGE,,能用来烘焙面包
VEHICLE.DESCRIPTION,,{{materialType.adjective}} {{vehicleType.noun}}
WALL.DESCRIPTION,,{{materialType.adjective}} {{wallType.noun}}
WALL.GEMS.NOUN,,宝石
WALL.ORE.NOUN,,矿石
WALL.ROUGH_STONE.NOUN,,石墙
WALL.STONE_BLOCK.NOUN,,光滑的石头墙
WALL.WOODEN.NOUN,,木墙
WEAPON.BATTLE.AXE,,战斧
WEAPON.BATTLE.HAMMER,,战锤
WEAPON.BONE.ARROW.HEADS.NOUN,,骨箭簇
WEAPON.BONE.ARROW.HEADS.PLURAL,,骨箭簇
WEAPON.BONE.ARROWS.NOUN,,箭矢
WEAPON.BONE.ARROWS.PLURAL,,箭矢
WEAPON.BOW,,弓
WEAPON.CROSSBOW,,弩
WEAPON.METAL.ARROW.HEADS.NOUN,,箭簇
WEAPON.METAL.ARROW.HEADS.PLURAL,,箭簇
WEAPON.METAL.ARROWS.NOUN,,箭矢
WEAPON.METAL.ARROWS.PLURAL,,箭矢
WEAPON.METAL.BOLTS.NOUN,,弩箭
WEAPON.METAL.BOLTS.PLURAL,,弩箭
WEAPON.METAL.SHIELD,,盾牌
WEAPON.NONE,,无
WEAPON.NO_ARMOUR,,无防具
WEAPON.NO_SHIELD,,无盾牌
WEAPON.SWORD,,剑
WEAPON.UNARMED,,赤手空拳
WEAPON.WOODEN.SHIELD,,盾牌
WEATHER.TYPE.CLOUDY,,多云
WEATHER.TYPE.COLD_WINDS,,寒风
WEATHER.TYPE.PERFECT,,完美天气
WEATHER.TYPE.RAIN,,瓢泼大雨
WEATHER.TYPE.SNOW,,阵雪
WEATHER.TYPE.THUNDERSTORM,,雷雨
WOOD.ASPEN.ADJECTIVE,,山杨
WOOD.ASPEN.NOUN,,山杨
WOOD.BAOBAB.ADJECTIVE,,猴面包树
WOOD.BAOBAB.NOUN,,猴面包树
WOOD.BARKSHROOM.ADJECTIVE,,树皮菇
WOOD.BARKSHROOM.NOUN,,树皮菇
WOOD.BEECH.ADJECTIVE,,山毛榉
WOOD.BEECH.NOUN,,山毛榉
WOOD.BIRCH.ADJECTIVE,,桦木
WOOD.BIRCH.NOUN,,桦木
WOOD.EBONY.ADJECTIVE,,乌木
WOOD.EBONY.NOUN,,乌木
WOOD.FIR.ADJECTIVE,,冷杉
WOOD.FIR.NOUN,,冷杉
WOOD.FUNGIWOOD.ADJECTIVE,,蕈木
WOOD.FUNGIWOOD.NOUN,,蕈木
WOOD.IRONWOOD.ADJECTIVE,,铁木
WOOD.IRONWOOD.NOUN,,铁木
WOOD.MAPLE.ADJECTIVE,,枫树
WOOD.MAPLE.NOUN,,枫树
WOOD.NUYTSIA.ADJECTIVE,,金焰檀
WOOD.NUYTSIA.NOUN,,金焰檀
WOOD.OAK.ADJECTIVE,,橡木
WOOD.OAK.NOUN,,橡树
WOOD.PECAN.ADJECTIVE,,碧根果
WOOD.PECAN.NOUN,,碧根果
WOOD.PINE.ADJECTIVE,,松树
WOOD.PINE.NOUN,,松树
WOOD.RED_CEDAR.ADJECTIVE,,红杉
WOOD.RED_CEDAR.NOUN,,红杉
WOOD.RED_EMPEROR.ADJECTIVE,,红帝王
WOOD.RED_EMPEROR.NOUN,,红帝王
WOOD.ROSEWOOD.ADJECTIVE,,蔷薇木
WOOD.ROSEWOOD.NOUN,,蔷薇木
WOOD.SPRUCE.ADJECTIVE,,云杉
WOOD.SPRUCE.NOUN,,云杉
WOOD.STAR_PINE.ADJECTIVE,,星松
WOOD.STAR_PINE.NOUN,,星松
WOOD.SYCAMORE.ADJECTIVE,,悬铃木
WOOD.SYCAMORE.NOUN,,悬铃木
