KEY,NOTES,SWEDISH
ACTION.DRINK_FROM_RIVER,,
ACTION.JOB.BUTCHER_CREATURE,,
ACTION.JOB.CLEAR_GROUND,,Rensa {{plantDescription}}
ACTION.JOB.CONSTRUCT_FLOORING,,
ACTION.JOB.CONSTRUCT_FURNITURE,,{{profession.verb}} {{targetDescription}}
ACTION.JOB.CONSTRUCT_MECHANISM,,
ACTION.JOB.CONSTRUCT_PIPING,,
ACTION.JOB.CONSTRUCT_ROOFING,,
ACTION.JOB.CREATE_GENERIC,,Producerar {{targetDescription}}
ACTION.JOB.DECONSTRUCT,,Ta bort {{targetDescription}}
ACTION.JOB.DECONSTRUCT_MECHANISM,,
ACTION.JOB.DECONSTRUCT_PIPING,,
ACTION.JOB.DECONSTRUCT_ROOFING,,
ACTION.JOB.DIGGING,,Gräva {{targetDescription}
ACTION.JOB.DUMP_LIQUID_FROM_CONTAINER,,
ACTION.JOB.EXTINGUISH_FLAMES,,
ACTION.JOB.FILL_GRAVE,,Fyllning {{targetDescription}
ACTION.JOB.FISHING,,
ACTION.JOB.GENERIC,,{{profession.verb}} {{targetDescription}}
ACTION.JOB.HARVESTING,,Skörd {{targetPlant}}
ACTION.JOB.INNOCULATE_MUSHROOM_LOG,,Injicera svamp leka
ACTION.JOB.LOGGING,,{{profession.verb}} {{targetPlant}}
ACTION.JOB.PLANTING,,Plantering {{RequireDem}}
ACTION.JOB.REMOVE_PESTS_FROM_CROP,,Ta bort skadedjur från {{targetPlant}}
ACTION.JOB.SHOVELLING,,Skovning {{targetDescription}
ACTION.JOB.TILLING,,Jordbearbetning
ACTION.JOB.TRANSFER_LIQUID,,Fyllning {{targetDescription}
ACTION.KNOCKED_UNCONSCIOUS,,
ACTION.MALTING.VERB,,
ACTION.PREPARATION.VERB,,Förbereder
ACTION.SELECT_JOB.DESCRIPTION,,Söker efter arbete
ACTION.SLEEP_ON_FLOOR.DESCRIPTION,,Sova på {{TileDescription}
ACTION.STUNNED,,
ARMOUR.LEATHER,,
ARMOUR.LEATHER.TOOLTIP,,
ARMOUR.ORC.HEAVY,,
ARMOUR.ORC.LIGHT,,
ARMOUR.PLATE,,
ARMOUR.PLATE.TOOLTIP,,
ASHES.NOUN,,
BODY_STRUCTURE.ABDOMEN,,
BODY_STRUCTURE.ARM,,
BODY_STRUCTURE.CEPHALOTHORAX,,
BODY_STRUCTURE.DAMAGE.BLEEDING,,
BODY_STRUCTURE.DAMAGE.BROKENBONES,,
BODY_STRUCTURE.DAMAGE.BRUISED,,
BODY_STRUCTURE.DAMAGE.DESTROYED,,
BODY_STRUCTURE.DAMAGE.NOT_INJURED,,
BODY_STRUCTURE.DISCRIMINATOR.BACKLEFT,,
BODY_STRUCTURE.DISCRIMINATOR.BACKRIGHT,,
BODY_STRUCTURE.DISCRIMINATOR.FIRSTLEFT,,
BODY_STRUCTURE.DISCRIMINATOR.FIRSTRIGHT,,
BODY_STRUCTURE.DISCRIMINATOR.FOURTHLEFT,,
BODY_STRUCTURE.DISCRIMINATOR.FOURTHRIGHT,,
BODY_STRUCTURE.DISCRIMINATOR.FRONTLEFT,,
BODY_STRUCTURE.DISCRIMINATOR.FRONTRIGHT,,
BODY_STRUCTURE.DISCRIMINATOR.LEFT,,
BODY_STRUCTURE.DISCRIMINATOR.RIGHT,,
BODY_STRUCTURE.DISCRIMINATOR.SECONDLEFT,,
BODY_STRUCTURE.DISCRIMINATOR.SECONDRIGHT,,
BODY_STRUCTURE.DISCRIMINATOR.THIRDLEFT,,
BODY_STRUCTURE.DISCRIMINATOR.THIRDRIGHT,,
BODY_STRUCTURE.FOOT,,
BODY_STRUCTURE.HAND,,
BODY_STRUCTURE.HEAD,,
BODY_STRUCTURE.HOOF,,
BODY_STRUCTURE.LEFT-ARM,,
BODY_STRUCTURE.LEFT-HAND,,
BODY_STRUCTURE.LEG,,
BODY_STRUCTURE.ORGAN.BRAIN,,
BODY_STRUCTURE.ORGAN.EYE,,
BODY_STRUCTURE.ORGAN.HEART,,
BODY_STRUCTURE.ORGAN.INTESTINES,,
BODY_STRUCTURE.ORGAN.KIDNEY,,
BODY_STRUCTURE.ORGAN.LUNG,,
BODY_STRUCTURE.ORGAN_DAMAGE.DESTROYED,,
BODY_STRUCTURE.ORGAN_DAMAGE.HEAVY,,
BODY_STRUCTURE.ORGAN_DAMAGE.LIGHT,,
BODY_STRUCTURE.PAW,,
BODY_STRUCTURE.RIGHT-ARM,,
BODY_STRUCTURE.RIGHT-HAND,,
BODY_STRUCTURE.TORSO,,
BODY_STRUCTURE.TRUNK,,
BONE.BONE,,
CARCASS.CARP.PREPARED.NOUN,,
CARCASS.CARP.PREPARED.PLURAL,,
CARCASS.GROUP,,
CARCASS.HIDE.NOUN,,
CARCASS.HIDE.PLURAL,,
CARCASS.MEAT.LARGE,,
CARCASS.MEAT.MEDIUM,,
CARCASS.MEAT.SMALL,,
CARCASS.PERCH.PREPARED.NOUN,,
CARCASS.PERCH.PREPARED.PLURAL,,
CARCASS.PIKE.PREPARED.NOUN,,
CARCASS.PIKE.PREPARED.PLURAL,,
CLOTH.BRONZED_HEMP,,
CLOTH.HEMP-LINEN,,
CLOTH.LIGHT_HEMP,,
CLOTH.TOBACCO_CLOTH,,
COMBAT.DAMAGE_TYPE.CRUSHING,,
COMBAT.DAMAGE_TYPE.SLASHING,,
COMBAT.DAMAGE_TYPE.STABBING,,
COMBAT.DESCRIPTION.FLEEING,,
COMBAT.DESCRIPTION.GENERIC,,
COMBAT.DESCRIPTION.VERSUS_OPPONENT,,
CONSTRUCTION.DESCRIPTION,,Konstruktion av {{materialType.adjective}} {{furnitureType.noun}}
CONSTRUCTION.REQUIREMENT_ALLOCATION,,
CONSTRUCTION.REQUIREMENT_RECIPE_MULTIPLE,,
CONSTRUCTION.REQUIREMENT_RECIPE_SINGULAR,,
CONSTRUCTION.STATUS.CLEARING_WORK_SITE,,Ta bort andra objekt
CONSTRUCTION.STATUS.CLEARING_WORK_SITE.TOOLTIP,,Det finns föremål som måste tas bort från möbelns byggområde innan det kan utvecklas.
CONSTRUCTION.STATUS.SELECTING_MATERIALS,,Väntar på att fler {{MaterialType}} {{itemDescription.plural}} är tillgängliga
CONSTRUCTION.STATUS.WAITING_FOR_COMPLETION,,Under konstruktion
CONSTRUCTION.STATUS.WAITING_FOR_RESOURCES,,Väntar på resurser att komma fram
COOKING.BREAD.DESCRIPTION,,{{MaterialDescription}} bröd
COOKING.DUAL_INGREDIENT.DESCRIPTION,,{{MaterialAlone}} och {{MaterialTwo}}
COOKING.RATION.DESCRIPTION,,
COOKING.SOUP.DESCRIPTION,,{{MaterialDescription}} soppa
COOKING.TRIPLE_INGREDIENT.DESCRIPTION,,
CRAFTING_TYPE.BAKING,,
CRAFTING_TYPE.BLACKSMITHING,,
CRAFTING_TYPE.BONE_CRAFTING,,
CRAFTING_TYPE.CARPENTRY,,
CRAFTING_TYPE.CARVING_VERB,,
CRAFTING_TYPE.COKE_OVEN_BAKING,,
CRAFTING_TYPE.FERMENTING,,
CRAFTING_TYPE.FINE_DETAIL_CRAFTING,,
CRAFTING_TYPE.FLETCHING,,
CRAFTING_TYPE.LEATHERWORKING,,
CRAFTING_TYPE.MALTING,,
CRAFTING_TYPE.MALT_MASHING,,
CRAFTING_TYPE.MILLING,,
CRAFTING_TYPE.MINTING,,
CRAFTING_TYPE.ORE_CRUSHING,,
CRAFTING_TYPE.SMELTING,,
CRAFTING_TYPE.STONEMASONRY,,
CRAFTING_TYPE.TANNING_HIDE,,
CRAFTING_TYPE.WEAPONSMITHING,,
CRAFTING_TYPE.WEAVING,,
CRAFTING_TYPE.WOODCUTTING,,
CRAFTING_TYPE.WORT_BREWING,,
CREATURE.DAMAGE.DESCRIPTION_A,,
CREATURE.DAMAGE.DESCRIPTION_B,,
CREATURE.DESCRIPTION,,
CREATURE.STATUS.BLINDED,,
CREATURE.STATUS.DEAD,,
CROP.AFFLICTED_BY_PESTS,,Pådrabbad av skadedjur
CROP.AFFLICTED_BY_PESTS.TOOLTIP,,Denna gröda har drabbats av ett alltför stort antal bladlöss och andra insekter som måste avlägsnas av en {{PROFER.FARMER}} innan den kan blomstra igen. Att inte ta bort skadedjur i tid kan innebära att denna gröda dör!
CROP.DESCRIPTION,,{{MaterialType.noun}} växt
CROP.HARVEST_PROGRESS,,
CROP.MOISTURE_STATE.DROUGHTED,,
CROP.MOISTURE_STATE.NEEDS_WATERING,,
CROP.MOISTURE_STATE.NEEDS_WATERING.TOOLTIP,,
CROP.MOISTURE_STATE.WATERED,,
DEATH_REASON.BURNING,,
DEATH_REASON.CRITICAL_ORGAN_DAMAGE,,
DEATH_REASON.CRUSHED_BY_FALLING_DEBRIS,,Fallande skräp
DEATH_REASON.DEHYDRATION,,Uttorkning
DEATH_REASON.EXHAUSTION,,Utmattning
DEATH_REASON.EXTENSIVE_INJURIES,,
DEATH_REASON.FOOD_POISONING,,Matförgiftning
DEATH_REASON.FROZEN,,
DEATH_REASON.GIVEN_UP_ON_LIFE,,
DEATH_REASON.INTERNAL_BLEEDING,,
DEATH_REASON.KILLED_BY_ENTITY,,
DEATH_REASON.MURDERED.UNKNOWN_KILLER,,
DEATH_REASON.STARVATION,,Svält
DEATH_REASON.SUFFOCATION,,
DEATH_REASON.UNKNOWN,,Mystiska omständigheter
EARTH.DIRT,,Smuts
EARTH.GRASS,,Gräs
EFFECT.FIRE,,
ENTITY.DESTRUCTION_DESCRIPTION.BURNED,,
ENTITY.DESTRUCTION_DESCRIPTION.COMBAT_DAMAGE,,
ENTITY.DESTRUCTION_DESCRIPTION.OXIDISED,,
FACTION.HOSTILE_INVASION,,
FACTION.MERCHANTS,,
FACTION.MONSTERS,,
FACTION.PIRATES,,
FACTION.SETTLEMENT,,
FACTION.SETTLEMENT.ANIMAL,,
FACTION.WILD_ANIMALS,,
FLOOR.CHANNEL.DESCRIPTION,,
FLOOR.CHANNEL.DESCRIPTION.TOOLTIP,,
FLOOR.CHANNEL.STATE.EMPTY,,
FLOOR.CHANNEL.STATE.FULL,,
FLOOR.CHANNEL.STATE.PARTIALLY_FILLED,,
FLOOR.COBBLESTONE,,Kullersten
FLOOR.DESCRIPTION,,{{Floortype.noun}}
FLOOR.DIRT,,Smuts
FLOOR.GRASS,,Gräs
FLOOR.GRAVEL,,Grus
FLOOR.PIPE.DESCRIPTION,,
FLOOR.POWER.DESCRIPTION,,
FLOOR.RIVER,,Floden
FLOOR.ROUGH_STONE,,Grovt stengolv
FLOOR.SNOW,,
FLOOR.STONE_PAVING,,
FLOOR.STONE_SLAB,,Stenplatta
FLOOR.TILLED_EARTH,,Jordbrukad jord
FLOOR.UNEXPLORED,,Outforskad
FLOOR.WOODEN,,
FOODSTUFF.ROCKBREAD,,Rockbread
FOODSTUFF.ROCKBREAD.TOOLTIP,,Detta är ett skamligt tufft bröd som är så svårt och praktiskt oätligt att det tar mycket lång tid att bli mögligt. Den mänskliga upptäcktsresanden J. A. Moffatt beskrev en gång att äta den som ”besläktad med att tugga grus som har muddrats från ett träsk”. Lyckligtvis verkar de flesta dvärgar inte bry sig.
FOODSTUFF.WHEAT-BREAD,,Vete
FUEL.SACK,,Bränsle
FUEL.SACK.TOOLTIP,,"Bränsle krävs vid tillverkning av metall, både av {{FEBURITURE.BLOOMERY_UGE}} och {{FURNITURE.FORGE}}."
FURNITURE.ARCHERY_TARGET,,
FURNITURE.ARCHERY_TARGET.TOOLTIP,,
FURNITURE.ARMOUR_STAND,,
FURNITURE.ARMOUR_STAND.TOOLTIP,,
FURNITURE.ARTISAN_WORKSTATION,,
FURNITURE.ARTISAN_WORKSTATION.TOOLTIP,,
FURNITURE.BAKERS_WORKTOP,,Baker bänkskiva
FURNITURE.BAKERS_WORKTOP.TOOLTIP,,A {{PROCESS.CHEF}} fungerar här för att förvandla {{RESOURCE.FLOUR.SACK.PLURAL}} till {{INDERENT.DEG}}.
FURNITURE.BAKING_OVEN,,Bakers ugn
FURNITURE.BAKING_OVEN.TOOLTIP,,En {{PROCISC.CHEF}} bakar bröd här med hjälp av preparerade {{INDERENT.DEG}}.
FURNITURE.BEER_TAPPER,,
FURNITURE.BEER_TAPPER.STATE.BEER_AVAILABLE,,
FURNITURE.BEER_TAPPER.STATE.BEER_BARREL_INCOMING,,
FURNITURE.BEER_TAPPER.STATE.BEER_EXHAUSTED,,
FURNITURE.BEER_TAPPER.STATE.IDLE,,
FURNITURE.BEER_TAPPER.TOOLTIP,,
FURNITURE.BLOOMERY_FURNACE,,Bloomery ugn
FURNITURE.BLOOMERY_FURNACE.TOOLTIP,,En {{PROFESSI.BLAKSMITH}} använder denna handdrivna ugn för att omvandla {{RESOURCE.ORE.CRUSHED.PLURAL}} och {FUEL.SACK}} till {{MATERIAL_TYPE.METAL.INGOT.PLURAL}}.
FURNITURE.BONE_CRAFTING_BENCH,,
FURNITURE.BONE_CRAFTING_BENCH.TOOLTIP,,
FURNITURE.BREW_KETTLE,,
FURNITURE.BREW_KETTLE.TOOLTIP,,
FURNITURE.BUTCHERY_WORKTOP,,
FURNITURE.BUTCHERY_WORKTOP.TOOLTIP,,
FURNITURE.BUYING_PALLET,,
FURNITURE.BUYING_PALLET.TOOLTIP,,
FURNITURE.CARPENTRY_WORKBENCH,,Snickarbänk
FURNITURE.CARPENTRY_WORKBENCH.TOOLTIP,,"De flesta träartiklar och verktyg produceras här, till exempel {{PRODUCT.BOCKET.PLURAL} och {{PRODUCT.BARREL.PLURAL}}."
FURNITURE.CAULDRON,,Kittel
FURNITURE.CAULDRON.TOOLTIP,,En kittel används för att servera en stor mängd soppa till hungriga bosättare. Soppan produceras i en {{ROOMS.CITY}} innan den flyttas till en {{ROOPS.FEASTING_HALL}} för servering.
FURNITURE.CHAIR,,Stol
FURNITURE.CHAIR.TOOLTIP,,
FURNITURE.CHARCOAL_CLAMP,,Klämma av träkol
FURNITURE.CHARCOAL_CLAMP.TOOLTIP,,"Detta är en hög med {{RESOURCE.LOGS.PLURAL}} täckt med {{MATERIAL_TYPE.EARD}} och långsamt brändes för att producera {{ORE.CHARCOAL.NOUN}}, som sedan kan användas som {FUEL.SACK}}."
FURNITURE.COKE_OVEN,,Koksugn
FURNITURE.COKE_OVEN.TOOLTIP,,En koksugn omvandlar {{ORE.BITUMINOUS_COAL.NOUN}} till {{ORE.COKE.NOUN}} så att den kan användas som {{FUEL.SACK}}.
FURNITURE.DESCRIPTION,,{{materialType.adjective}} {{FurnitureType.substantiv}}
FURNITURE.DESCRIPTION.GENERIC_PROGRESS,,Framsteg till slutförande: {{framsteg}}%
FURNITURE.DESCRIPTION.MUSHROOM_INNOCULATION_IN_PROGRESS,,Framsteg till fullständig oskulation: {{framsteg}}%
FURNITURE.DESCRIPTION.SHOCKING_IN_PROGRESS,,Framsteg till chock svamp logg: {{progress}}%
FURNITURE.DESCRIPTION.WAITING_FOR_ITEM,,Väntar på {{itemType.noun}
FURNITURE.DESCRIPTION.WAITING_FOR_LIQUID,,Väntar på att fyllas
FURNITURE.DESCRIPTION.WAITING_FOR_MUSHROOM_SPAWN,,Väntar på att injiceras med svampspawn
FURNITURE.DOUGH_PROOFING_TABLE,,
FURNITURE.DOUGH_PROOFING_TABLE.TOOLTIP,,
FURNITURE.EXPORT_PALLET,,
FURNITURE.EXPORT_PALLET.TOOLTIP,,
FURNITURE.FEASTING_TABLE,,Festbord
FURNITURE.FEASTING_TABLE.TOOLTIP,,"Med en {{Furniture.COOR}} på plats, kommer dina nybyggare njuta av sina måltider vid detta bord."
FURNITURE.FERMENTATION_TANK,,
FURNITURE.FERMENTATION_TANK.TOOLTIP,,
FURNITURE.FISH_BARREL,,
FURNITURE.FISH_BARREL.TOOLTIP,,
FURNITURE.FLETCHERS_WORKBENCH,,
FURNITURE.FLETCHERS_WORKBENCH.TOOLTIP,,
FURNITURE.FLOUR_MILL,,Gristmill
FURNITURE.FLOUR_MILL.TOOLTIP,,Gristmill malar {{VEETABL.VETE}} i {{RESOURCE.FLOUR.SACK.NOUN}} så att den kan användas av en {{PROCESTI.CHEF}}.
FURNITURE.FORGE,,Smida
FURNITURE.FORGE.TOOLTIP,,Här arbetar en {{PROCESS.BLAKSMITH}} med {{MATERIAL_TYPE.METAL.ADJECTIVE} {RESOURCE.METAL.INGOT.PLURAL}} och {FUEL.SACK}} för att tillverka föremål och vapen.
FURNITURE.GRAVE,,Grav
FURNITURE.GRAVE.TOOLTIP,,En hastigt grävd grav för avlidna bosättare som endast kan placeras i {{MATERIAL_TYPE.EARD}}.
FURNITURE.HITCHING_POST,,
FURNITURE.HITCHING_POST.TOOLTIP,,
FURNITURE.IMPORT_PALLET,,
FURNITURE.IMPORT_PALLET.TOOLTIP,,
FURNITURE.INVADER_CAMPFIRE,,
FURNITURE.KITCHEN_WORKTOP,,Kök bänkskiva
FURNITURE.KITCHEN_WORKTOP.TOOLTIP,,Ett område för att lagra ingredienser för en {{PROCUS.CHEF}} för att laga soppa.
FURNITURE.LANTERN,,Lykta
FURNITURE.LANTERN.TOOLTIP,,En lykta ger ljus — detta har för närvarande ingen effekt i spelet.
FURNITURE.LEATHERWORKING_STATION,,
FURNITURE.LEATHERWORKING_STATION.TOOLTIP,,
FURNITURE.LEDGER_TABLE,,
FURNITURE.LEDGER_TABLE.TOOLTIP,,
FURNITURE.LOOM,,
FURNITURE.LOOM.TOOLTIP,,
FURNITURE.MALTING_STATION,,
FURNITURE.MALTING_STATION.TOOLTIP,,
FURNITURE.MASH_TUN,,
FURNITURE.MASH_TUN.TOOLTIP,,
FURNITURE.MUSHROOM_LOG,,Svamp logg
FURNITURE.MUSHROOM_LOG.TOOLTIP,,"En logg som injicerats med {{INDERENENT.MUSTOM.SPAWN.PLURAL}} för att producera flera skördar av läckra, saftiga svampar."
FURNITURE.MUSHROOM_SHOCK_TANK,,Shock tank
FURNITURE.MUSHROOM_SHOCK_TANK.TOOLTIP,,Efter oskulation placeras en {{FEBRUARIET.MUSTOM_LOG}} i denna tank för att ”chocka” svampkolonin och uppmuntra den att odla svamp.
FURNITURE.ORE_CRUSHING_STATION,,Krossningsstation för malm
FURNITURE.ORE_CRUSHING_STATION.TOOLTIP,,Raw {RESOURCE.ORE.UNREFERED.PLURAL}} är krossad till en mer användbar storlek så att den kan användas i {{FURCE.BLOOMERY_UGE}}.
FURNITURE.PILLAR,,Pelare
FURNITURE.PILLAR.TOOLTIP,,En pelare krävs för att stoppa stora utvinda områden från att kollapsa. Ett område med 7x7 plattor som har utvinns utan några pelare eller andra stöd på plats kommer så småningom att kollapsa.
FURNITURE.RETTING_TANK,,
FURNITURE.RETTING_TANK.TOOLTIP,,
FURNITURE.SARCOPHAGUS,,Sarkofagen
FURNITURE.SARCOPHAGUS.TOOLTIP,,Denna genomarbetade stenbehållare är den sista viloplatsen för en avliden bosättare.
FURNITURE.SELLING_PALLET,,
FURNITURE.SELLING_PALLET.TOOLTIP,,
FURNITURE.SERVING_TABLE,,Serveringsbord
FURNITURE.SERVING_TABLE.TOOLTIP,,{{PRODUCT.BREAD.LOAF.PLURAL}} är placerade här för servering efter att ha bakats i en {{FURNITURE.BAKING_OVN}}.
FURNITURE.SINGLE_BED,,Säng
FURNITURE.SINGLE_BED.TOOLTIP,,En säng är den bästa platsen för en bekväm natts vila.
FURNITURE.SINGLE_DOOR,,Dörr
FURNITURE.SINGLE_DOOR_FRAME,,Dörrkarm
FURNITURE.SLEEPING_SPOT,,
FURNITURE.SLEEPING_SPOT.TOOLTIP,,
FURNITURE.STONEMASON_WORKBENCH,,Stenhuggarbänk
FURNITURE.STONEMASON_WORKBENCH.TOOLTIP,,A {{PROFESSI.STONEMASON}} arbetar här med {{MATERIAL_TYPE.STONE.ADJECTIVE}} resurser.
FURNITURE.TANNING_FRAME,,
FURNITURE.TANNING_FRAME.TOOLTIP,,
FURNITURE.TRADE_BANNER,,
FURNITURE.TRADE_BANNER.TOOLTIP,,
FURNITURE.TRAINING_DUMMY,,
FURNITURE.TRAINING_DUMMY.TOOLTIP,,
FURNITURE.WAGON_PARKED,,
FURNITURE.WATERWHEEL,,
FURNITURE.WATERWHEEL.PLURAL,,
FURNITURE.WATERWHEEL.TOOLTIP,,
FURNITURE.WATER_BARREL,,Vatten fat
FURNITURE.WATER_BARREL.TOOLTIP,,"Ett vattenfat är en plats för dina nybyggare att få en törstsläckande dryck, snarare än att behöva hitta en naturlig vattenkälla som floden."
FURNITURE.WATER_PUMP,,
FURNITURE.WATER_PUMP.PLURAL,,
FURNITURE.WATER_PUMP.TOOLTIP,,
FURNITURE.WEAPON_RACK,,
FURNITURE.WEAPON_RACK.TOOLTIP,,
FURNITURE.WELL,,
FURNITURE.WELL.TOOLTIP,,
FURNITURE.WINDMILL,,
FURNITURE.WINDMILL.PLURAL,,
FURNITURE.WINDMILL.TOOLTIP,,
FURNITURE.WOODCUTTERS_BENCH,,Huggkubb
FURNITURE.WOODCUTTERS_BENCH.TOOLTIP,,A {{PROCESS.WOOKCUTER}} fungerar här för att förvandla {{RESOURCE.LOGS.PLURAL}} till {{RESOURCE.PLURAL}}.
GEM.AMETHYST.ADJECTIVE,,Ametist-
GEM.AMETHYST.NOUN,,Ametist
GEM.AMETHYST.TOOLTIP,,En violett-hued sort av kvarts. Forntida människor trodde att det kunde skydda dem från att bli för fulla. Av denna anledning är det inte särskilt populärt i dvärgkultur.
GEM.AMMOLITE.ADJECTIVE,,Ammolit
GEM.AMMOLITE.NOUN,,Ammolit
GEM.AMMOLITE.TOOLTIP,,En opalliknande ädelsten som har en röd till grön iridescens. Det är känt som ”jaktsten” och amuletter gjorda av den är avsedda att bringa lycka till en jakt.
GEM.AQUAMARINE.ADJECTIVE,,Akvamarin-
GEM.AQUAMARINE.NOUN,,Akvamarin
GEM.AQUAMARINE.TOOLTIP,,En cyanfärgad sort av beryl. Vissa människor tror att det erbjuder magiskt skydd mot farorna i haven. Detta beror på att en uråldrig magiker använde en kombination av himmel och is magi för att skydda handelsfartyg under mörkrets tid.
GEM.BIXBITE.ADJECTIVE,,Bixbite
GEM.BIXBITE.NOUN,,Bixbite
GEM.BIXBITE.TOOLTIP,,"Även känd som röd beryl, det är en mycket sällsynt ädelsten. Det är ofta förvirrad för en rödfärgad smaragd."
GEM.CINNABAR.ADJECTIVE,,Cinnabar
GEM.CINNABAR.NOUN,,Cinnabar
GEM.CINNABAR.TOOLTIP,,En kvicksilvermalm som ofta används i smycken på grund av sin djupröda nyans. Det används också för att producera färgämnet som kallas vermillion.
GEM.CITRINE.ADJECTIVE,,Citron-
GEM.CITRINE.NOUN,,Citrin
GEM.CITRINE.TOOLTIP,,"En gulaktig sort av kvarts. Det är ädelstenen som är mest lik guld, så de flesta dvärgar tycker att citrin har tur."
GEM.DIAMOND.ADJECTIVE,,Diamant-
GEM.DIAMOND.NOUN,,Diamant
GEM.DIAMOND.TOOLTIP,,Det svåraste kända materialet och en av de viktigaste av de sju himmelska stenarna. Diamanter är den mest kondenserade formen av det neutrala elementet som kallas ”ande” eller ”eter”.
GEM.EMERALD.ADJECTIVE,,Smaragd-
GEM.EMERALD.NOUN,,Smaragd
GEM.EMERALD.TOOLTIP,,En livfull grön variation av beryl. Man tror att gravyr på en smaragd ger stor olycka. Smaragder är nära besläktade med elementärt liv och tillhörande magi.
GEM.GARNET.ADJECTIVE,,Granat-
GEM.GARNET.NOUN,,Granat
GEM.GARNET.TOOLTIP,,"Granat täcker en mängd mineraler som används som ädelstenar, alla med en djup röd färg. Vissa granatpärlor är faktiskt en kondenserad form av elementär eld."
GEM.JADE.ADJECTIVE,,Jade-
GEM.JADE.NOUN,,Jade
GEM.JADE.TOOLTIP,,Ett mineral med ljusgrön färg som ofta används för dekoration. Dessutom har alver varit kända för att använda jade för att producera medicin som kan bota sjukdomar i tarmen.
GEM.JASPER.ADJECTIVE,,Jaspis-
GEM.JASPER.NOUN,,Jaspis
GEM.JASPER.TOOLTIP,,"En oren sort av kiseldioxid som kan förekomma i flera färger, men oftast röd. Jasper gynnas som dekorationsmaterial av orcher på grund av dess mångfald."
GEM.LABRADORITE.ADJECTIVE,,Labradorit
GEM.LABRADORITE.NOUN,,Labradorit
GEM.LABRADORITE.TOOLTIP,,En sten som lyser med en typiskt ljusblå iridescens. Sällare exemplar kan spegla ett brett spektrum av färger.
GEM.LAPIS.ADJECTIVE,,Lapis lazuli
GEM.LAPIS.NOUN,,Lapis lazuli
GEM.LAPIS.TOOLTIP,,En sten med en lysande djupblå nyans som används som en ädelsten.
GEM.MAGNESITE.ADJECTIVE,,Magnesit
GEM.MAGNESITE.NOUN,,Magnesit
GEM.MAGNESITE.TOOLTIP,,Ett mineral som kan poleras till pärlor för användning i smycken. Dessa pärlor kan färgas i många olika färger.
GEM.MOONSTONE.ADJECTIVE,,Månsten-
GEM.MOONSTONE.NOUN,,Månsten
GEM.MOONSTONE.TOOLTIP,,"Trodde bildas av månskenet fångat i sten, vilket gör denna ädelsten till en favorit bland alverna."
GEM.MORGANITE.ADJECTIVE,,Morganit-
GEM.MORGANITE.NOUN,,Morganit
GEM.MORGANITE.TOOLTIP,,En rosafärgad sort av beryl. Det namngavs efter att ha blivit populär av en särskilt rik köpman i mytens tidsålder.
GEM.OPAL.ADJECTIVE,,Opal-
GEM.OPAL.NOUN,,Opal
GEM.OPAL.TOOLTIP,,"En form av kiseldioxid fylld med havens magi, vilket gör detta till en favorit bland sjömän och fiskare."
GEM.PAINITE.ADJECTIVE,,Smärtsamt
GEM.PAINITE.NOUN,,Smärtsamt
GEM.PAINITE.TOOLTIP,,En mycket sällsynt ädelsten som ofta identifieras som en ofärgad safir. Kristallerna är naturligt sexkantiga i form och en favorit hos taktiker.
GEM.RHODOCHROSITE.ADJECTIVE,,Rhodokrosit
GEM.RHODOCHROSITE.NOUN,,Rhodokrosit
GEM.RHODOCHROSITE.TOOLTIP,,"Finns i olika nyanser av rött till rosa. Det är inte lika svårt som de flesta ädelstenar, vilket gör det till ett dåligt val för ringar och andra stora smycken."
GEM.ROCK_CRYSTAL.ADJECTIVE,,Bergkristall-
GEM.ROCK_CRYSTAL.NOUN,,Bergkristall
GEM.ROCK_CRYSTAL.TOOLTIP,,Den renaste formen av kvarts. Stenkristaller förekommer ofta i magiska artefakter eftersom de är en kondenserad form av iselementet.
GEM.RUBY.ADJECTIVE,,Rubin-
GEM.RUBY.NOUN,,Rubin
GEM.RUBY.TOOLTIP,,"En av de sju himmelska stenarna, rubiner är eldens element kondenserad till en fast form."
GEM.SAPPHIRE.ADJECTIVE,,Safir-
GEM.SAPPHIRE.NOUN,,Safir
GEM.SAPPHIRE.TOOLTIP,,"Ofta tros skydda bäraren från demonernas uppmärksamhet, safirer är mycket eftertraktade av magiker för användning i himlen och luftbaserad magi."
GEM.SPINEL.ADJECTIVE,,Spinell-
GEM.SPINEL.NOUN,,Spinell
GEM.SPINEL.TOOLTIP,,"Ofta förväxlas med himmelska stenar som äkta rubiner och safirer, spineller är en mindre form av magisk infunderad pärla som kan associeras med något av elementen, beroende på färg."
GEM.TANZANITE.ADJECTIVE,,Tanzanite-
GEM.TANZANITE.NOUN,,Tanzanite
GEM.TANZANITE.TOOLTIP,,En sällsynt ädelsten som kan växla mellan blå och violett. Det tros vara bildat av en död guds materiella kropp.
GEM.TOPAZ.ADJECTIVE,,Topas-
GEM.TOPAZ.NOUN,,Topas
GEM.TOPAZ.TOOLTIP,,"Ibland förväxlas med den vanligare ädelstenen {{GEM.CITRINE.NOUN}}, finns topas i flera färger men oftast gulbrun. Den upptäcktes först på en ö som inte längre existerar."
GEM.TOURMALINE.ADJECTIVE,,Turmalin-
GEM.TOURMALINE.NOUN,,Turmalin
GEM.TOURMALINE.TOOLTIP,,Ofta hittas tillsammans med {{ORE.CASSITERITE.ADJEKTIVAL}} malm. Det är ibland förknippat med jordmagi.
GEM.TURQUOISE.ADJECTIVE,,Turkos-
GEM.TURQUOISE.NOUN,,Turkos
GEM.TURQUOISE.TOOLTIP,,Ett blågrönt mineral som ofta används i dekorationer. Det är tänkt att bringa lycka till bäraren. Det är ofta infunderat med jordens element.
GOAL.ABANDON_JOB.DESCRIPTION,,
GOAL.ADD_TO_INVENTORY.DESCRIPTION,,Samla {{targetDescription}}
GOAL.COMBAT.DESCRIPTION,,
GOAL.DRINK.DESCRIPTION,,Dricka {{targetZoneMaterial}}
GOAL.DUMP_LIQUID.DESCRIPTION,,
GOAL.EAT.DESCRIPTION,,Äta {{targetDescription}}
GOAL.EXTINGUISH_FIRE.DESCRIPTION,,
GOAL.FLEE_FROM_AGGRESSOR.DESCRIPTION,,
GOAL.HAULING.DESCRIPTION,,Släpa {{itemDescription}}
GOAL.IDLE.DESCRIPTION,,Inaktiv
GOAL.INVADER.CREATE_CAMP.DESCRIPTION,,
GOAL.INVADER.RETREAT.DESCRIPTION,,
GOAL.INVADER.STEAL_RESOURCES.DESCRIPTION,,
GOAL.MILITARY.ATTACK_TARGET.DESCRIPTION,,
GOAL.MILITARY.STAND_IN_FORMATION.DESCRIPTION,,
GOAL.MILITARY.TRAINING.DESCRIPTION,,
GOAL.ON_FIRE.DESCRIPTION,,
GOAL.REFILL_WATERSKIN.DESCRIPTION,,
GOAL.SLEEP.DESCRIPTION,,Gå till sängs
GOAL.TRANSFER_LIQUID.DESCRIPTION,,Överföra {{targetZoneMaterial}}
GUI.ADD_REMOVE_TILES,,Lägg till/ta bort brickor
GUI.ADD_TILES,,Lägg till paneler
GUI.AMBIENT_EFFECT_VOLUME,,
GUI.AVAILABLE_PROGRESS_BAR,,
GUI.BACK_LABEL,,Tillbaka 
GUI.BUILD.BRIDGE,,Bron
GUI.BUILD.DOORS,,Dörrar
GUI.BUILD.FLOOR,,
GUI.BUILD.PILLARS,,
GUI.BUILD.PIPING,,
GUI.BUILD.POWER,,
GUI.BUILD.ROOFING,,
GUI.BUILD.WALLS,,Väggar
GUI.BUILD_FURNITURE,,Möbler
GUI.BUILD_LABEL,,Bygg
GUI.CANCEL_LABEL,,Avbryt 
GUI.CHANGE_PROFESSION_LABEL,,Byt yrke
GUI.CHANGE_WEAPON_LABEL,,
GUI.COMBAT_LABEL,,
GUI.CONSTRUCTION_LABEL,,
GUI.CRAFTING_MANAGEMENT.MAINTAINING_TEXT,,
GUI.CRAFTING_MANAGEMENT.SUBTITLE,,
GUI.CRAFTING_MANAGEMENT.TABLE.CRAFTED_WITH,,
GUI.CRAFTING_MANAGEMENT.TABLE.ITEM,,
GUI.CRAFTING_MANAGEMENT.TABLE.MANAGEMENT,,
GUI.CRAFTING_MANAGEMENT.TABLE.MANAGEMENT.LIMIT,,
GUI.CRAFTING_MANAGEMENT.TABLE.MANAGEMENT.QUANTITY,,
GUI.CRAFTING_MANAGEMENT.TABLE.MANAGEMENT.QUANTITY.DECREMENT,,
GUI.CRAFTING_MANAGEMENT.TABLE.MANAGEMENT.QUANTITY.INCREMENT,,
GUI.CRAFTING_MANAGEMENT.TITLE,,
GUI.CRAFTING_MANAGEMENT.TOTAL_QUANTITY_ACTUAL,,
GUI.CRAFTING_MANAGEMENT.TOTAL_QUANTITY_HINT,,
GUI.CREDITS.AND_YOU_TITLE,,
GUI.CREDITS.DEVELOPERS.CHARACTER_ART,,
GUI.CREDITS.DEVELOPERS.CONCEPT_ART,,
GUI.CREDITS.DEVELOPERS.ENVIRONMENT_ART,,
GUI.CREDITS.DEVELOPERS.LEAD_DESIGN,,
GUI.CREDITS.DEVELOPERS.LEAD_UI,,
GUI.CREDITS.DEVELOPERS.MUSIC,,
GUI.CREDITS.DEVELOPERS.MUSIC_ADDITIONAL,,
GUI.CREDITS.DEVELOPERS.PROGRAMMING,,
GUI.CREDITS.DEVELOPERS.SPECIAL_THANKS,,
GUI.CREDITS.FOUNDING_BACKERS_TITLE,,
GUI.CREDITS.PATREON_KICKSTARTER_TITLE,,
GUI.CREDITS.TRANSLATORS_TITLE,,
GUI.CROP_SELECTION,,Beskära:
GUI.CROP_SELECTION.DESCRIPTION,,
GUI.CROP_SELECTION.PLANTING_HINT.SEASONS_0,,
GUI.CROP_SELECTION.PLANTING_HINT.SEASONS_1,,
GUI.CROP_SELECTION.PLANTING_HINT.SEASONS_2,,
GUI.CROP_SELECTION.PLANTING_HINT.SEASONS_3,,
GUI.CROP_SELECTION.PLANTING_HINT.SEASONS_4,,
GUI.DATE_TIME_YEAR_LABEL,,
GUI.DAY_LABEL,,
GUI.DECONSTRUCT_LABEL,,
GUI.DIALOG.CANCEL_BUTTON,,
GUI.DIALOG.CONFIRM,,
GUI.DIALOG.CONFIRM_DELETE_SAVE,,
GUI.DIALOG.DISMISS,,Avfärda
GUI.DIALOG.ERROR_ROOM_NAME_ALREADY_EXISTS,,Ett rum med det namnet finns redan.
GUI.DIALOG.ERROR_SAVE_INCOMPATIBLE,,Spara filen kunde inte laddas eftersom den är inkompatibel med den här versionen av spelet.
GUI.DIALOG.ERROR_TITLE,,Ett fel har inträffat
GUI.DIALOG.ERROR_WHILE_LOADING,,Det var ett oväntat fel när du laddade spelet.
GUI.DIALOG.ERROR_WHILE_SAVING,,Det var ett oväntat fel när du räddade spelet.
GUI.DIALOG.HIDE_FURTHER_NOTIFICATIONS,,
GUI.DIALOG.INFO_TITLE,,Information
GUI.DIALOG.JUMP_TO,,Gå till plats
GUI.DIALOG.LANGUAGE_TRANSLATION_INCOMPLETE,,Den valda språköversättningen är för närvarande ofullständig och kommer att sakna en del text. Ett reservspråk kommer att användas.
GUI.DIALOG.MOD_CHANGES_OUTSTANDING,,Du har valt en annan uppsättning mods som ska tillämpas på spelet. Dessa kommer att tillämpas när spelet startas nästa gång.
GUI.DIALOG.MOD_INCOMPATIBLE,,En eller flera mods är inkompatibla med den här versionen av spelet och har avaktiverats. Du kan söka efter uppdateringar i mods-menyn.
GUI.DIALOG.OK_BUTTON,,OKEJ
GUI.DIALOG.RENAME_ROOM_TITLE,,Byt namn på rum
GUI.DIALOG.RENAME_SETTLER_TITLE,,
GUI.DIALOG.RESTART_REQUIRED,,Du måste starta om spelet för att ändringen ska träda i kraft
GUI.DIALOG.SETTLEMENT_NAME_ALREADY_IN_USE,,
GUI.DIALOG.SETTLEMENT_NAME_NOT_SPECIFIED,,
GUI.DIALOG.STOCKPILE_MANAGEMENT.TITLE,,
GUI.EMBARK.DISCORD_LINK,,
GUI.EMBARK.MAP_SEED,,
GUI.EMBARK.MAP_SIZE,,
GUI.EMBARK.MAP_SIZE.LARGE,,
GUI.EMBARK.MAP_SIZE.MEDIUM,,
GUI.EMBARK.MAP_SIZE.SMALL,,
GUI.EMBARK.PEACEFUL_MODE,,
GUI.EMBARK.SETTLEMENT_NAME,,
GUI.EMBARK.START,,
GUI.EMBARK.TITLE,,
GUI.EMPTY_CONTAINER_LABEL,,
GUI.EMPTY_CONTAINER_LABEL.BEING_ACTIONED,,
GUI.EMPTY_CONTAINER_LABEL.HINT,,
GUI.FURNITURE_ASSIGNED_TO,,Tilldelas till {{name}}
GUI.FURNITURE_BEING_REMOVED,,För närvarande tas bort
GUI.FURNITURE_REQUIREMENT.ALL_MATERIALS,,
GUI.FURNITURE_REQUIREMENT.SPECIFIED_MATERIALS,,
GUI.GRAPHICS.FULLSCREEN,,Helskärm
GUI.GRAPHICS.RESOLUTION,,Upplösning
GUI.INVASION_LABEL,,
GUI.ITEM.WEAPON_ARMOR_NEGATION_DESCRIPTION,,
GUI.ITEM.WEAPON_ATTACK_DESCRIPTION,,
GUI.KEY_BINDING.DEBUG_FRAME_BUFFER_0,,
GUI.KEY_BINDING.DEBUG_FRAME_BUFFER_1,,
GUI.KEY_BINDING.DEBUG_FRAME_BUFFER_2,,
GUI.KEY_BINDING.DEBUG_FRAME_BUFFER_3,,
GUI.KEY_BINDING.DEBUG_FRAME_BUFFER_4,,
GUI.KEY_BINDING.DEBUG_FRAME_BUFFER_5,,
GUI.KEY_BINDING.DEBUG_FRAME_BUFFER_6,,
GUI.KEY_BINDING.DEBUG_FRAME_BUFFER_7,,
GUI.KEY_BINDING.DEBUG_FRAME_BUFFER_8,,
GUI.KEY_BINDING.DEBUG_FRAME_BUFFER_9,,
GUI.KEY_BINDING.DEBUG_GAME_SPEED_SLOW,,
GUI.KEY_BINDING.DEBUG_GAME_SPEED_ULTRA_FAST,,
GUI.KEY_BINDING.DEBUG_HIDE_GUI,,
GUI.KEY_BINDING.DEBUG_SHOW_INDIVIDUAL_LIGHTING_BUFFERS,,
GUI.KEY_BINDING.DEBUG_SHOW_JOB_STATUS,,
GUI.KEY_BINDING.DEBUG_SHOW_LIQUID_FLOW,,
GUI.KEY_BINDING.DEBUG_SHOW_MENU,,
GUI.KEY_BINDING.DEBUG_SHOW_PATHFINDING_NODES,,
GUI.KEY_BINDING.DEBUG_SHOW_ZONES,,
GUI.KEY_BINDING.DEBUG_TOGGLE_FLOOR_OVERLAP_RENDERING,,
GUI.KEY_BINDING.FAST_PAN,,
GUI.KEY_BINDING.GAME_SPEED_FAST,,
GUI.KEY_BINDING.GAME_SPEED_FASTER,,
GUI.KEY_BINDING.GAME_SPEED_FASTEST,,
GUI.KEY_BINDING.GAME_SPEED_NORMAL,,
GUI.KEY_BINDING.PAN_CAMERA_DOWN,,
GUI.KEY_BINDING.PAN_CAMERA_LEFT,,
GUI.KEY_BINDING.PAN_CAMERA_RIGHT,,
GUI.KEY_BINDING.PAN_CAMERA_UP,,
GUI.KEY_BINDING.PAUSE,,
GUI.KEY_BINDING.QUICKLOAD,,
GUI.KEY_BINDING.QUICKSAVE,,
GUI.KEY_BINDING.ROTATE,,
GUI.KEY_BINDING.ZOOM_IN,,
GUI.KEY_BINDING.ZOOM_OUT,,
GUI.LEAVE_CROP_FALLOW,,Ingen (Lämna träda)
GUI.LOAD_GAME.TABLE.COPY_SEED,,
GUI.LOAD_GAME.TABLE.DATE_TIME,,
GUI.LOAD_GAME.TABLE.DELETE,,
GUI.LOAD_GAME.TABLE.GAME_TIME,,
GUI.LOAD_GAME.TABLE.PLAY,,
GUI.LOAD_GAME.TABLE.SETTLEMENT_NAME,,
GUI.LOAD_GAME.TABLE.VERSION,,
GUI.LOAD_GAME.TITLE,,
GUI.MAP_SEED.COPY_TO_CLIPBOARD,,
GUI.MAP_SEED_DISPLAY,,
GUI.MECHANISM.SHAFT.HORIZONTAL,,
GUI.MECHANISM.SHAFT.VERTICAL,,
GUI.MILITARY.DIALOG.ADD_SQUAD,,
GUI.MILITARY.DIALOG.CHOOSE_EMBLEM,,
GUI.MILITARY.DIALOG.RENAME_SQUAD,,
GUI.MILITARY.DIALOG.SELECT_SQUAD,,
GUI.MILITARY.NEW_SQUAD,,
GUI.MILITARY.ORDERS,,
GUI.MILITARY.ORDERS.ATTACK,,
GUI.MILITARY.ORDERS.CANCEL_ATTACK,,
GUI.MILITARY.ORDERS.GUARD,,
GUI.MILITARY.ORDERS.RETREAT,,
GUI.MILITARY.ORDERS.TRAIN,,
GUI.MILITARY.REMOVE_SQUAD,,
GUI.MILITARY.REMOVE_SQUAD.DIALOG,,
GUI.MILITARY.SET_FORMATION,,
GUI.MILITARY.SET_ORDERS,,
GUI.MILITARY.TAB.DWARVES,,
GUI.MILITARY.TAB.SQUADS,,
GUI.MILITARY.TAB.TRAINED_CIVILIANS,,
GUI.MINIMAP.LABEL,,Minimap
GUI.MUSIC_VOLUME,,
GUI.NEXT_LABEL,,Nästa
GUI.NON_ROTATABLE_FURNITURE.HINT,,Dessa möbler kan inte roteras i den här versionen av spelet
GUI.OK_LABEL,,OK
GUI.OPTIONS.AUDIO.TITLE,,Alternativ för ljud
GUI.OPTIONS.GAMEPLAY.HIDE_TREES_OBSCURING_SETTLERS,,Gör träd genomskinliga när dölja bosättare
GUI.OPTIONS.GAMEPLAY.TITLE,,Spelalternativ
GUI.OPTIONS.GAMEPLAY.USE_EDGE_SCROLLING,,Rulla när markören är vid kanten av skärmen
GUI.OPTIONS.GAMEPLAY.ZOOM_TO_CURSOR,,
GUI.OPTIONS.GRAPHICS.FULLSCREENMODE.BORDERLESS_FULLSCREEN,,
GUI.OPTIONS.GRAPHICS.FULLSCREENMODE.EXCLUSIVE_FULLSCREEN,,
GUI.OPTIONS.GRAPHICS.FULLSCREENMODE.WINDOWED,,
GUI.OPTIONS.GRAPHICS.TITLE,,Grafikinställningar 
GUI.OPTIONS.GRAPHICS.WEATHER_EFFECTS,,
GUI.OPTIONS.GRAPHICS.WEATHER_EFFECTS_TOOLTIP,,
GUI.OPTIONS.KEY_BINDINGS,,
GUI.OPTIONS.MISC.CRASH_REPORTING_ENABLED,,
GUI.OPTIONS.MISC.TITLE,,Diverse
GUI.OPTIONS.MISC.TUTORIAL_ENABLED,,
GUI.OPTIONS.RESET,,
GUI.OPTIONS.TAB.AUDIO,,
GUI.OPTIONS.TAB.GAMEPLAY,,
GUI.OPTIONS.TAB.GRAPHICS,,
GUI.OPTIONS.TAB.MISC,,
GUI.OPTIONS.TAB.TWITCH,,
GUI.OPTIONS.TWITCH.ACCOUNT_LABEL,,
GUI.OPTIONS.TWITCH.CODE_LABEL,,
GUI.OPTIONS.TWITCH.CONNECTED_LABEL,,
GUI.OPTIONS.TWITCH.DISCONNECT,,
GUI.OPTIONS.TWITCH.DISCONNECTED_LABEL,,
GUI.OPTIONS.TWITCH.ENABLED,,
GUI.OPTIONS.TWITCH.GENERAL_ERROR,,
GUI.OPTIONS.TWITCH.LINK_ACCOUNT_BUTTON,,
GUI.OPTIONS.TWITCH.PRIORITISE_SUBSCRIBERS,,
GUI.OPTIONS.TWITCH.SUBMIT_BUTTON,,
GUI.OPTIONS.TWITCH.TITLE,,
GUI.OPTIONS.TWITCH.VIEWERS_AS_SETTLERS,,
GUI.OPTIONS.TWITCH.VIEWERS_LABEL,,
GUI.ORDERS.CHOP_WOOD,,Hugga
GUI.ORDERS.CLEAR_GROUND,,Rensa
GUI.ORDERS.DIG_CHANNELS,,
GUI.ORDERS.DIG_CHANNELS.TOOLTIP,,
GUI.ORDERS.EXTINGUISH_FLAMES,,
GUI.ORDERS.EXTINGUISH_FLAMES.TOOLTIP,,
GUI.ORDERS.HARVEST_PLANTS,,Skörda
GUI.ORDERS.HUNT,,
GUI.ORDERS.HUNT.TOOLTIP,,
GUI.ORDERS.MINE,,Gräva
GUI.ORDERS_LABEL,,Order
GUI.PLACE_BRIDGE.HINT,,En bro måste täcka båda sidor av floden och vara minst 3x3 plattor i storlek
GUI.POWER_LABEL,,
GUI.POWER_WATER_INFO,,
GUI.PRIORITY_LABEL,,
GUI.PRODUCTION_EXPORT.CHOOSE_ITEM_TYPE,,
GUI.PRODUCTION_EXPORT.LIMIT.REACHED,,
GUI.PRODUCTION_IMPORT.CHOOSE_ITEM_TYPE,,
GUI.REMOVE_LABEL,,Ta bort
GUI.REMOVE_TILES,,Ta bort paneler
GUI.RESOURCE_MANAGEMENT.ALL_OF,,
GUI.RESOURCE_MANAGEMENT.AVAILABLE,,
GUI.RESOURCE_MANAGEMENT.AVAILABLE_OF_TOTAL,,
GUI.RESOURCE_MANAGEMENT.ITEM_ALLOCATION_PURPOSE.CONTENTS_TO_BE_DUMPED,,
GUI.RESOURCE_MANAGEMENT.ITEM_ALLOCATION_PURPOSE.CONTENTS_TO_BE_DUMPED.PLURAL,,
GUI.RESOURCE_MANAGEMENT.ITEM_ALLOCATION_PURPOSE.DUE_TO_BE_HAULED,,
GUI.RESOURCE_MANAGEMENT.ITEM_ALLOCATION_PURPOSE.DUE_TO_BE_HAULED.PLURAL,,
GUI.RESOURCE_MANAGEMENT.ITEM_ALLOCATION_PURPOSE.EQUIPPED,,
GUI.RESOURCE_MANAGEMENT.ITEM_ALLOCATION_PURPOSE.EQUIPPED.PLURAL,,
GUI.RESOURCE_MANAGEMENT.ITEM_ALLOCATION_PURPOSE.FOOD_ALLOCATION,,
GUI.RESOURCE_MANAGEMENT.ITEM_ALLOCATION_PURPOSE.FOOD_ALLOCATION.PLURAL,,
GUI.RESOURCE_MANAGEMENT.ITEM_ALLOCATION_PURPOSE.HAULING,,
GUI.RESOURCE_MANAGEMENT.ITEM_ALLOCATION_PURPOSE.HAULING.PLURAL,,
GUI.RESOURCE_MANAGEMENT.ITEM_ALLOCATION_PURPOSE.HELD_IN_INVENTORY,,
GUI.RESOURCE_MANAGEMENT.ITEM_ALLOCATION_PURPOSE.HELD_IN_INVENTORY.PLURAL,,
GUI.RESOURCE_MANAGEMENT.ITEM_ALLOCATION_PURPOSE.ON_FIRE,,
GUI.RESOURCE_MANAGEMENT.ITEM_ALLOCATION_PURPOSE.ON_FIRE.PLURAL,,
GUI.RESOURCE_MANAGEMENT.ITEM_ALLOCATION_PURPOSE.PLACED_FOR_CONSTRUCTION,,
GUI.RESOURCE_MANAGEMENT.ITEM_ALLOCATION_PURPOSE.PLACED_FOR_CONSTRUCTION.PLURAL,,
GUI.RESOURCE_MANAGEMENT.ITEM_ALLOCATION_PURPOSE.PRODUCTION_IMPORT,,
GUI.RESOURCE_MANAGEMENT.ITEM_ALLOCATION_PURPOSE.PRODUCTION_IMPORT.PLURAL,,
GUI.RESOURCE_MANAGEMENT.ITEM_ALLOCATION_PURPOSE.PRODUCTION_OUTPUT,,
GUI.RESOURCE_MANAGEMENT.ITEM_ALLOCATION_PURPOSE.PRODUCTION_OUTPUT.PLURAL,,
GUI.RESOURCE_MANAGEMENT.QUANTIFIED_ITEM,,
GUI.RESOURCE_MANAGEMENT.SEARCH,,
GUI.RESOURCE_MANAGEMENT.SORT_BY,,
GUI.RESOURCE_MANAGEMENT.TITLE,,Resurser
GUI.RESOURCE_MANAGEMENT.TOTAL,,
GUI.RESOURCE_MANAGEMENT.UNALLOCATED_LABEL,,Tillgänglig: {{count}}
GUI.ROOFING.ADD,,
GUI.ROOMS_LABEL,,
GUI.ROTATE_FURNITURE.HINT,,Tryck på (R) för att rotera möbler
GUI.SAVING_PROMPT,,Räddar...
GUI.SELECT_WEAPON.LABEL,,
GUI.SETTINGS.LABEL,,
GUI.SETTLER_MANAGEMENT.CHOOSE_ARMOUR,,
GUI.SETTLER_MANAGEMENT.CHOOSE_SHIELD,,
GUI.SETTLER_MANAGEMENT.CHOOSE_WEAPON,,
GUI.SETTLER_MANAGEMENT.HAPPINESS,,
GUI.SETTLER_MANAGEMENT.IMMIGRATION,,
GUI.SETTLER_MANAGEMENT.MAIN_HAND.STATUS,,
GUI.SETTLER_MANAGEMENT.OFF_HAND.STATUS,,
GUI.SETTLER_MANAGEMENT.OFF_HAND.TWO_HANDED_WEAPON,,
GUI.SETTLER_MANAGEMENT.POPULATION_STATISTICS,,
GUI.SETTLER_MANAGEMENT.PROFESSION.CIVILIAN,,
GUI.SETTLER_MANAGEMENT.PROFESSION.MILITARY,,
GUI.SETTLER_MANAGEMENT.PROFESSION.VILLAGER,,
GUI.SETTLER_MANAGEMENT.SEARCH,,
GUI.SETTLER_MANAGEMENT.SORT.HAPPINESS,,
GUI.SETTLER_MANAGEMENT.SORT.MILITARY_CIVILIAN,,
GUI.SETTLER_MANAGEMENT.SORT.NAME,,
GUI.SETTLER_MANAGEMENT.SORT.SKILL_LEVEL,,
GUI.SETTLER_MANAGEMENT.SORT_BY,,
GUI.SETTLER_MANAGEMENT.TITLE,,Nybyggare
GUI.SOUND_EFFECT_VOLUME,,
GUI.UI_SCALE,,Gränssnittskala:
GUI.VIEW_MODE.DEFAULT,,
GUI.VIEW_MODE.JOB_PRIORITY,,
GUI.VIEW_MODE.MECHANISMS,,
GUI.VIEW_MODE.PIPING,,
GUI.VIEW_MODE.ROOFING_INFO,,
GUI.VIEW_ROADMAP,,
GUI.YEAR_LABEL,,
HAPPINESS_MODIFIER.ALCOHOL_WITHDRAWAL,,
HAPPINESS_MODIFIER.ATE_NICELY_PREPARED_FOOD,,Åt en fint tillagad måltid
HAPPINESS_MODIFIER.BLEEDING,,
HAPPINESS_MODIFIER.CARRIED_DEAD_BODY,,Bär en död kropp
HAPPINESS_MODIFIER.CAUGHT_IN_RAIN,,
HAPPINESS_MODIFIER.DRANK_ALCOHOL,,
HAPPINESS_MODIFIER.DRANK_FROM_RIVER,,Drack flod vatten
HAPPINESS_MODIFIER.DYING_OF_HUNGER,,Svältande
HAPPINESS_MODIFIER.DYING_OF_THIRST,,Kritiskt uttorkad
HAPPINESS_MODIFIER.HAD_A_TANTRUM,,
HAPPINESS_MODIFIER.NEW_SETTLEMENT_OPTIMISM,,Optimistiska om ny bosättning
HAPPINESS_MODIFIER.ON_FIRE,,
HAPPINESS_MODIFIER.POISONED,,Förgiftad
HAPPINESS_MODIFIER.SAW_DEAD_BODY,,Såg en död kropp
HAPPINESS_MODIFIER.SLEEPING_IN_RAIN,,
HAPPINESS_MODIFIER.SLEEPING_IN_SNOW,,
HAPPINESS_MODIFIER.SLEPT_IN_BED,,
HAPPINESS_MODIFIER.SLEPT_ON_GROUND,,Sov på grov mark
HAPPINESS_MODIFIER.SLEPT_OUTSIDE,,Sov under stjärnorna
HAPPINESS_MODIFIER.TITLE,,Lycka:
HAPPINESS_MODIFIER.VERY_HUNGRY,,Mycket hungrig
HAPPINESS_MODIFIER.VERY_THIRSTY,,Mycket törstig
HAPPINESS_MODIFIER.VERY_TIRED,,Extremt trött
HAPPINESS_MODIFIER.WORKED_IN_ENCLOSED_ROOM,,
HAPPINESS_MODIFIER.WORKED_IN_RAIN,,
HAULING.ASSIGNMENT.DESCRIPTION,,{{kvantitet}} tilldelad till {{targetDescription}}
HINT.BUILD_PIPES.1,,
HINT.BUILD_PIPES.2,,
HINT.BUILD_PIPES.3,,
HINT.BUILD_POWER.1,,
HINT.BUILD_POWER.2,,
HINT.BUILD_POWER.3,,
HINT.BUILD_ROOFING.1,,
HINT.BUILD_ROOFING.2,,
HINT.BUILD_ROOFING.3,,
HINT.BUTTON.BEGIN_TUTORIAL,,
HINT.BUTTON.DISABLE_ALL,,Inaktivera alla tips
HINT.BUTTON.DISMISS,,
HINT.BUTTON.HINTS_ONLY,,Endast tips
HINT.BUTTON.NEXT,,Nästa
HINT.OPEN_PRIORITY_MENU.1,,
HINT.OPEN_PRIORITY_MENU.2,,
HINT.TOOL_DEPLETED.AXE1,,
HINT.TOOL_DEPLETED.AXE2,,
HINT.TOOL_DEPLETED.CHISEL1,,
HINT.TOOL_DEPLETED.CHISEL2,,
HINT.TOOL_DEPLETED.PLANE1,,
HINT.TOOL_DEPLETED.PLANE2,,
HINT.TOOL_DEPLETED.SAW1,,
HINT.TOOL_DEPLETED.SAW2,,
HINT.WEAPON_SELECTION.1,,
HINT.WEAPON_SELECTION.2,,
HINT.WEAPON_SELECTION.3,,
HINT.WELCOME.NEXT_STEPS,,TEXT
HINT.WELCOME.PRE_SPAWN,,
HUMANOID.BROKEN.DESCRIPTION,,"{{name}}, {{madness.adjektiv}} {{race.noun}}"
HUMANOID.DESCRIPTION,,"{{name}}, {{race.adjective}} {{profession.noun}}"
INGREDIENT.DOUGH,,- Degen
INGREDIENT.FLOUR,,Mjöl
INGREDIENT.LOAF,,- Brödet
INGREDIENT.LOAF.PLURAL,,Bröden
INGREDIENT.MALT.SACK.NOUN,,
INGREDIENT.MALT.SACK.TOOLTIP,,
INGREDIENT.MILLED.MALT.SACK.NOUN,,
INGREDIENT.MILLED.MALT.SACK.TOOLTIP,,
INGREDIENT.MUSHROOM.SPAWN.NOUN,,Svamp leka
INGREDIENT.MUSHROOM.SPAWN.PLURAL,,Svamp leka
INGREDIENT.MUSHROOM.SPAWN.TOOLTIP,,"Även känt som mycelium, kan detta ses som ”frön” för att odla svamp i en {{ROOPS.MUSROOM_FARM}}."
INGREDIENT.SEEDS.NOUN,,Frö
INGREDIENT.SEEDS.PLURAL,,Frön
INGREDIENT.SEEDS.TOOLTIP,,Frön av rätt typ krävs för plantering i {{ROOMS.FARM}}. De måste också finnas tillgängliga i en {{STOCKPILE.GRANARY}} -lagerlucka.
INGREDIENT.VEGETABLE.CRATE.NOUN,,
INGREDIENT.VEGETABLE.CRATE.PLURAL,,
INGREDIENT.VEGETABLE.SACK.NOUN,,Säck
INGREDIENT.VEGETABLE.SACK.PLURAL,,
INVENTORY.CONTAINS.LABEL,,Inventering:
ITEM.AVAILABILITY.DESCRIPTION,,
ITEM.DESCRIPTION,,{{quantity_if_multiple}}{{materialType.adjective}} {{itemType.noun_or_plural}}
ITEM.INGREDIENT.DESCRIPTION,,{{quantity_if_multiple}} {{MaterialType.noun_or_plural}}
ITEM.NONE_SELECTED,,
ITEM.QUALITY.PREFIX.AWFUL.ADJECTIVE,,
ITEM.QUALITY.PREFIX.AWFUL.TOOLTIP,,
ITEM.QUALITY.PREFIX.MASTERWORK.ADJECTIVE,,
ITEM.QUALITY.PREFIX.MASTERWORK.TOOLTIP,,
ITEM.QUALITY.PREFIX.POOR.ADJECTIVE,,
ITEM.QUALITY.PREFIX.POOR.TOOLTIP,,
ITEM.QUALITY.PREFIX.SUPERIOR.ADJECTIVE,,
ITEM.QUALITY.PREFIX.SUPERIOR.TOOLTIP,,
ITEM_GROUP.FUEL.PLURAL,,Bränsle
ITEM_GROUP.PRODUCT.PLURAL,,Produkter
ITEM_GROUP.RESOURCE.PLURAL,,Resurser
ITEM_GROUP.TOOL.PLURAL,,Verktyg
LANGUAGE.LABEL,,Språk
LIQUID.BEER.NOUN,,
LIQUID.BEER.TOOLTIP,,
LIQUID.HOPPED_WORT.NOUN,,
LIQUID.HOPPED_WORT.TOOLTIP,,
LIQUID.WATER.NOUN,,Vatten
LIQUID.WORT.NOUN,,
LIQUID.WORT.TOOLTIP,,
MADNESS.BROKEN.ADJECTIVE,,Bruten
MADNESS.BROKEN.TOOLTIP,,Denna bosättare var så olycklig att de har drivit förbi brytpunkten och kommer inte längre att fungera eller ens äta!
MATERIAL,,Material
MATERIAL_TYPE,,Sort
MATERIAL_TYPE.ANY,,Någon
MATERIAL_TYPE.CLOTH.ADJECTIVE,,
MATERIAL_TYPE.CLOTH.NOUN,,
MATERIAL_TYPE.EARTH.ADJECTIVE,,Jord
MATERIAL_TYPE.EARTH.NOUN,,Jorden
MATERIAL_TYPE.FOODSTUFF.NOUN,,Mat
MATERIAL_TYPE.GEM.NOUN,,Ädelsten
MATERIAL_TYPE.METAL.ADJECTIVE,,Metallisk
MATERIAL_TYPE.METAL.NOUN,,Metall
MATERIAL_TYPE.ORE.NOUN,,Malm
MATERIAL_TYPE.OTHER.NOUN,,Annat
MATERIAL_TYPE.ROPE.ADJECTIVE,,
MATERIAL_TYPE.ROPE.NOUN,,
MATERIAL_TYPE.SEED.NOUN,,Frö
MATERIAL_TYPE.SKIN.ADJECTIVE,,
MATERIAL_TYPE.SKIN.NOUN,,
MATERIAL_TYPE.STONE.ADJECTIVE,,Sten-
MATERIAL_TYPE.STONE.NOUN,,Sten
MATERIAL_TYPE.VEGETABLE.NOUN,,Grönsaker
MATERIAL_TYPE.VITRIOL.ADJECTIVE,,Vitriol av
MATERIAL_TYPE.VITRIOL.NOUN,,Vitriol
MATERIAL_TYPE.WOOD.ADJECTIVE,,Trä-
MATERIAL_TYPE.WOOD.NOUN,,Trä
MEAT.BOAR_MEAT,,
MEAT.CARP_MEAT.NOUN,,
MEAT.CARP_MEAT.PLURAL,,
MEAT.DEER_MEAT,,
MEAT.DWARF_FLESH,,
MEAT.ELEPHANT_MEAT,,
MEAT.FOX_MEAT,,
MEAT.HORSE_MEAT,,
MEAT.PERCH_MEAT.NOUN,,
MEAT.PERCH_MEAT.PLURAL,,
MEAT.PIKE_MEAT.NOUN,,
MEAT.PIKE_MEAT.PLURAL,,
MECHANISM.FURNITURE.CONSUMING_POWER,,
MECHANISM.FURNITURE.CRAFTING_STATION_REQUIRES_POWER,,
MECHANISM.FURNITURE.CRAFTING_STATION_REQUIRES_POWER.TOOLTIP,,
MECHANISM.FURNITURE.PRODUCING_POWER,,
MECHANISM.FURNITURE.REQUIRES_OUTSIDE_PLACEMENT,,
MECHANISM.FURNITURE.REQUIRES_POWER,,
MECHANISM.FURNITURE.REQUIRES_POWER.TOOLTIP,,
MECHANISM.FURNITURE.REQUIRES_POWER_GRID,,
MECHANISM.FURNITURE.REQUIRES_POWER_GRID.TOOLTIP,,
MECHANISM.STONE.GEAR.NOUN,,
MECHANISM.STONE.GEAR.TOOLTIP,,
MECHANISM.WOODEN.SHAFT.NOUN,,
MECHANISM.WOODEN.SHAFT.TOOLTIP,,
MENU.CONTINUE_GAME,,Fortsätt spela
MENU.CREDITS,,
MENU.JOIN_DISCORD,,
MENU.LINK_TWITCH_ACCOUNT,,
MENU.LOAD_GAME,,
MENU.MODS,,Mods
MENU.NEW_GAME,,Starta ett nytt spel
MENU.OPTIONS,,Inställningar
MENU.QUIT,,Avsluta
MENU.SAVE_AND_QUIT,,
MENU.SOURCE_CODE,,
MENU.TOGGLE_FULLSCREEN,,Växla helskärm
METAL.BRONZE.ADJECTIVE,,Brons-
METAL.BRONZE.NOUN,,Brons
METAL.BRONZE.TOOLTIP,,Brons är en legering av koppar och tenn. Det är svårare och mycket mer hållbart än koppar ensam. (Legeringar har ännu inte genomförts i King under berget)
METAL.COPPER.ADJECTIVE,,Koppar-
METAL.COPPER.NOUN,,Koppar
METAL.COPPER.TOOLTIP,,"Förutom att den förekommer naturligt som {{ORE.NATIVE_COPPER.NOUN}} är den också lätt att smälta från {{ORE.MALACHITE.NOUN}} malm. Koppar har många användningsområden, särskilt i mynt, men det är inte svårt nog att skapa effektiva vapen."
METAL.COPPER_PATINA.ADJECTIVE,,Koppar-
METAL.COPPER_PATINA.NOUN,,
METAL.COPPER_PATINA.TOOLTIP,,{{METAL.COPPER.TOOLTIP}}
METAL.DURALUMINIUM.ADJECTIVE,,
METAL.DURALUMINIUM.NOUN,,
METAL.DURALUMINIUM.TOOLTIP,,
METAL.GOLD.ADJECTIVE,,Guld-
METAL.GOLD.NOUN,,Guld
METAL.GOLD.TOOLTIP,,Kungen av metaller. Även om det inte är den mest sällsynta eller värdefulla är guld den mest eftertraktade metallen av de flesta raser — särskilt dvärgar.
METAL.IRON.ADJECTIVE,,Järn-
METAL.IRON.NOUN,,Järn
METAL.IRON.TOOLTIP,,Det är en fattig militär som inte har tillgång till järn. Dvärgmetallsmider känner till hemligheterna bakom att arbeta in detta i {{MEAL.STEEL.NOUN}}.
METAL.PLATINUM.ADJECTIVE,,Platina
METAL.PLATINUM.NOUN,,Platina
METAL.PLATINUM.TOOLTIP,,En silvervit metall som är mycket motståndskraftig mot korrosion. Platina är ovanligare och därför mer värdefullt än {{MEAL.GOLD.NOUN}}.
METAL.RUSTED_IRON.ADJECTIVE,,
METAL.RUSTED_IRON.NOUN,,
METAL.RUSTED_IRON.TOOLTIP,,
METAL.SILVER.ADJECTIVE,,Silver
METAL.SILVER.NOUN,,Silver
METAL.SILVER.TOOLTIP,,Liksom {{MEAL.GOLD.NOUN}} används silver ofta för mynt och som solida barer för handel med rikedom.
METAL.STEEL.ADJECTIVE,,Stål-
METAL.STEEL.NOUN,,Stål
METAL.STEEL.TOOLTIP,,"Mycket starkare än {MEAL.IRON.NOUN}} som gör för överlägsna vapen och verktyg, bara dvärgarna känner till hemligheten med att skapa stål."
METAL.TIN.ADJECTIVE,,Tenn
METAL.TIN.NOUN,,Tenn
METAL.TIN.TOOLTIP,,Tenn kan smältas från {{ORE.CASSITERITE.NOUN}} och legeras med {{MEAL.COPPER.NOUN}} för att producera {{META.BRONZE.NOUN}}. (Legeringar har ännu inte genomförts i King under berget)
MILITARY.FORMATION.COLUMN,,
MILITARY.FORMATION.COLUMN_DOUBLE,,
MILITARY.FORMATION.COLUMN_SINGLE,,
MILITARY.FORMATION.GRID,,
MILITARY.FORMATION.GRID_DOUBLE,,
MILITARY.FORMATION.GRID_SINGLE,,
MILITARY.FORMATION.LINE,,
MILITARY.FORMATION.LINE_DOUBLE,,
MILITARY.FORMATION.LINE_SINGLE,,
MILITARY.SQUAD.DEFAULT_NAME,,
MILITARY.SQUAD.ORDER_DESCRIPTION.COMBAT,,
MILITARY.SQUAD.ORDER_DESCRIPTION.GUARDING,,
MILITARY.SQUAD.ORDER_DESCRIPTION.OFF_DUTY,,
MILITARY.SQUAD.ORDER_DESCRIPTION.RETREATING,,
MILITARY.SQUAD.ORDER_DESCRIPTION.TRAINING,,
MILITARY.SQUAD.SHIFT.DAYTIME,,
MILITARY.SQUAD.SHIFT.NIGHTTIME,,
MODS.APPLY,,Applicera
MODS.BUTTON.BROWSE,,
MODS.BUTTON.REFRESH,,
MODS.COMPATIBILITY.COMPATIBLE,,Javisst
MODS.COMPATIBILITY.INCOMPATIBLE,,- Nej
MODS.COMPATIBILITY.UNKNOWN,,Okänd
MODS.EMAIL_LOGIN.CHECK_EMAIL,,
MODS.EMAIL_LOGIN.CODE_LABEL,,
MODS.EMAIL_LOGIN.EMAIL,,
MODS.EMAIL_LOGIN.EMAIL_LABEL,,
MODS.EMAIL_LOGIN.ERROR,,
MODS.EMAIL_LOGIN.INFO,,
MODS.EMAIL_LOGIN.REQUEST_CODE,,
MODS.EMAIL_LOGIN.SUBMIT_CODE,,
MODS.INCOMPATIBLE_VERSION_DESCRIPTION,,
MODS.MISSING_HOMEPAGE_URL,,
MODS.MISSING_MODS_DIALOG_TEXT,,Den här sparfilen användes senast medan följande mods var aktiva. Dessa mods saknas nu eller inaktiveras så att spara kanske inte laddas korrekt.
MODS.MISSING_MODS_SAVE_EXCEPTION_DIALOG_TEXT,,"Spara filen kunde inte laddas eftersom den antingen är inkompatibel med den här versionen av spelet, eller eftersom vissa mods har inaktiverats eller tagits bort sedan den här sparningen senast laddades. Följande mods förväntades men är inte längre aktiva:"
MODS.SYNC_IN_PROGRESS,,
MODS.TABLE.COMPATIBILITY,,
MODS.TABLE.ENABLED,,
MODS.TABLE.NAME,,
MODS.TABLE.ORDERING,,Order om
MODS.TABLE.VERSION,,
MUSHROOM.DESCRIPTION,,{{materialType.substantiv}}
NEEDS.DRINK,,Drick
NEEDS.FOOD,,Mat
NEEDS.SLEEP,,Sova
NOTIFICATION.AREA_REVEALED.DESCRIPTION,,Dina gruvarbetare har upptäckt ett nytt område!
NOTIFICATION.AREA_REVEALED.TITLE,,Utforskning
NOTIFICATION.DEATH.DESCRIPTION,,"{{character}}, har dött på grund av {{reason}}."
NOTIFICATION.DEATH.KILLED_BY_DESCRIPTION,,
NOTIFICATION.DEATH.SHORT_DESCRIPTION,,Död på grund av {{reason}}
NOTIFICATION.DEATH.TITLE,,Settler död
NOTIFICATION.FIRE_STARTED.DESCRIPTION,,
NOTIFICATION.FIRE_STARTED.TITLE,,
NOTIFICATION.FISH_EXHAUSTED.DESCRIPTION,,
NOTIFICATION.FISH_EXHAUSTED.TITLE,,
NOTIFICATION.GAME_OVER.DESCRIPTION,,Allt måste komma till ett slut. Din bosättning ligger övergiven.
NOTIFICATION.GAME_OVER.TITLE,,Game Over
NOTIFICATION.IMMIGRANTS_ARRIVED.DESCRIPTION,,Välståndet i er bosättning har lockat ett antal nya invandrare för att öka er befolkning.
NOTIFICATION.IMMIGRANTS_ARRIVED.TITLE,,Invandring
NOTIFICATION.INVASION.DESCRIPTION,,
NOTIFICATION.INVASION.TITLE,,
NOTIFICATION.MINING_COLLAPSE.DESCRIPTION,,Ett område har rasat in på grund av brist på pelare och stöd.
NOTIFICATION.MINING_COLLAPSE.TITLE,,Gruvkollaps
NOTIFICATION.OXIDISATION_DESTRUCTION.DESCRIPTION,,
NOTIFICATION.OXIDISATION_DESTRUCTION.TITLE,,
NOTIFICATION.PIRATE_INVASION.DESCRIPTION,,
NOTIFICATION.PIRATE_INVASION.TITLE,,
NOTIFICATION.ROOFING_COLLAPSE.DESCRIPTION,,
NOTIFICATION.ROOFING_COLLAPSE.TITLE,,
NOTIFICATION.SETTLER_MENTAL_BREAK.DESCRIPTION,,De hårda svårigheterna har visat sig vara för mycket att hantera för {{character}}.
NOTIFICATION.SETTLER_MENTAL_BREAK.TITLE,,Mental paus
NOTIFICATION.SETTLER_STUCK.DESCRIPTION,,
NOTIFICATION.SETTLER_STUCK.TITLE,,
NOTIFICATION.SETTLER_TANTRUM.DESCRIPTION,,
NOTIFICATION.SETTLER_TANTRUM.TITLE,,
NOTIFICATION.TRADER_ARRIVED.DESCRIPTION,,
NOTIFICATION.TRADER_ARRIVED.TITLE,,
NOTIFICATION.TRADER_ARRIVED_NO_DEPOT.DESCRIPTION,,
NOTIFICATION.TRADER_ARRIVED_NO_DEPOT.TITLE,,
ORE.BAUXITE.ADJECTIVE,,Bauxit
ORE.BAUXITE.NOUN,,Bauxit
ORE.BAUXITE.TOOLTIP,,Bauxit är den primära malmen av aluminium. Tyvärr har man ännu inte upptäckt ett sätt att tillverka aluminium.
ORE.BITUMINOUS_COAL.ADJECTIVE,,Bituminöst kol
ORE.BITUMINOUS_COAL.NOUN,,Stenkol
ORE.BITUMINOUS_COAL.TOOLTIP,,Detta kan konverteras till {{ORE.COKE.NOUN}} med hjälp av en {{FURITURE.COKE_OVEN}.
ORE.CASSITERITE.ADJECTIVE,,Kassiterit
ORE.CASSITERITE.NOUN,,Kassiterit
ORE.CASSITERITE.TOOLTIP,,En malm som kan smältas för att producera {{METAL.TIN.NOUN}}.
ORE.CHARCOAL.ADJECTIVE,,Träkol
ORE.CHARCOAL.NOUN,,Träkol
ORE.CHARCOAL.TOOLTIP,,{{FUEL.SACK}} producerat av trä {{RESOURCE.LOGS.PLURAL}}.
ORE.CHRYSOCOLLA.ADJECTIVE,,Chrysocolla
ORE.CHRYSOCOLLA.NOUN,,Chrysocolla
ORE.CHRYSOCOLLA.TOOLTIP,,"Ofta förväxlas med turkos, det är faktiskt en malm av {MEAL.COPER}}."
ORE.COKE.ADJECTIVE,,Cola
ORE.COKE.NOUN,,Cola
ORE.COKE.TOOLTIP,,En raffinerad form av {{ORE.BITUMINOUS_COAL}} som kan användas som {{FUEL.SACK}}.
ORE.GALENA.ADJECTIVE,,Galena
ORE.GALENA.NOUN,,Blyglans
ORE.GALENA.TOOLTIP,,En malm som kan smältas för att producera {{MEAL.SILVER}}.
ORE.HEMATITE.ADJECTIVE,,Hematit
ORE.HEMATITE.NOUN,,Hematit
ORE.HEMATITE.TOOLTIP,,En malm som kan smältas för att producera {{MEAL.Iron}}.
ORE.ILMENITE.ADJECTIVE,,Ilmenit
ORE.ILMENITE.NOUN,,Ilmenit
ORE.ILMENITE.TOOLTIP,,Ilmenit är den primära malmen av titan. Tyvärr har ett sätt att producera titan ännu inte upptäckts.
ORE.MALACHITE.ADJECTIVE,,Malakit
ORE.MALACHITE.NOUN,,Malakit
ORE.MALACHITE.TOOLTIP,,En malm som kan smältas för att producera {{MEAL.COPER}}.
ORE.NATIVE_COPPER.ADJECTIVE,,Native koppar
ORE.NATIVE_COPPER.NOUN,,Koppar
ORE.NATIVE_COPPER.TOOLTIP,,Naturligt förekommande {{MEAL.COPER}} som måste smältas före användning.
ORE.NATIVE_GOLD.ADJECTIVE,,Nativt guld
ORE.NATIVE_GOLD.NOUN,,Guldklimp
ORE.NATIVE_GOLD.TOOLTIP,,Naturligt förekommande {{MEAL.GOLD}} som måste smältas före användning.
ORE.NATIVE_PLATINUM.ADJECTIVE,,Ursprungligt platina
ORE.NATIVE_PLATINUM.NOUN,,Ursprungligt platina
ORE.NATIVE_PLATINUM.TOOLTIP,,Naturligt förekommande {{MEAL.PLATINUM}} som måste smältas före användning.
ORE.NATIVE_SILVER.ADJECTIVE,,Nativt silver
ORE.NATIVE_SILVER.NOUN,,Silver
ORE.NATIVE_SILVER.TOOLTIP,,Naturligt förekommande {{MEAL.SILVER}} som måste smältas före användning.
ORE.POLLUCITE.ADJECTIVE,,Pollusit
ORE.POLLUCITE.NOUN,,Pollusit
ORE.POLLUCITE.TOOLTIP,,"Pollusit är en malm av cesium, som för närvarande är för farlig för att producera. Särskilt galna dvärgmetallsmider försöker för närvarande hitta en pålitlig produktionsmetod."
ORE.PYRITE.ADJECTIVE,,Dårens guld
ORE.PYRITE.NOUN,,Dårens guld
ORE.PYRITE.TOOLTIP,,"Även känd som Pyrite, orsakar dess blekgula utseende vissa att missta det för guld. Det har flera användningsområden när det krossas, men försiktighet måste tas eftersom det gnistor när det slås."
ORE.THORIUM.ADJECTIVE,,Torium
ORE.THORIUM.NOUN,,Torium
ORE.THORIUM.TOOLTIP,,En silverfärgad metallmalm som blir svart när den utsätts för luft. Det är konstigt varmt att ta på.
ORE.WOLFRAMITE.ADJECTIVE,,Wolframit
ORE.WOLFRAMITE.NOUN,,Wolframit
ORE.WOLFRAMITE.TOOLTIP,,En metallisk malm som försvårar smältning av tenn. Den har för hög smältpunkt för att smältas med normala processer.
OTHER.ASH,,
OTHER.BRICK.NOUN,,Tegelsten
OTHER.CLAY_SOIL.NOUN,,Lerjord
OTHER.GRASS.NOUN,,Gräs
PRIORITY.DISABLED,,
PRIORITY.HIGHER,,
PRIORITY.HIGHEST,,
PRIORITY.LOWER,,
PRIORITY.LOWEST,,
PRIORITY.NORMAL,,
PRIVACY.OPT_IN.ACCEPT_BUTTON,,Jag accepterar
PRIVACY.OPT_IN.DATA_POINT.1,,
PRIVACY.OPT_IN.DATA_POINT.2,,
PRIVACY.OPT_IN.DATA_POINT.3,,
PRIVACY.OPT_IN.DESCRIPTION,,
PRIVACY.OPT_IN.DO_NOT_ACCEPT_BUTTON,,Inaktivera rapportering
PRODUCT.ANVIL,,städ
PRODUCT.ANVIL.PLURAL,,
PRODUCT.ANVIL.TOOLTIP,,Ett stort block av metall som används för att hamra uppvärmd metall i form. Krävs för att konstruera en {{FURNITURE.FORGE}.
PRODUCT.BARREL.HOOPS,,Fat hoops
PRODUCT.BARREL.HOOPS.TOOLTIP,,Metallbågar som används för att konstruera en {{PRODUCT.BARREL.NOUN}}. Används även i vissa maskiner.
PRODUCT.BARREL.NOUN,,Fat
PRODUCT.BARREL.PLURAL,,Fat
PRODUCT.BARREL.STAVES,,Fat stavar
PRODUCT.BARREL.STAVES.TOOLTIP,,Böjda träplankor som används för att konstruera en {{PRODUCT.BARREL.NOUN}}.
PRODUCT.BARREL.TOOLTIP,,En cylindrisk behållare för vätskor. Den krökta formen gör det lättare att rulla runt.
PRODUCT.BOWL,,Skål
PRODUCT.BOWL.DESCRIPTION,,Skål av {{cooking.soup.description}
PRODUCT.BOWL.PLURAL,,
PRODUCT.BREAD.DOUGH.NOUN,,- Degen
PRODUCT.BREAD.DOUGH.PLURAL,,- Degen
PRODUCT.BREAD.DOUGH.TOOLTIP,,En blandning av ingredienser som kan bakas in i {{PRODUCT.BREAD.LOAF.PLURAL}} med hjälp av en {{FURNITURE.BAKING_OVN}}.
PRODUCT.BREAD.LOAF.NOUN,,Bröd limpa
PRODUCT.BREAD.LOAF.PLURAL,,Bröd bröd
PRODUCT.BREAD.LOAF.TOOLTIP,,"Förberedt bröd, redo att äta!"
PRODUCT.BUCKET.NOUN,,Hink
PRODUCT.BUCKET.PLURAL,,Hinkar
PRODUCT.BUCKET.TOOLTIP,,En liten behållare som används för att flytta vätskor runt för hand.
PRODUCT.CAULDRON,,Kittel
PRODUCT.CAULDRON.PLURAL,,
PRODUCT.CAULDRON.TOOLTIP,,"Används av en {{PROFESSI.CHEF}} för att tillaga soppa i en {{ROOMS.CITY}}, där den sedan flyttas till en {{ROOMS.FEASTING_HALL}}."
PRODUCT.CHEST.NOUN,,
PRODUCT.CHEST.PLURAL,,
PRODUCT.CHEST.TOOLTIP,,
PRODUCT.LEATHER.NOUN,,
PRODUCT.LEATHER.PLURAL,,
PRODUCT.LINEN.NOUN,,
PRODUCT.LINEN.PLURAL,,
PRODUCT.LINEN.TOOLTIP,,
PRODUCT.LIQUID.TANK,,
PRODUCT.LIQUID.TANK.PLURAL,,
PRODUCT.LIQUID.TANK.TOOLTIP,,
PRODUCT.MILLSTONE,,Kvarnsten
PRODUCT.MILLSTONE.PLURAL,,
PRODUCT.MILLSTONE.TOOLTIP,,Två stora stenskivor som är malda tillsammans för att fräs skördade grödor. Används för att konstruera en {{FURITURE.FLOUR_MILL}}.
PRODUCT.RATION.DOUGH.NOUN,,
PRODUCT.RATION.DOUGH.PLURAL,,
PRODUCT.RATION.DOUGH.TOOLTIP,,
PRODUCT.RATION.NOUN,,Ration
PRODUCT.RATION.PLURAL,,Rationer
PRODUCT.RATION.TOOLTIP,,"Dessa kommer att pågå länge för att mata dina bosättare, men du behöver andra matkällor som en prioritet."
PRODUCT.ROPE.NOUN,,
PRODUCT.ROPE.PLURAL,,
PRODUCT.STONE.GEAR.NOUN,,
PRODUCT.STONE.GEAR.PLURAL,,
PRODUCT.STONE.GEAR.TOOLTIP,,
PRODUCT.STONE.PIPE.NOUN,,
PRODUCT.STONE.PIPE.PLURAL,,
PRODUCT.STONE.PIPE.TOOLTIP,,
PRODUCT.WATERSKIN.NOUN,,
PRODUCT.WATERSKIN.PLURAL,,
PRODUCT.WOODEN.SHAFT.HORIZONTAL.NOUN,,
PRODUCT.WOODEN.SHAFT.HORIZONTAL.PLURAL,,
PRODUCT.WOODEN.SHAFT.HORIZONTAL.TOOLTIP,,
PRODUCT.WOODEN.SHAFT.VERTICAL.NOUN,,
PRODUCT.WOODEN.SHAFT.VERTICAL.PLURAL,,
PRODUCT.WOODEN.SHAFT.VERTICAL.TOOLTIP,,
PROFESSION.ARTISAN.FEMALE_NOUN,,
PROFESSION.ARTISAN.MALE_NOUN,,
PROFESSION.ARTISAN.PLURAL,,
PROFESSION.ARTISAN.VERB,,
PROFESSION.BAKER.VERB,,Bakning
PROFESSION.BLACKSMITH.FEMALE_NOUN,,Smed
PROFESSION.BLACKSMITH.MALE_NOUN,,Smed
PROFESSION.BLACKSMITH.PLURAL,,
PROFESSION.BLACKSMITH.TOOLTIP,,Hantverk med metall och producerar också metall från malm.
PROFESSION.BLACKSMITH.VERB,,Smida
PROFESSION.BREWER.FEMALE_NOUN,,
PROFESSION.BREWER.MALE_NOUN,,
PROFESSION.BREWER.PLURAL,,
PROFESSION.BREWER.TOOLTIP,,
PROFESSION.BREWER.VERB,,
PROFESSION.CARPENTER.FEMALE_NOUN,,Snickare
PROFESSION.CARPENTER.MALE_NOUN,,Snickare
PROFESSION.CARPENTER.PLURAL,,
PROFESSION.CARPENTER.TOOLTIP,,Skapar trämöbler och föremål.
PROFESSION.CARPENTER.VERB,,Snickra
PROFESSION.CHEF.FEMALE_NOUN,,Kocken
PROFESSION.CHEF.MALE_NOUN,,Kocken
PROFESSION.CHEF.PLURAL,,
PROFESSION.CHEF.TOOLTIP,,Förbereder all mat som ska konsumeras av dina nybyggare.
PROFESSION.CHEF.VERB,,Matlagning
PROFESSION.DESCRIPTION,,
PROFESSION.FARMER.FEMALE_NOUN,,Lantbrukare
PROFESSION.FARMER.MALE_NOUN,,Lantbrukare
PROFESSION.FARMER.PLURAL,,Bönder
PROFESSION.FARMER.TOOLTIP,,"Växter, tenderar och skördar grödor."
PROFESSION.FARMER.VERB,,Odla
PROFESSION.FISHER.FEMALE_NOUN,,Fiskare
PROFESSION.FISHER.MALE_NOUN,,Fiskare
PROFESSION.FISHER.TOOLTIP,,Fångster fisk från vattenförekomster för användning som livsmedel och resurser.
PROFESSION.FISHER.VERB,,Fiska
PROFESSION.HUNTER.FEMALE_NOUN,,Jägare
PROFESSION.HUNTER.MALE_NOUN,,Jägare
PROFESSION.HUNTER.TOOLTIP,,Spår och dödar vilda djur för deras kött och skinn.
PROFESSION.HUNTER.VERB,,Jaga
PROFESSION.LEATHERWORKER.FEMALE_NOUN,,
PROFESSION.LEATHERWORKER.MALE_NOUN,,
PROFESSION.LEATHERWORKER.PLURAL,,
PROFESSION.LEATHERWORKER.TOOLTIP,,
PROFESSION.LEATHERWORKER.VERB,,
PROFESSION.MAYOR.FEMALE_NOUN,,Borgmästare
PROFESSION.MAYOR.MALE_NOUN,,Borgmästare
PROFESSION.MAYOR.VERB,,Styra
PROFESSION.MERCHANT.FEMALE_NOUN,,Handlare
PROFESSION.MERCHANT.MALE_NOUN,,Handlare
PROFESSION.MERCHANT.VERB,,Handla
PROFESSION.MILLER.VERB,,Fräsning
PROFESSION.MINER.FEMALE_NOUN,,Gruvarbetare
PROFESSION.MINER.MALE_NOUN,,Gruvarbetare
PROFESSION.MINER.PLURAL,,
PROFESSION.MINER.TOOLTIP,,Grävar nya områden med hjälp av en {{TOOL.PICKAXE}}.
PROFESSION.MINER.VERB,,Gruvdrift
PROFESSION.NOBLE.FEMALE_NOUN,,Adelskvinna
PROFESSION.NOBLE.MALE_NOUN,,Adelsman
PROFESSION.NOBLE.TOOLTIP,,"Adelsmän uppfyller inte jobb på samma sätt som vanliga bosättare, men ger berömmelse och prestige till din bosättning."
PROFESSION.NOBLE.VERB,,Regera
PROFESSION.PIRATE.FEMALE_NOUN,,
PROFESSION.PIRATE.MALE_NOUN,,
PROFESSION.PIRATE.VERB,,
PROFESSION.RUNESMITH.FEMALE_NOUN,,Runsmed
PROFESSION.RUNESMITH.MALE_NOUN,,Runsmed
PROFESSION.RUNESMITH.TOOLTIP,,"Förtrollar vapen, rustningar och föremål med magiska runor för att öka deras förmågor."
PROFESSION.RUNESMITH.VERB,,Förtrolla
PROFESSION.SKILL_LEVEL.1,,
PROFESSION.SKILL_LEVEL.1.TOOLTIP,,
PROFESSION.SKILL_LEVEL.2,,
PROFESSION.SKILL_LEVEL.2.TOOLTIP,,
PROFESSION.SKILL_LEVEL.3,,
PROFESSION.SKILL_LEVEL.3.TOOLTIP,,
PROFESSION.SKILL_LEVEL.4,,
PROFESSION.SKILL_LEVEL.4.TOOLTIP,,
PROFESSION.SKILL_LEVEL.5,,
PROFESSION.SKILL_LEVEL.5.TOOLTIP,,
PROFESSION.SKILL_LEVEL.6,,
PROFESSION.SKILL_LEVEL.6.TOOLTIP,,
PROFESSION.SKILL_LEVEL.7,,
PROFESSION.SKILL_LEVEL.7.TOOLTIP,,
PROFESSION.SKILL_LEVEL.8,,
PROFESSION.SKILL_LEVEL.8.TOOLTIP,,
PROFESSION.SKILL_LEVEL.9,,
PROFESSION.SKILL_LEVEL.9.TOOLTIP,,
PROFESSION.STONEMASON.FEMALE_NOUN,,Stenhuggare
PROFESSION.STONEMASON.MALE_NOUN,,Stenhuggare
PROFESSION.STONEMASON.PLURAL,,
PROFESSION.STONEMASON.TOOLTIP,,Hantverk möbler och föremål från sten.
PROFESSION.STONEMASON.VERB,,Skulptera
PROFESSION.VILLAGER.FEMALE_NOUN,,Bybo
PROFESSION.VILLAGER.MALE_NOUN,,Bybo
PROFESSION.VILLAGER.TOOLTIP,,Denna bosättare har inga specifika yrken och kommer att uppfylla några vardagliga uppgifter som att transportera föremål.
PROFESSION.VILLAGER.VERB,,Arbeta
PROFESSION.WEAVER.FEMALE_NOUN,,
PROFESSION.WEAVER.MALE_NOUN,,
PROFESSION.WEAVER.PLURAL,,
PROFESSION.WEAVER.TOOLTIP,,
PROFESSION.WEAVER.VERB,,
PROFESSION.WOODCUTTER.FEMALE_NOUN,,Skogshuggare
PROFESSION.WOODCUTTER.MALE_NOUN,,Skogshuggare
PROFESSION.WOODCUTTER.PLURAL,,
PROFESSION.WOODCUTTER.TOOLTIP,,Klipper ner träd som virke som kan användas i en {{ROOMS.SAWMILL}}.
PROFESSION.WOODCUTTER.VERB,,Hugga
QUOTA.FIXED_AMOUNT,,
QUOTA.PER_SETTLER,,
RACE.BOAR.NOUN,,
RACE.CARP.NOUN,,
RACE.DEER.FEMALE_NOUN,,
RACE.DEER.MALE_NOUN,,
RACE.DEER.TOOLTIP,,
RACE.DWARF.FEMALE_ADJECTIVE,,Dvärg-
RACE.DWARF.FEMALE_NOUN,,Dvärg
RACE.DWARF.FEMALE_PLURAL,,Dvärgar
RACE.DWARF.MALE_ADJECTIVE,,Dvärg-
RACE.DWARF.MALE_NOUN,,Dvärg
RACE.DWARF.MALE_PLURAL,,Dvärgar
RACE.DWARF.TOOLTIP,,Dvärgar är korta och slitna humanoider. De är mästare på att arbeta med sten och metall. De flesta dvärgar misstror himlen och föredrar att stanna under jorden.
RACE.ELEPHANT.NOUN,,
RACE.FOX.FEMALE_NOUN,,
RACE.FOX.MALE_NOUN,,
RACE.FUNGOLEM,,
RACE.HORSE.NOUN,,
RACE.ORC.MALE_ADJECTIVE,,
RACE.ORC.MALE_NOUN,,
RACE.PERCH.NOUN,,
RACE.PIKE.NOUN,,
RACE.SPIDER,,
RACE.UNDEAD_DWARF,,
RACE.WURM,,
RESOURCE.BONE.LARGE.NOUN,,
RESOURCE.BONE.LARGE.PLURAL,,
RESOURCE.BONE.MEDIUM.NOUN,,
RESOURCE.BONE.MEDIUM.PLURAL,,
RESOURCE.BONE.SMALL.NOUN,,
RESOURCE.BONE.SMALL.PLURAL,,
RESOURCE.FLOUR.SACK.NOUN,,Mjöl
RESOURCE.FLOUR.SACK.PLURAL,,Mjöl
RESOURCE.FLOUR.SACK.TOOLTIP,,Korn som har malts till ett fint pulver redo att användas som ingrediens vid framställning av livsmedel.
RESOURCE.GEMS.UNREFINED.NOUN,,Oslipad ädelsten
RESOURCE.GEMS.UNREFINED.PLURAL,,Oslipade ädelstenar
RESOURCE.GEMS.UNREFINED.TOOLTIP,,En bit sten som innehåller ädelstenar redo att skäras och poleras.
RESOURCE.GRAIN.SACK.NOUN,,
RESOURCE.GRAIN.SACK.PLURAL,,
RESOURCE.HEMP.BUNDLE.NOUN,,
RESOURCE.HEMP.BUNDLE.PLURAL,,
RESOURCE.HEMP.FIBRE.BUNDLE.NOUN,,
RESOURCE.HEMP.FIBRE.BUNDLE.PLURAL,,
RESOURCE.LOGS.NOUN,,Stock
RESOURCE.LOGS.PLURAL,,Stockar
RESOURCE.LOGS.TOOLTIP,,"Delar av ett träd som oftast är beredda i {{RESOURCE.PLURC.PLURAL}}, men som också har andra användningsområden."
RESOURCE.METAL.BLOOM.NOUN,,Blommar
RESOURCE.METAL.BLOOM.PLURAL,,Blommar
RESOURCE.METAL.BLOOM.TOOLTIP,,En klump av metall blandad med slagg som måste hamras i en användbar form.
RESOURCE.METAL.INGOT.NOUN,,Tacka
RESOURCE.METAL.INGOT.PLURAL,,Tackor
RESOURCE.METAL.INGOT.TOOLTIP,,"Raffinerade metallblock, redo att användas som en hantverksingrediens."
RESOURCE.METAL.PLATE.NOUN,,Plattan
RESOURCE.METAL.PLATE.PLURAL,,Plattor
RESOURCE.METAL.PLATE.TOOLTIP,,"Stora, platta plattor som används i några av de större maskinerna."
RESOURCE.MUSHROOM.LOG.NOUN,,Svamp logg
RESOURCE.MUSHROOM.LOG.PLURAL,,Svamp stockar
RESOURCE.MUSHROOM.LOG.TOOLTIP,,En logg som har infunderats med {{VERGENT.MUSTOM.SPAWN.NOUN}}. Kroppen i själva loggen är där svampen drar näringsämnen från. Det kräver dousing i en {{FEBRUARIET.MUSTOM_SHOCK_TANK}} efter att ha blivit helt oskulerad.
RESOURCE.MUSHROOM.LUMBER.NOUN,,Stock
RESOURCE.MUSHROOM.LUMBER.PLURAL,,Stockar
RESOURCE.MUSHROOM.LUMBER.TOOLTIP,,Sektioner av en jätte svamp som kan användas på samma sätt som trä {{RESOURCE.LOGS.PLURAL}}.
RESOURCE.ORE.CRUSHED.NOUN,,Krossad malm
RESOURCE.ORE.CRUSHED.PLURAL,,Krossad malm
RESOURCE.ORE.CRUSHED.TOOLTIP,,"En metallisk sand skapad genom att bryta ner råmetallmalm, klar för användning i en {{FURNITURE.BLOOMERY_UGE}}."
RESOURCE.ORE.UNREFINED.NOUN,,Mineral
RESOURCE.ORE.UNREFINED.PLURAL,,Mineraler
RESOURCE.ORE.UNREFINED.TOOLTIP,,Sten som innehåller metallmalm som kan bearbetas till användbar metall.
RESOURCE.PLANKS.NOUN,,Planka
RESOURCE.PLANKS.PLURAL,,Plankor
RESOURCE.PLANKS.TOOLTIP,,Sektioner av trä av fast storlek så att de enkelt kan användas i konstruktioner och hantverk.
RESOURCE.SHOCKED.MUSHROOM.LOG.NOUN,,Svamp logg
RESOURCE.SHOCKED.MUSHROOM.LOG.PLURAL,,Svamp stockar
RESOURCE.SHOCKED.MUSHROOM.LOG.TOOLTIP,,Denna svampinfunderade logg har blivit ”chockad” i vatten för att uppmuntra svampen att utvecklas och bör producera en skörd snart.
RESOURCE.STONE.BLOCK.NOUN,,Block
RESOURCE.STONE.BLOCK.PLURAL,,Block
RESOURCE.STONE.BLOCK.TOOLTIP,,Sten som har formats till en kub så att den lätt kan användas i konstruktion eller tillverkning.
RESOURCE.STONE.UNREFINED.NOUN,,Grovt stenblock
RESOURCE.STONE.UNREFINED.PLURAL,,Grova stenblock
RESOURCE.STONE.UNREFINED.TOOLTIP,,En stor sten som måste mejslas till en mer användbar form av en {{PROFCTION.STONEMASON}}.
RESOURCE.WHEAT.SACK.NOUN,,
RESOURCE.WHEAT.SACK.PLURAL,,
RESOURCE.WHEAT.SACK.TOOLTIP,,
ROOMS.ARMOURY,,
ROOMS.ARMOURY.TOOLTIP,,
ROOMS.ARTISAN_WORKSHOP,,
ROOMS.ARTISAN_WORKSHOP.TOOLTIP,,
ROOMS.BAKERY,,
ROOMS.BAKERY.TOOLTIP,,
ROOMS.BARRACKS,,
ROOMS.BARRACKS.TOOLTIP,,
ROOMS.BEDROOM,,Sovrummet
ROOMS.BEDROOM.TOOLTIP,,"En plats för dina nybyggare att sova. De föredrar att ha individuella sovrum som är minst 9 plattor i storlek, och helst minst 13 plattor i storlek."
ROOMS.BREWERY,,
ROOMS.BREWERY.TOOLTIP,,
ROOMS.BRIDGE,,Bron
ROOMS.BRIDGE.TOOLTIP,,Placerad tvärs över floden för att ge tillgång till andra sidan.
ROOMS.CARPENTRY_WORKSHOP,,Snickarbod
ROOMS.CARPENTRY_WORKSHOP.TOOLTIP,,Denna verkstad producerar de flesta träverktyg och föremål.
ROOMS.COMPONENT.STOCKPILE.DESCRIPTION,,{{allokerad}} av {{total}} blanksteg som för närvarande används
ROOMS.FARM,,Lantgård
ROOMS.FARM.PLURAL,,Gårdsområden
ROOMS.FARM.TOOLTIP,,Växer grödor med {{INDERENT.SEEDS.PLURAL}}. Måste placeras på {{MATERIAL_TYPE.EARH.NOUN}}.
ROOMS.FEASTING_HALL,,Festsalen
ROOMS.FEASTING_HALL.TOOLTIP,,"En plats för nybyggare att samlas för att äta, dricka och vara glada!"
ROOMS.FUEL_REFINERY,,
ROOMS.FUEL_REFINERY.TOOLTIP,,
ROOMS.GRAVEYARD,,Kyrkogård
ROOMS.GRAVEYARD.TOOLTIP,,Avlidna bosättare läggs för att vila här.
ROOMS.ITERATIVE_NAMED_ROOM,,
ROOMS.KITCHEN,,Kök
ROOMS.KITCHEN.TOOLTIP,,De flesta livsmedel tillagas här innan de serveras i {{ROOPS.FEASTING_HALL}}.
ROOMS.LEATHER_WORKSHOP,,
ROOMS.LEATHER_WORKSHOP.TOOLTIP,,
ROOMS.MASONRY_WORKSHOP,,Murarverkstad
ROOMS.MASONRY_WORKSHOP.TOOLTIP,,Denna verkstad producerar de flesta föremål gjorda av sten.
ROOMS.MUSHROOM_FARM,,Svamp gård
ROOMS.MUSHROOM_FARM.TOOLTIP,,Svampar kan odlas med {{EXTRENENENT.MUSTOM.SPAWN.NOUN}} och trä {{RESOURCE.LOGS.PLURAL}}.
ROOMS.SAWMILL,,Såg
ROOMS.SAWMILL.TOOLTIP,,Trä {{RESOURCE.LOGS.PLURAL}} raffineras till {{RESOURCE.PLURAL}} här.
ROOMS.SMELTERY,,
ROOMS.SMELTERY.TOOLTIP,,
ROOMS.SMITHY,,
ROOMS.SMITHY.TOOLTIP,,
ROOMS.STOCKPILE,,
ROOMS.STOCKPILE.TOOLTIP,,
ROOMS.STOCKPILES,,Lagerpålar
ROOMS.STOCKPILES.TOOLTIP,,Oanvända föremål placeras i lager för enkel åtkomst.
ROOMS.STOCKPILE_WITH_GROUP_NAME,,
ROOMS.TEXTILE_WORKSHOP,,
ROOMS.TEXTILE_WORKSHOP.TOOLTIP,,
ROOMS.TRADING_DEPOT,,
ROOMS.TRADING_DEPOT.TOOLTIP,,
ROPE.AGED_ROPE,,
ROPE.BRONZED_ROPE,,
ROPE.GRAY_ROPE,,
ROPE.HEMP-ROPE,,
ROPE.TOBACCO_ROPE,,
RUSTED_SCRAP.NOUN,,
RUSTED_SCRAP.TOOLTIP,,
SEASON.AUTUMN,,Höst
SEASON.SPRING,,Vår
SEASON.SUMMER,,Sommar
SEASON.WINTER,,Vinter
SEED.BARLEY_SEED,,Korn
SEED.BARLEY_SEED.TOOLTIP,,"Ett korn som endast används vid produktion av öl. Kan planteras i {{SEASON.SPRING}}, {{SEASON.SOMR}} eller {{SEASON.HENT}}"
SEED.BERSERKER_MUSHROOM_SPAWN,,Berserkern
SEED.BERSERKER_MUSHROOM_SPAWN.TOOLTIP,,En svamp med en rosa-röd mössa med vita fläckar. Det har hallucinogena egenskaper som krigare ibland använder för att förbereda sig för strid.
SEED.CARROT_SEED,,Morot
SEED.CARROT_SEED.TOOLTIP,,"En härdig rotgrönsak som överlever {{SEASON.WINTER} -frosten. Morötter växer snabbt men producerar bara en liten gröda. Kan planteras i {{SEASON.SPRING}}, {{SEASON.SOMR}} eller {{SEASON.HENT}}"
SEED.CORN_SEED,,Majs
SEED.CORN_SEED.TOOLTIP,,"En spannmålskorn även känd som majs. Den producerar en riklig gröda men tar cirka 2 säsonger att växa och kan inte överleva {{SEASON.WINTER}}, så den kräver plantering i början av {{SEASON.SPRING}}."
SEED.DEATH_CAP_SPAWN,,Död mössa
SEED.DEATH_CAP_SPAWN.TOOLTIP,,"En mycket giftig svamp med en bred, platt keps. Att äta även en liten mängd kommer nästan säkert att orsaka förgiftning som kan leda till döden."
SEED.ELFSBANE_SPAWN,,Elfsbane
SEED.ELFSBANE_SPAWN.TOOLTIP,,"Denna svamp har en enkel, smaklös smak för de flesta humanoider. Konstigt nog smakar det helt äckligt för älvor, som ofta reagerar med explosiv kräkningar vid konsumtion eller i extrema fall hjärtinfarkt."
SEED.FIST_SPAWN,,Knytnäve
SEED.FIST_SPAWN.TOOLTIP,,En svartblå svamp med metallisk smak. Det är uppkallat efter en grupp bards från mörkrets ålder.
SEED.GLOW_SPAWN,,Glöd
SEED.GLOW_SPAWN.TOOLTIP,,En magisk svamp som avger ljus och ändrar färg med årstiderna.
SEED.HEMP_SEED,,
SEED.HEMP_SEED.TOOLTIP,,
SEED.HOPS_SEED,,Humle
SEED.HOPS_SEED.TOOLTIP,,En blomma som används för smaksättning av öl. Måste planteras i {{SEASON.SPRING}}.
SEED.MILTONIA_SPAWN,,Miltonia
SEED.MILTONIA_SPAWN.TOOLTIP,,"En gång tänkt att existera endast i Hudds-regionen, finns det nu över hela världen."
SEED.POTATO_SEED,,Potatis
SEED.POTATO_SEED.TOOLTIP,,"En stärkelserik rotgrönsak som kan överleva {{SEASON.WINTER}} vilket gör det till ett bra val för de flesta bosättningar. Kan planteras i {{SEASON.SPRING}}, {{SEASON.SOMR}} eller {{SEASON.HENT}}"
SEED.PURPLE_HELMET_SPAWN,,Lila hjälm
SEED.PURPLE_HELMET_SPAWN.TOOLTIP,,"Fat Hat, Plump Turban, Puffy Hjälm; Denna mytomspunna svamp går med många namn. Legenden hävdar att många samhällen av dvärgar levde helt på en domesticerad stam av denna svamp."
SEED.ROCIOMYCOTA_MUSHROOM_SPAWN,,Rociomycota
SEED.ROCIOMYCOTA_MUSHROOM_SPAWN.TOOLTIP,,En vit och svart fläckig svamp. Det har varit känt att påverka utseendet hos dem som intar det.
SEED.SUNGLOW_SPAWN,,Sunglow
SEED.SUNGLOW_SPAWN.TOOLTIP,,En ljusgul svamp som lyser med uppkomsten av solljus. Den förlorar denna glöd när den skördas.
SEED.SYRUP_POWDER_SPAWN,,Sirap pulver
SEED.SYRUP_POWDER_SPAWN.TOOLTIP,,"En rund orange/gul svamp med vit undersida. Det sägs ha använts av magiker för länge sedan, men för vilket ändamål vet ingen."
SEED.TOMATO_SEED,,Tomat
SEED.TOMATO_SEED.TOOLTIP,,En växt som växer stora röda bär används ofta som grönsak. Kan endast planteras i {{SEASON.SPRING}}.
SEED.WHEAT_SEED,,Vete
SEED.WHEAT_SEED.TOOLTIP,,"En spannmålskorn som vanligtvis används för produktion av bröd. Den kan överleva {{SEASON.WINTER}} men tar ett tag att växa, så den är antingen planterad i {{SEASON.SPRING}} eller {{SEASON.HÖSTEN}}."
SHRUB.DESCRIPTION,,Buske
SKILL.ARCHERY.FEMALE_NOUN,,
SKILL.ARCHERY.MALE_NOUN,,
SKILL.ARCHERY.TOOLTIP,,
SKILL.AXES.FEMALE_NOUN,,
SKILL.AXES.MALE_NOUN,,
SKILL.AXES.TOOLTIP,,
SKILL.CROSSBOWS.FEMALE_NOUN,,
SKILL.CROSSBOWS.MALE_NOUN,,
SKILL.CROSSBOWS.TOOLTIP,,
SKILL.MACES.FEMALE_NOUN,,
SKILL.MACES.MALE_NOUN,,
SKILL.MACES.TOOLTIP,,
SKILL.SWORDSMANSHIP.FEMALE_NOUN,,
SKILL.SWORDSMANSHIP.MALE_NOUN,,
SKILL.SWORDSMANSHIP.TOOLTIP,,
SKILL.UNARMED_COMBAT.FEMALE_NOUN,,
SKILL.UNARMED_COMBAT.MALE_NOUN,,
SKILL.UNARMED_COMBAT.TOOLTIP,,
SKIN.BOAR_HIDE,,
SKIN.DEER_HIDE,,
SKIN.DWARF_HIDE,,
SKIN.ELEPHANT_HIDE,,
SKIN.HORSE_HIDE,,
STATUS.ALCOHOL_WITHDRAWL,,
STATUS.BLEEDING,,
STATUS.BLINDED,,
STATUS.DEATH,,
STATUS.DRUNK,,
STATUS.DYING_OF_HUNGER,,
STATUS.DYING_OF_THIRST,,
STATUS.EXHAUSTED,,
STATUS.INTERNAL_BLEEDING,,
STATUS.KNOCKED_UNCONSCIOUS,,
STATUS.LOSS_MAIN_HAND,,
STATUS.LOSS_OFF_HAND,,
STATUS.MOVEMENT_IMPAIRED,,
STATUS.ON_FIRE,,
STATUS.POISONED,,
STATUS.TEMPORARILY_BLINDED,,
STATUS.VERY_HUNGRY,,
STATUS.VERY_THIRSTY,,
STOCKPILE.GROUP.FOOD,,
STOCKPILE.GROUP.FOOD.TOOLTIP,,
STOCKPILE.GROUP.FUEL,,
STOCKPILE.GROUP.GRANARY,,
STOCKPILE.GROUP.GRANARY.TOOLTIP,,
STOCKPILE.GROUP.PRODUCTS,,
STOCKPILE.GROUP.RAW_MATERIALS,,
STOCKPILE.GROUP.SEEDS,,
STOCKPILE.GROUP.TOOLS,,
STOCKPILE.GROUP.TOOLS.TOOLTIP,,
STOCKPILE.GROUP.TREASURE,,
STOCKPILE.GROUP.WEAPONS,,
STOCKPILE.GROUP.WEAPONS.TOOLTIP,,
STONE.BASALT.ADJECTIVE,,Basalt-
STONE.BASALT.NOUN,,Basalt
STONE.BASALT.TOOLTIP,,En magmatisk sten som bildas av snabb kylning av lava. Nästan alla vulkaniska stenar i världen är basalt.
STONE.DOLOSTONE.ADJECTIVE,,Dolomit-
STONE.DOLOSTONE.NOUN,,Dolomit
STONE.DOLOSTONE.TOOLTIP,,"En sedimentär bergart som oftast består av mineralet dolomit, så det är också känt som dolomitbergart."
STONE.FRONITE.ADJECTIVE,,Frónite
STONE.FRONITE.NOUN,,Frónite
STONE.FRONITE.TOOLTIP,,En blåaktig sten som oftast finns på en isig ö i norr. Den har en hög järnhalt.
STONE.GRANITE.ADJECTIVE,,Granit-
STONE.GRANITE.NOUN,,Granit
STONE.GRANITE.TOOLTIP,,"En vanlig typ av magmatisk sten. Den har en stor andel kvarts, vilket gör det bra för att lokalisera vissa ädelstenar."
STONE.LIMESTONE.ADJECTIVE,,Kalkstens-
STONE.LIMESTONE.NOUN,,Kalksten
STONE.LIMESTONE.TOOLTIP,,En ljusfärgad sedimentär bergart som ger ett bra byggmaterial. Det används också som ett flöde i produktionen av {{MEAL.STEEL.NOUN}}.
STONE.MARBLE.ADJECTIVE,,Marmor-
STONE.MARBLE.NOUN,,Marmor
STONE.MARBLE.TOOLTIP,,En metamorf sten som används som ett högkvalitativt material för skulptur och murverk på grund av dess briljanta utseende.
STONE.SANDSTONE.ADJECTIVE,,Sandstens-
STONE.SANDSTONE.NOUN,,Sandsten
STONE.SANDSTONE.TOOLTIP,,En sedimentär bergart bestående av sandliknande fragment.
STONE.SHALE.ADJECTIVE,,Lerskiffer-
STONE.SHALE.NOUN,,Lerskiffer
STONE.SHALE.TOOLTIP,,En finkornig sedimentär bergart bestående av trycksatt lera. Det kan lätt brytas i tunna lager.
STONE.SLATE.ADJECTIVE,,Skiffer-
STONE.SLATE.NOUN,,Skiffer
STONE.SLATE.TOOLTIP,,En metamorf sten som vanligen bildas av {{STONE.SHALE.NOUN}}. Det görs ofta till plattor för takläggning eller skrivning.
TOOL.AXE.NOUN,,Yxa
TOOL.AXE.PLURAL,,
TOOL.AXE.TOOLTIP,,Används för att hugga ner träd. Det primära verktyget för en {{PROCUS.WOOKCUTER}}.
TOOL.CHISEL.NOUN,,Mejsel
TOOL.CHISEL.PLURAL,,
TOOL.CHISEL.TOOLTIP,,Används för att skulptera sten till form. Ett av verktygen som används av en {{PROCUS.STONEMASON}}.
TOOL.FISHING.ROD.NOUN,,Fiskespö
TOOL.FISHING.ROD.PLURAL,,
TOOL.FISHING.ROD.TOOLTIP,,Används för att fånga fisk från en vattenkropp. Det primära verktyget för en {{PROFUS.FISHER}}.
TOOL.KITCHEN.KNIFE.NOUN,,Kökskniv
TOOL.KITCHEN.KNIFE.PLURAL,,
TOOL.KITCHEN.KNIFE.TOOLTIP,,"Används för att laga mat, särskilt kött."
TOOL.LARGE.HAMMER.NOUN,,Stor hammare
TOOL.LARGE.HAMMER.PLURAL,,
TOOL.LARGE.HAMMER.TOOLTIP,,Används för att bash stora föremål av sten och metall i form. Det primära verktyget för en {{PROCUS.BLAKSMITH}}.
TOOL.PICKAXE.NOUN,,Hacka
TOOL.PICKAXE.PLURAL,,
TOOL.PICKAXE.TOOLTIP,,Används för att bryta sten i mindre bitar. Det primära verktyget för en {{Profession.miner}}.
TOOL.PLANE.NOUN,,Hyvel
TOOL.PLANE.PLURAL,,
TOOL.PLANE.TOOLTIP,,Används för att raka trämöbler och föremål i form. Det primära verktyget för en {{PROCUS.CARPENTER}}.
TOOL.ROLLING.PIN.NOUN,,Brödkavel
TOOL.ROLLING.PIN.PLURAL,,
TOOL.ROLLING.PIN.TOOLTIP,,Används för att förbereda deg. Ett av de verktyg som används av en {{PROCUS.CHEF}}.
TOOL.SAW.NOUN,,Såg
TOOL.SAW.PLURAL,,
TOOL.SAW.TOOLTIP,,Används för att skära trä i form. Krävs för skärning av virke i {{ROOMS.SAWMILL}}.
TOOL.SMALL.HAMMER.NOUN,,Hammare
TOOL.SMALL.HAMMER.PLURAL,,
TOOL.SMALL.HAMMER.TOOLTIP,,Används för att bash små föremål av sten och metall i form. Ett av verktygen som används av en {{PROCUS.BLACKSMITH}}.
TOOL.TONGS.NOUN,,Täng
TOOL.TONGS.PLURAL,,
TOOL.TONGS.TOOLTIP,,Används för att hålla extremt heta metallföremål. Används vid smältning av metallmalm.
TREASURE.COIN.NOUN,,
TREASURE.COIN.PLURAL,,
TREASURE.COIN.TOOLTIP,,
TREASURE.GEM.NOUN,,
TREASURE.GEM.PLURAL,,
TREASURE.GEM.TOOLTIP,,
TREE.DESCRIPTION,,{{MaterialType.noun}} träd
TUTORIAL.COMPLETED.A,,
TUTORIAL.COMPLETED.B,,
TUTORIAL.COMPLETED.C,,
TUTORIAL.COMPLETED.D,,
TUTORIAL.CRAFTING.A,,
TUTORIAL.CRAFTING.B,,
TUTORIAL.CRAFTING.C,,
TUTORIAL.CRAFTING_SELECTION.A,,
TUTORIAL.CRAFTING_SELECTION.B,,
TUTORIAL.CRAFTING_SELECTION.C,,
TUTORIAL.DISMISS_DIALOG.CONFIRM_TEXT,,
TUTORIAL.DISMISS_DIALOG.DESCRIPTION,,
TUTORIAL.DISMISS_DIALOG.TITLE,,
TUTORIAL.FARMING.A,,
TUTORIAL.FARMING.B,,
TUTORIAL.FARMING_2.A,,
TUTORIAL.FARMING_2.A.STEAMDECK,,
TUTORIAL.FARMING_2.B,,
TUTORIAL.FEASTING_HALL.A,,
TUTORIAL.FEASTING_HALL.B,,
TUTORIAL.FEASTING_HALL.C,,
TUTORIAL.FOOD_COMPLETE.A,,
TUTORIAL.FOOD_COMPLETE.B,,
TUTORIAL.KITCHEN.A,,
TUTORIAL.KITCHEN.B,,
TUTORIAL.KITCHEN.C,,
TUTORIAL.MAIN_VIEW.A,,
TUTORIAL.MAIN_VIEW.B,,
TUTORIAL.MAIN_VIEW.C,,
TUTORIAL.MAIN_VIEW.C.STEAMDECK,,
TUTORIAL.MANAGEMENT_BUTTONS.DESCRIPTION,,
TUTORIAL.MANAGEMENT_BUTTONS.RESOURCE_MANAGEMENT,,
TUTORIAL.MANAGEMENT_BUTTONS.SETTLER_MANAGEMENT,,
TUTORIAL.MINIMAP.DESCRIPTION,,
TUTORIAL.MINIMAP.PROGRESS,,
TUTORIAL.MINIMAP.PROGRESS.STEAMDECK,,
TUTORIAL.NEEDS.A,,
TUTORIAL.NEEDS.B,,
TUTORIAL.NEEDS.C,,
TUTORIAL.PROFESSIONS.A,,
TUTORIAL.PROFESSIONS.B,,
TUTORIAL.PROFESSIONS.C,,
TUTORIAL.PROGRESS_DESCRIPTION.FARM_PLOT_SELECTIONS,,{{ROOMS.FARM.PLURAL}} med en gröda tilldelad
TUTORIAL.PROGRESS_DESCRIPTION.PROFESSIONS_ASSIGNED,,{{professionPlural}} tilldelad
TUTORIAL.PROGRESS_DESCRIPTION.TEXT,,{{currentQuantity}} av {{requiredQuantity}} {{targetDescription}}
TUTORIAL.PROGRESS_DESCRIPTION.TILES,,{{roomName}} plattor
TUTORIAL.RESOURCES.A,,
TUTORIAL.RESOURCES.B,,
TUTORIAL.RESOURCES.C,,
TUTORIAL.RESOURCE_COLLECTION.A,,
TUTORIAL.RESOURCE_COLLECTION.B,,
TUTORIAL.SAVING.A,,
TUTORIAL.SAVING.A.STEAMDECK,,
TUTORIAL.SAVING.B,,
TUTORIAL.SAVING.B.STEAMDECK,,
TUTORIAL.SAVING.C,,
TUTORIAL.SHOW_LABEL,,
TUTORIAL.START.CAMERA_CONTROLS_1,,
TUTORIAL.START.CAMERA_CONTROLS_1.STEAMDECK,,
TUTORIAL.START.CAMERA_CONTROLS_2,,
TUTORIAL.START.CAMERA_CONTROLS_2.STEAMDECK,,
TUTORIAL.START.INTRO_1,,
TUTORIAL.START.INTRO_2,,
TUTORIAL.STOCKPILES.A,,
TUTORIAL.STOCKPILES.B,,
TUTORIAL.TIME_AND_DATE.DESCRIPTION,,
TUTORIAL.TIME_AND_DATE.FAST_SPEED_STEP,,
TUTORIAL.TIME_AND_DATE.FAST_SPEED_STEP.STEAMDECK,,
TUTORIAL.TIME_AND_DATE.NORMAL_SPEED_STEP,,
TUTORIAL.TIME_AND_DATE.NORMAL_SPEED_STEP.STEAMDECK,,
TUTORIAL.TIME_AND_DATE.PAUSE_STEP,,
TUTORIAL.TIME_AND_DATE.PAUSE_STEP.STEAMDECK,,
TUTORIAL.VIEW_MODES.DEFAULT_STEP,,
TUTORIAL.VIEW_MODES.DEFAULT_STEP.STEAMDECK,,
TUTORIAL.VIEW_MODES.DESCRIPTION,,
TUTORIAL.VIEW_MODES.OTHER_STEP,,
TUTORIAL.VIEW_MODES.OTHER_STEP.STEAMDECK,,
TUTORIAL.WORKSHOPS.A,,
TUTORIAL.WORKSHOPS.B,,
TUTORIAL.WORKSHOPS.C,,
TUTORIAL.WORKSHOPS.C.STEAMDECK,,
TUTORIAL.WORKSHOPS.D,,
VEGETABLE.BARLEY,,Korn
VEGETABLE.BARLEY.PLURAL,,Korn
VEGETABLE.BARLEY.TOOLTIP,,"Ett korn som endast används vid produktion av öl. Kan planteras i {{SEASON.SPRING}}, {{SEASON.SOMR}} eller {{SEASON.HENT}}"
VEGETABLE.BERSERKER_MUSHROOM,,Berserker svamp
VEGETABLE.BERSERKER_MUSHROOM.PLURAL,,Berserker svamp
VEGETABLE.BERSERKER_MUSHROOM.TOOLTIP,,En svamp med en rosa-röd mössa med vita fläckar. Det har hallucinogena egenskaper som krigare ibland använder för att förbereda sig för strid.
VEGETABLE.CARROT,,Morot
VEGETABLE.CARROT.PLURAL,,Morötter
VEGETABLE.CARROT.TOOLTIP,,"En härdig rotgrönsak som överlever {{SEASON.WINTER} -frosten. Morötter växer snabbt men producerar bara en liten gröda. Kan planteras i {{SEASON.SPRING}}, {{SEASON.SOMR}} eller {{SEASON.HENT}}"
VEGETABLE.CORN,,Sockermajs
VEGETABLE.CORN.PLURAL,,Sockermajs
VEGETABLE.CORN.TOOLTIP,,"En spannmålskorn även känd som majs. Den producerar en riklig gröda men tar cirka 2 säsonger att växa och kan inte överleva {{SEASON.WINTER}}, så den kräver plantering i början av {{SEASON.SPRING}}."
VEGETABLE.DEATH_CAP_MUSHROOM,,Död mössa svamp
VEGETABLE.DEATH_CAP_MUSHROOM.PLURAL,,Död mössa svamp
VEGETABLE.DEATH_CAP_MUSHROOM.TOOLTIP,,"En mycket giftig svamp med en bred, platt keps. Att äta även en liten mängd kommer nästan säkert att orsaka förgiftning som kan leda till döden."
VEGETABLE.DRAGONFRUIT,,Drakfrukt
VEGETABLE.DRAGONFRUIT.PLURAL,,Drakfrukter
VEGETABLE.ELFSBANE_MUSHROOM,,Elfsbane svamp
VEGETABLE.ELFSBANE_MUSHROOM.PLURAL,,Elfsbane svamp
VEGETABLE.ELFSBANE_MUSHROOM.TOOLTIP,,"Denna svamp har en enkel, smaklös smak för de flesta humanoider. Konstigt nog smakar det helt äckligt för älvor, som ofta reagerar med explosiv kräkningar vid konsumtion eller i extrema fall hjärtinfarkt."
VEGETABLE.FIST_MUSHROOM,,Knäve svamp
VEGETABLE.FIST_MUSHROOM.PLURAL,,Knäve svamp
VEGETABLE.FIST_MUSHROOM.TOOLTIP,,En svartblå svamp med metallisk smak. Det är uppkallat efter en grupp bards från mörkrets ålder.
VEGETABLE.FOR_BEER.USAGE,,
VEGETABLE.FUNGOLEM_MUSHROOM,,
VEGETABLE.FUNGOLEM_MUSHROOM.PLURAL,,
VEGETABLE.FUNGOLEM_MUSHROOM.TOOLTIP,,
VEGETABLE.GLOW_MUSHROOM,,Glödsvamp
VEGETABLE.GLOW_MUSHROOM.PLURAL,,Glödsvamp
VEGETABLE.GLOW_MUSHROOM.TOOLTIP,,En magisk svamp som avger ljus och ändrar färg med årstiderna.
VEGETABLE.HEMP,,
VEGETABLE.HEMP.PLURAL,,
VEGETABLE.HEMP.TOOLTIP,,
VEGETABLE.HEMP.USAGE,,
VEGETABLE.HEMP_FIBRE,,
VEGETABLE.HEMP_FIBRE.PLURAL,,
VEGETABLE.HOPS,,Humle
VEGETABLE.HOPS.PLURAL,,Humle
VEGETABLE.HOPS.TOOLTIP,,En blomma som används för smaksättning av öl. Måste planteras i {{SEASON.SPRING}}.
VEGETABLE.INGREDIENT.USAGE,,
VEGETABLE.LOQUAT,,Loquat
VEGETABLE.LOQUAT.PLURAL,,Loquats
VEGETABLE.MILTONIA_MUSHROOM,,Miltonia svamp
VEGETABLE.MILTONIA_MUSHROOM.PLURAL,,Miltonia svamp
VEGETABLE.MILTONIA_MUSHROOM.TOOLTIP,,"En gång tänkt att existera endast i Hudds-regionen, finns det nu över hela världen."
VEGETABLE.POTATO,,Potatis
VEGETABLE.POTATO.PLURAL,,Potatis
VEGETABLE.POTATO.TOOLTIP,,"En stärkelserik rotgrönsak som kan överleva {{SEASON.WINTER}} vilket gör det till ett bra val för de flesta bosättningar. Kan planteras i {{SEASON.SPRING}}, {{SEASON.SOMR}} eller {{SEASON.HENT}}"
VEGETABLE.PURPLE_HELMET_MUSHROOM,,Lila hjälm svamp
VEGETABLE.PURPLE_HELMET_MUSHROOM.PLURAL,,Lila hjälm svamp
VEGETABLE.PURPLE_HELMET_MUSHROOM.TOOLTIP,,"Fat Hat, Plump Turban, Puffy Hjälm; Denna mytomspunna svamp går med många namn. Legenden hävdar att många samhällen av dvärgar levde helt på en domesticerad stam av denna svamp."
VEGETABLE.ROCIOMYCOTA_MUSHROOM,,Rociomycota svamp
VEGETABLE.ROCIOMYCOTA_MUSHROOM.PLURAL,,Rociomycota svamp
VEGETABLE.ROCIOMYCOTA_MUSHROOM.TOOLTIP,,En vit och svart fläckig svamp. Det har varit känt att påverka utseendet hos dem som intar det.
VEGETABLE.SUNGLOW_MUSHROOM,,Sunglow svamp
VEGETABLE.SUNGLOW_MUSHROOM.PLURAL,,Sunglow svamp
VEGETABLE.SUNGLOW_MUSHROOM.TOOLTIP,,En ljusgul svamp som lyser med uppkomsten av solljus. Den förlorar denna glöd när den skördas.
VEGETABLE.SYRUP_POWDER_MUSHROOM,,Sirap pulver svamp
VEGETABLE.SYRUP_POWDER_MUSHROOM.PLURAL,,Sirap pulver svamp
VEGETABLE.SYRUP_POWDER_MUSHROOM.TOOLTIP,,"En rund orange/gul svamp med vit undersida. Det sägs ha använts av magiker för länge sedan, men för vilket ändamål vet ingen."
VEGETABLE.TAMARILLO,,Tamarillo
VEGETABLE.TAMARILLO.PLURAL,,Tamarillos
VEGETABLE.THIMBLEBERRY,,Thimbleberry
VEGETABLE.THIMBLEBERRY.PLURAL,,Thimblebär
VEGETABLE.TOMATO,,Tomat
VEGETABLE.TOMATO.PLURAL,,Tomater
VEGETABLE.TOMATO.TOOLTIP,,En växt som växer stora röda bär används ofta som grönsak. Kan endast planteras i {{SEASON.SPRING}}.
VEGETABLE.WHEAT,,Vete
VEGETABLE.WHEAT.PLURAL,,Vete
VEGETABLE.WHEAT.TOOLTIP,,"En spannmålskorn som vanligtvis används för produktion av bröd. Den kan överleva {{SEASON.WINTER}} men tar ett tag att växa, så den är antingen planterad i {{SEASON.SPRING}} eller {{SEASON.HÖSTEN}}."
VEGETABLE.WHEAT.USAGE,,
VEHICLE.DESCRIPTION,,
WALL.DESCRIPTION,,{{materialType.adjective}} {{wallType.noun}}
WALL.GEMS.NOUN,,Ädelstenar
WALL.ORE.NOUN,,Malm
WALL.ROUGH_STONE.NOUN,,Stenmur
WALL.STONE_BLOCK.NOUN,,Slät stenmur
WALL.WOODEN.NOUN,,Trävägg
WEAPON.BATTLE.AXE,,
WEAPON.BATTLE.HAMMER,,
WEAPON.BONE.ARROW.HEADS.NOUN,,
WEAPON.BONE.ARROW.HEADS.PLURAL,,
WEAPON.BONE.ARROWS.NOUN,,
WEAPON.BONE.ARROWS.PLURAL,,
WEAPON.BOW,,
WEAPON.CROSSBOW,,
WEAPON.METAL.ARROW.HEADS.NOUN,,
WEAPON.METAL.ARROW.HEADS.PLURAL,,
WEAPON.METAL.ARROWS.NOUN,,
WEAPON.METAL.ARROWS.PLURAL,,
WEAPON.METAL.BOLTS.NOUN,,
WEAPON.METAL.BOLTS.PLURAL,,
WEAPON.METAL.SHIELD,,
WEAPON.NONE,,
WEAPON.NO_ARMOUR,,
WEAPON.NO_SHIELD,,
WEAPON.SWORD,,
WEAPON.UNARMED,,
WEAPON.WOODEN.SHIELD,,
WEATHER.TYPE.CLOUDY,,
WEATHER.TYPE.COLD_WINDS,,
WEATHER.TYPE.PERFECT,,
WEATHER.TYPE.RAIN,,
WEATHER.TYPE.SNOW,,
WEATHER.TYPE.THUNDERSTORM,,
WOOD.ASPEN.ADJECTIVE,,Aspen
WOOD.ASPEN.NOUN,,Aspen
WOOD.BAOBAB.ADJECTIVE,,Baobab
WOOD.BAOBAB.NOUN,,Baobab
WOOD.BARKSHROOM.ADJECTIVE,,Barkshroom
WOOD.BARKSHROOM.NOUN,,Barkshroom
WOOD.BEECH.ADJECTIVE,,Bok-
WOOD.BEECH.NOUN,,Bok
WOOD.BIRCH.ADJECTIVE,,Björk-
WOOD.BIRCH.NOUN,,Björk
WOOD.EBONY.ADJECTIVE,,Ebenholts
WOOD.EBONY.NOUN,,Ebenholts
WOOD.FIR.ADJECTIVE,,Gran-
WOOD.FIR.NOUN,,Gran
WOOD.FUNGIWOOD.ADJECTIVE,,Svampträ
WOOD.FUNGIWOOD.NOUN,,Svampträ
WOOD.IRONWOOD.ADJECTIVE,,- Järnträ
WOOD.IRONWOOD.NOUN,,- Järnträ
WOOD.MAPLE.ADJECTIVE,,Lönn-
WOOD.MAPLE.NOUN,,Lönn
WOOD.NUYTSIA.ADJECTIVE,,Nuytsia
WOOD.NUYTSIA.NOUN,,Nuytsia
WOOD.OAK.ADJECTIVE,,Ek-
WOOD.OAK.NOUN,,Ek
WOOD.PECAN.ADJECTIVE,,Pekan
WOOD.PECAN.NOUN,,Pekan
WOOD.PINE.ADJECTIVE,,Tall-
WOOD.PINE.NOUN,,Tall
WOOD.RED_CEDAR.ADJECTIVE,,Röd ceder
WOOD.RED_CEDAR.NOUN,,Röd ceder
WOOD.RED_EMPEROR.ADJECTIVE,,Röd kejsare
WOOD.RED_EMPEROR.NOUN,,Röd kejsare
WOOD.ROSEWOOD.ADJECTIVE,,Rosenträ
WOOD.ROSEWOOD.NOUN,,Rosenträ
WOOD.SPRUCE.ADJECTIVE,,Gran
WOOD.SPRUCE.NOUN,,Gran
WOOD.STAR_PINE.ADJECTIVE,,Stjärna tall
WOOD.STAR_PINE.NOUN,,Stjärna tall
WOOD.SYCAMORE.ADJECTIVE,,Sycamore
WOOD.SYCAMORE.NOUN,,Sycamore
